date,home_sigla,home_team,away_sigla,away_team,home_score,away_score
1872-11-30,SCO,Scotland,ENG,England,0,0
1873-03-08,ENG,England,SCO,Scotland,4,2
1874-03-07,SCO,Scotland,ENG,England,2,1
1875-03-06,ENG,England,SCO,Scotland,2,2
1876-03-04,SCO,Scotland,ENG,England,3,0
1877-03-03,ENG,England,SCO,Scotland,1,3
1878-03-02,SCO,Scotland,ENG,England,7,2
1879-04-05,ENG,England,SCO,Scotland,5,4
1880-03-13,SCO,Scotland,ENG,England,5,4
1881-03-12,ENG,England,SCO,Scotland,1,6
1882-03-11,SCO,Scotland,ENG,England,5,1
1883-03-10,ENG,England,SCO,Scotland,2,3
1884-03-15,SCO,Scotland,ENG,England,1,0
1885-03-21,ENG,England,SCO,Scotland,1,1
1885-11-28,USA,United States,CAN,Canada,0,1
1886-03-27,SCO,Scotland,ENG,England,1,1
1886-11-25,USA,United States,CAN,Canada,3,2
1887-03-19,ENG,England,SCO,Scotland,2,3
1888-03-17,SCO,Scotland,ENG,England,0,5
1888-09-19,SCO,Scotland,CAN,Canada,4,0
1889-04-13,ENG,England,SCO,Scotland,2,3
1890-04-05,SCO,Scotland,ENG,England,1,1
1891-04-04,ENG,England,SCO,Scotland,2,1
1892-04-02,SCO,Scotland,ENG,England,1,4
1893-04-01,ENG,England,SCO,Scotland,5,2
1894-04-07,SCO,Scotland,ENG,England,2,2
1895-04-06,ENG,England,SCO,Scotland,3,0
1896-04-04,SCO,Scotland,ENG,England,2,1
1897-04-03,ENG,England,SCO,Scotland,1,2
1898-04-02,SCO,Scotland,ENG,England,1,3
1899-04-08,ENG,England,SCO,Scotland,2,1
1900-04-07,SCO,Scotland,ENG,England,4,1
1901-03-30,ENG,England,SCO,Scotland,2,2
1902-05-03,ENG,England,SCO,Scotland,2,2
1902-07-20,URU,Uruguay,ARG,Argentina,0,6
1903-04-04,ENG,England,SCO,Scotland,1,2
1903-09-13,ARG,Argentina,URU,Uruguay,2,3
1904-04-09,SCO,Scotland,ENG,England,0,1
1904-05-01,BEL,Belgium,FRA,France,3,3
1905-02-12,FRA,France,SUI,Switzerland,1,0
1905-04-01,ENG,England,SCO,Scotland,1,0
1905-04-30,BEL,Belgium,NED,Netherlands,1,4
1905-05-07,BEL,Belgium,FRA,France,7,0
1905-05-14,NED,Netherlands,BEL,Belgium,4,0
1905-08-15,ARG,Argentina,URU,Uruguay,0,0
1906-04-07,SCO,Scotland,ENG,England,2,1
1906-04-22,FRA,France,BEL,Belgium,0,5
1906-04-29,BEL,Belgium,NED,Netherlands,5,0
1906-05-13,NED,Netherlands,BEL,Belgium,2,3
1906-07-09,ARG,Argentina,RSA,South Africa,0,1
1906-08-15,URU,Uruguay,ARG,Argentina,0,2
1906-10-21,ARG,Argentina,URU,Uruguay,2,1
1907-04-06,ENG,England,SCO,Scotland,1,1
1907-04-14,BEL,Belgium,NED,Netherlands,1,3
1907-04-21,BEL,Belgium,FRA,France,1,2
1907-05-09,NED,Netherlands,BEL,Belgium,1,2
1908-03-08,SUI,Switzerland,FRA,France,1,2
1908-03-29,BEL,Belgium,NED,Netherlands,1,4
1908-04-04,SCO,Scotland,ENG,England,1,1
1908-04-05,SUI,Switzerland,GER,Germany,5,3
1908-04-12,FRA,France,BEL,Belgium,1,2
1908-04-26,NED,Netherlands,BEL,Belgium,3,1
1908-05-10,NED,Netherlands,FRA,France,4,1
1908-06-06,AUT,Austria,ENG,England,1,6
1908-06-07,AUT,Austria,GER,Germany,3,2
1908-06-08,AUT,Austria,ENG,England,1,11
1908-07-12,SWE,Sweden,NOR,Norway,11,3
1908-08-15,URU,Uruguay,ARG,Argentina,2,2
1908-09-13,ARG,Argentina,URU,Uruguay,2,1
1908-10-04,ARG,Argentina,URU,Uruguay,0,1
1908-10-23,NED,Netherlands,SWE,Sweden,2,0
1908-10-25,NED,Netherlands,SWE,Sweden,5,3
1908-10-26,BEL,Belgium,SWE,Sweden,2,1
1909-03-21,BEL,Belgium,NED,Netherlands,1,4
1909-04-03,ENG,England,SCO,Scotland,2,0
1909-04-04,GER,Germany,SUI,Switzerland,1,0
1909-04-25,NED,Netherlands,BEL,Belgium,4,1
1909-05-09,BEL,Belgium,FRA,France,5,2
1909-06-01,AUT,Austria,ENG,England,1,8
1909-08-15,ARG,Argentina,URU,Uruguay,2,1
1909-09-19,URU,Uruguay,ARG,Argentina,2,2
1909-10-10,ARG,Argentina,URU,Uruguay,3,1
1910-03-13,BEL,Belgium,NED,Netherlands,3,2
1910-04-02,SCO,Scotland,ENG,England,2,0
1910-04-03,FRA,France,BEL,Belgium,0,4
1910-04-03,SUI,Switzerland,GER,Germany,2,3
1910-04-10,NED,Netherlands,BEL,Belgium,7,0
1910-04-24,NED,Netherlands,GER,Germany,4,2
1910-05-16,GER,Germany,BEL,Belgium,0,3
1910-06-12,ARG,Argentina,URU,Uruguay,4,1
1910-08-15,URU,Uruguay,ARG,Argentina,3,1
1910-09-11,NOR,Norway,SWE,Sweden,0,4
1910-10-16,GER,Germany,NED,Netherlands,1,2
1910-11-13,ARG,Argentina,URU,Uruguay,1,1
1910-11-27,ARG,Argentina,URU,Uruguay,2,6
1911-03-19,BEL,Belgium,NED,Netherlands,1,5
1911-03-26,GER,Germany,SUI,Switzerland,6,2
1911-04-01,ENG,England,SCO,Scotland,1,1
1911-04-02,NED,Netherlands,BEL,Belgium,3,1
1911-04-23,BEL,Belgium,GER,Germany,2,1
1911-04-23,SUI,Switzerland,FRA,France,5,2
1911-04-30,BEL,Belgium,FRA,France,7,1
1911-06-18,SWE,Sweden,GER,Germany,2,4
1911-08-15,ARG,Argentina,URU,Uruguay,0,2
1911-09-17,SWE,Sweden,NOR,Norway,4,1
1911-09-17,URU,Uruguay,ARG,Argentina,2,3
1911-10-08,URU,Uruguay,ARG,Argentina,1,1
1911-10-09,GER,Germany,AUT,Austria,1,2
1911-10-22,ARG,Argentina,URU,Uruguay,2,0
1911-10-29,GER,Germany,SWE,Sweden,1,3
1911-10-29,URU,Uruguay,ARG,Argentina,3,0
1912-01-28,FRA,France,BEL,Belgium,1,1
1912-02-18,FRA,France,SUI,Switzerland,4,1
1912-02-20,BEL,Belgium,SUI,Switzerland,9,2
1912-03-10,BEL,Belgium,NED,Netherlands,1,2
1912-03-23,SCO,Scotland,ENG,England,1,1
1912-03-24,NED,Netherlands,GER,Germany,5,5
1912-04-28,NED,Netherlands,BEL,Belgium,4,3
1912-05-05,SUI,Switzerland,GER,Germany,1,2
1912-06-16,NOR,Norway,SWE,Sweden,1,2
1912-06-29,AUT,Austria,GER,Germany,5,1
1912-06-29,SWE,Sweden,NED,Netherlands,3,4
1912-06-30,NED,Netherlands,AUT,Austria,3,1
1912-07-01,AUT,Austria,NOR,Norway,1,0
1912-08-15,URU,Uruguay,ARG,Argentina,2,0
1912-08-25,URU,Uruguay,ARG,Argentina,3,0
1912-09-22,ARG,Argentina,URU,Uruguay,0,1
1912-10-06,ARG,Argentina,URU,Uruguay,3,3
1912-11-03,SWE,Sweden,NOR,Norway,4,2
1912-11-17,GER,Germany,NED,Netherlands,2,3
1912-12-01,URU,Uruguay,ARG,Argentina,1,3
1913-02-16,BEL,Belgium,FRA,France,3,0
1913-03-09,BEL,Belgium,NED,Netherlands,3,3
1913-03-09,SUI,Switzerland,FRA,France,1,4
1913-04-05,ENG,England,SCO,Scotland,1,0
1913-04-20,NED,Netherlands,BEL,Belgium,2,4
1913-05-04,SUI,Switzerland,BEL,Belgium,1,2
1913-05-18,GER,Germany,SUI,Switzerland,1,2
1913-06-08,SWE,Sweden,NOR,Norway,9,0
1913-06-15,ARG,Argentina,URU,Uruguay,1,1
1913-07-09,ARG,Argentina,URU,Uruguay,2,1
1913-08-15,ARG,Argentina,URU,Uruguay,4,0
1913-08-31,ARG,Argentina,URU,Uruguay,2,0
1913-10-05,URU,Uruguay,ARG,Argentina,1,0
1913-10-26,NOR,Norway,SWE,Sweden,1,1
1913-10-26,URU,Uruguay,ARG,Argentina,1,0
1913-11-02,BEL,Belgium,SUI,Switzerland,2,0
1913-11-23,BEL,Belgium,GER,Germany,6,2
1914-01-25,FRA,France,BEL,Belgium,4,3
1914-03-08,FRA,France,SUI,Switzerland,2,2
1914-03-15,BEL,Belgium,NED,Netherlands,2,4
1914-04-04,SCO,Scotland,ENG,England,3,1
1914-04-05,NED,Netherlands,GER,Germany,4,4
1914-04-26,NED,Netherlands,BEL,Belgium,4,2
1914-06-28,NOR,Norway,SWE,Sweden,0,1
1914-08-30,URU,Uruguay,ARG,Argentina,3,2
1914-09-13,ARG,Argentina,URU,Uruguay,2,1
1914-09-20,ARG,Argentina,BRA,Brazil,3,0
1914-09-27,ARG,Argentina,BRA,Brazil,0,1
1914-10-25,SWE,Sweden,NOR,Norway,7,0
1915-06-27,NOR,Norway,SWE,Sweden,1,1
1915-07-18,URU,Uruguay,ARG,Argentina,2,3
1915-08-15,ARG,Argentina,URU,Uruguay,2,1
1915-09-12,URU,Uruguay,ARG,Argentina,2,0
1915-10-24,SWE,Sweden,NOR,Norway,5,2
1916-07-02,SWE,Sweden,NOR,Norway,6,0
1916-07-10,ARG,Argentina,BRA,Brazil,1,1
1916-07-12,BRA,Brazil,URU,Uruguay,1,2
1916-07-17,ARG,Argentina,URU,Uruguay,0,0
1916-07-18,URU,Uruguay,BRA,Brazil,0,1
1916-08-15,ARG,Argentina,URU,Uruguay,3,1
1916-08-15,URU,Uruguay,ARG,Argentina,1,2
1916-08-20,SWE,Sweden,USA,United States,2,3
1916-09-03,NOR,Norway,USA,United States,1,1
1916-10-01,ARG,Argentina,URU,Uruguay,7,2
1916-10-01,NOR,Norway,SWE,Sweden,0,0
1916-10-01,URU,Uruguay,ARG,Argentina,0,1
1916-10-29,URU,Uruguay,ARG,Argentina,3,1
1917-07-18,URU,Uruguay,ARG,Argentina,0,2
1917-08-15,ARG,Argentina,URU,Uruguay,1,0
1917-08-19,SWE,Sweden,NOR,Norway,3,3
1917-09-02,URU,Uruguay,ARG,Argentina,1,0
1917-09-16,NOR,Norway,SWE,Sweden,0,2
1917-10-03,ARG,Argentina,BRA,Brazil,4,2
1917-10-07,URU,Uruguay,BRA,Brazil,4,0
1917-10-14,URU,Uruguay,ARG,Argentina,1,0
1917-10-16,URU,Uruguay,BRA,Brazil,3,1
1917-12-23,SUI,Switzerland,AUT,Austria,0,1
1917-12-26,SUI,Switzerland,AUT,Austria,3,2
1918-05-09,AUT,Austria,SUI,Switzerland,5,1
1918-05-26,SWE,Sweden,NOR,Norway,2,0
1918-07-18,URU,Uruguay,ARG,Argentina,1,1
1918-07-28,URU,Uruguay,ARG,Argentina,3,1
1918-08-15,ARG,Argentina,URU,Uruguay,0,0
1918-08-25,ARG,Argentina,URU,Uruguay,2,1
1918-09-15,NOR,Norway,SWE,Sweden,2,1
1918-09-20,URU,Uruguay,ARG,Argentina,1,1
1918-09-29,ARG,Argentina,URU,Uruguay,2,0
1919-03-09,BEL,Belgium,FRA,France,2,2
1919-05-11,PAR,Paraguay,ARG,Argentina,1,5
1919-05-13,ARG,Argentina,URU,Uruguay,2,3
1919-05-15,PAR,Paraguay,ARG,Argentina,0,3
1919-05-18,BRA,Brazil,ARG,Argentina,3,1
1919-05-21,PAR,Paraguay,ARG,Argentina,1,2
1919-05-24,PAR,Paraguay,ARG,Argentina,1,2
1919-05-26,BRA,Brazil,URU,Uruguay,2,2
1919-05-29,BRA,Brazil,URU,Uruguay,1,0
1919-06-01,BRA,Brazil,ARG,Argentina,3,3
1919-06-09,NED,Netherlands,SWE,Sweden,3,1
1919-06-25,USA,United States,CAN,Canada,5,4
1919-06-26,BEL,Belgium,CAN,Canada,5,2
1919-06-28,BEL,Belgium,USA,United States,7,0
1919-06-29,NOR,Norway,SWE,Sweden,4,3
1919-07-18,URU,Uruguay,ARG,Argentina,4,1
1919-08-24,SWE,Sweden,NED,Netherlands,4,1
1919-08-24,URU,Uruguay,ARG,Argentina,2,1
1919-08-31,NOR,Norway,NED,Netherlands,1,1
1919-09-07,ARG,Argentina,URU,Uruguay,1,2
1919-09-14,SWE,Sweden,NOR,Norway,1,5
1919-10-19,ARG,Argentina,URU,Uruguay,6,1
1919-12-07,URU,Uruguay,ARG,Argentina,4,2
1920-02-29,SUI,Switzerland,FRA,France,0,2
1920-03-28,FRA,France,BEL,Belgium,2,1
1920-04-10,ENG,England,SCO,Scotland,5,4
1920-05-16,SUI,Switzerland,NED,Netherlands,2,1
1920-06-06,SWE,Sweden,SUI,Switzerland,0,1
1920-06-27,NOR,Norway,SWE,Sweden,0,3
1920-06-27,SUI,Switzerland,GER,Germany,4,1
1920-07-18,URU,Uruguay,ARG,Argentina,2,0
1920-07-25,ARG,Argentina,URU,Uruguay,1,3
1920-08-08,ARG,Argentina,URU,Uruguay,1,0
1920-08-29,NED,Netherlands,SWE,Sweden,5,4
1920-08-29,BEL,Belgium,ESP,Spain,3,1
1920-08-31,BEL,Belgium,NED,Netherlands,3,0
1920-09-01,ESP,Spain,SWE,Sweden,2,1
1920-09-05,ESP,Spain,NED,Netherlands,3,1
1920-09-12,URU,Uruguay,ARG,Argentina,1,1
1920-09-18,BRA,Brazil,URU,Uruguay,0,6
1920-09-25,ARG,Argentina,BRA,Brazil,2,0
1920-09-26,AUT,Austria,GER,Germany,3,2
1920-09-26,SWE,Sweden,NOR,Norway,0,0
1921-03-06,BEL,Belgium,FRA,France,3,1
1921-03-26,AUT,Austria,SWE,Sweden,2,2
1921-04-07,PAR,Paraguay,ARG,Argentina,3,1
1921-04-09,SCO,Scotland,ENG,England,3,0
1921-04-14,PAR,Paraguay,ARG,Argentina,2,2
1921-05-01,SUI,Switzerland,AUT,Austria,2,2
1921-05-05,GER,Germany,AUT,Austria,3,3
1921-05-15,BEL,Belgium,NED,Netherlands,1,1
1921-05-21,BEL,Belgium,ENG,England,0,2
1921-06-19,NOR,Norway,SWE,Sweden,3,1
1921-07-09,CAN,Canada,SCO,Scotland,0,1
1921-07-24,SWE,Sweden,AUT,Austria,1,3
1921-09-18,SWE,Sweden,NOR,Norway,0,3
1921-10-02,ARG,Argentina,BRA,Brazil,1,0
1921-10-09,PAR,Paraguay,URU,Uruguay,2,1
1921-10-12,BRA,Brazil,PAR,Paraguay,3,0
1921-10-16,ARG,Argentina,PAR,Paraguay,3,0
1921-10-23,BRA,Brazil,URU,Uruguay,1,2
1921-10-30,ARG,Argentina,URU,Uruguay,1,0
1921-11-02,URU,Uruguay,PAR,Paraguay,4,2
1921-11-13,FRA,France,NED,Netherlands,0,5
1921-12-18,ESP,Spain,POR,Portugal,3,1
1922-01-15,FRA,France,BEL,Belgium,2,1
1922-03-26,BEL,Belgium,NED,Netherlands,4,0
1922-03-26,GER,Germany,SUI,Switzerland,2,2
1922-04-08,ENG,England,SCO,Scotland,0,1
1922-04-23,AUT,Austria,GER,Germany,0,2
1922-04-30,FRA,France,ESP,Spain,0,4
1922-05-07,NED,Netherlands,BEL,Belgium,1,2
1922-06-11,AUT,Austria,SUI,Switzerland,7,1
1922-06-11,NOR,Norway,FRA,France,7,0
1922-06-17,NZL,New Zealand,AUS,Australia,3,1
1922-06-24,NZL,New Zealand,AUS,Australia,1,1
1922-07-08,NZL,New Zealand,AUS,Australia,3,1
1922-08-23,SWE,Sweden,NOR,Norway,0,0
1922-09-24,BRA,Brazil,PAR,Paraguay,1,1
1922-09-24,NOR,Norway,SWE,Sweden,0,5
1922-10-01,BRA,Brazil,URU,Uruguay,0,0
1922-10-08,ARG,Argentina,URU,Uruguay,0,1
1922-10-12,PAR,Paraguay,URU,Uruguay,1,0
1922-10-15,BRA,Brazil,ARG,Argentina,2,0
1922-10-18,ARG,Argentina,PAR,Paraguay,2,0
1922-10-22,BRA,Brazil,ARG,Argentina,2,1
1922-10-29,BRA,Brazil,PAR,Paraguay,3,1
1922-11-06,BRA,Brazil,PAR,Paraguay,3,0
1922-11-12,URU,Uruguay,ARG,Argentina,1,0
1922-11-19,SUI,Switzerland,NED,Netherlands,5,0
1922-12-10,URU,Uruguay,ARG,Argentina,1,0
1922-12-17,ARG,Argentina,URU,Uruguay,2,2
1922-12-17,POR,Portugal,ESP,Spain,1,2
1923-01-21,SUI,Switzerland,AUT,Austria,2,0
1923-01-28,ESP,Spain,FRA,France,3,0
1923-02-04,BEL,Belgium,ESP,Spain,1,0
1923-02-25,BEL,Belgium,FRA,France,4,1
1923-03-19,ENG,England,BEL,Belgium,6,1
1923-04-02,NED,Netherlands,FRA,France,8,1
1923-04-14,SCO,Scotland,ENG,England,2,2
1923-04-22,FRA,France,SUI,Switzerland,2,2
1923-04-29,NED,Netherlands,BEL,Belgium,1,1
1923-05-10,FRA,France,ENG,England,1,4
1923-05-10,GER,Germany,NED,Netherlands,0,0
1923-05-20,ARG,Argentina,PAR,Paraguay,0,2
1923-05-21,SWE,Sweden,ENG,England,2,4
1923-05-24,SWE,Sweden,ENG,England,1,3
1923-05-25,ARG,Argentina,PAR,Paraguay,1,0
1923-06-03,SUI,Switzerland,GER,Germany,1,2
1923-06-09,AUS,Australia,NZL,New Zealand,2,1
1923-06-10,SWE,Sweden,AUT,Austria,4,2
1923-06-16,AUS,Australia,NZL,New Zealand,2,3
1923-06-21,NOR,Norway,SUI,Switzerland,2,2
1923-06-24,ARG,Argentina,URU,Uruguay,0,0
1923-06-29,SWE,Sweden,GER,Germany,2,1
1923-06-30,AUS,Australia,NZL,New Zealand,1,4
1923-07-15,ARG,Argentina,URU,Uruguay,2,2
1923-07-22,URU,Uruguay,ARG,Argentina,2,2
1923-09-16,NOR,Norway,SWE,Sweden,2,3
1923-09-30,URU,Uruguay,ARG,Argentina,0,2
1923-10-28,FRA,France,NOR,Norway,0,2
1923-10-29,ARG,Argentina,PAR,Paraguay,4,3
1923-11-01,BEL,Belgium,ENG,England,2,2
1923-11-04,GER,Germany,NOR,Norway,1,0
1923-11-04,URU,Uruguay,PAR,Paraguay,2,0
1923-11-11,BRA,Brazil,PAR,Paraguay,0,1
1923-11-18,ARG,Argentina,BRA,Brazil,2,1
1923-11-22,BRA,Brazil,PAR,Paraguay,2,0
1923-11-25,NED,Netherlands,SUI,Switzerland,4,1
1923-11-25,URU,Uruguay,BRA,Brazil,2,1
1923-12-02,ARG,Argentina,BRA,Brazil,0,2
1923-12-02,URU,Uruguay,ARG,Argentina,2,0
1923-12-09,ARG,Argentina,BRA,Brazil,2,0
1923-12-16,ESP,Spain,POR,Portugal,3,0
1924-01-13,FRA,France,BEL,Belgium,2,0
1924-01-13,GER,Germany,AUT,Austria,4,3
1924-03-23,NED,Netherlands,BEL,Belgium,1,1
1924-03-23,SUI,Switzerland,FRA,France,3,0
1924-04-12,ENG,England,SCO,Scotland,1,1
1924-04-21,NED,Netherlands,GER,Germany,0,1
1924-04-27,BEL,Belgium,NED,Netherlands,1,1
1924-05-15,PAR,Paraguay,ARG,Argentina,1,3
1924-05-17,FRA,France,ENG,England,1,3
1924-05-18,PAR,Paraguay,ARG,Argentina,2,1
1924-05-25,ARG,Argentina,URU,Uruguay,4,0
1924-05-25,URU,Uruguay,ARG,Argentina,2,0
1924-05-29,SWE,Sweden,BEL,Belgium,8,1
1924-05-29,URU,Uruguay,USA,United States,3,0
1924-06-01,FRA,France,URU,Uruguay,1,5
1924-06-01,SWE,Sweden,EGY,Egypt,5,0
1924-06-05,SUI,Switzerland,SWE,Sweden,2,1
1924-06-06,URU,Uruguay,NED,Netherlands,2,1
1924-06-07,AUS,Australia,CAN,Canada,3,2
1924-06-08,SWE,Sweden,NED,Netherlands,1,1
1924-06-09,SWE,Sweden,NED,Netherlands,3,1
1924-06-09,URU,Uruguay,SUI,Switzerland,3,0
1924-06-14,AUS,Australia,CAN,Canada,0,1
1924-06-15,NOR,Norway,GER,Germany,0,2
1924-06-22,AUT,Austria,EGY,Egypt,3,1
1924-06-23,AUS,Australia,CAN,Canada,4,1
1924-06-28,AUS,Australia,CAN,Canada,0,0
1924-06-29,SWE,Sweden,EGY,Egypt,5,0
1924-07-12,AUS,Australia,CAN,Canada,1,4
1924-07-26,AUS,Australia,CAN,Canada,1,0
1924-08-31,GER,Germany,SWE,Sweden,1,4
1924-09-21,SWE,Sweden,NOR,Norway,6,1
1924-09-21,URU,Uruguay,ARG,Argentina,1,1
1924-10-02,ARG,Argentina,URU,Uruguay,2,1
1924-10-12,ARG,Argentina,PAR,Paraguay,0,0
1924-10-26,URU,Uruguay,PAR,Paraguay,3,1
1924-11-02,NED,Netherlands,RSA,South Africa,2,1
1924-11-02,URU,Uruguay,ARG,Argentina,0,0
1924-11-09,AUT,Austria,SWE,Sweden,1,1
1924-11-11,BEL,Belgium,FRA,France,3,0
1924-12-08,ENG,England,BEL,Belgium,4,0
1924-12-14,GER,Germany,SUI,Switzerland,1,1
1924-12-21,ESP,Spain,AUT,Austria,2,1
1925-03-15,BEL,Belgium,NED,Netherlands,0,1
1925-03-22,AUT,Austria,SUI,Switzerland,2,0
1925-03-29,NED,Netherlands,GER,Germany,2,1
1925-04-04,SCO,Scotland,ENG,England,2,0
1925-04-19,FRA,France,AUT,Austria,0,4
1925-04-19,SUI,Switzerland,NED,Netherlands,4,1
1925-05-03,NED,Netherlands,BEL,Belgium,5,0
1925-05-21,FRA,France,ENG,England,2,3
1925-05-24,SUI,Switzerland,BEL,Belgium,0,0
1925-06-01,SUI,Switzerland,ESP,Spain,0,3
1925-06-21,SWE,Sweden,GER,Germany,1,0
1925-06-27,CAN,Canada,USA,United States,1,0
1925-07-05,SWE,Sweden,AUT,Austria,2,4
1925-07-09,ARG,Argentina,PAR,Paraguay,1,1
1925-07-12,ARG,Argentina,PAR,Paraguay,1,1
1925-07-14,URU,Uruguay,PAR,Paraguay,0,1
1925-07-18,URU,Uruguay,PAR,Paraguay,0,1
1925-08-15,PAR,Paraguay,URU,Uruguay,1,0
1925-08-19,PAR,Paraguay,URU,Uruguay,0,1
1925-08-23,NOR,Norway,SWE,Sweden,3,7
1925-08-23,PAR,Paraguay,URU,Uruguay,0,0
1925-09-27,AUT,Austria,ESP,Spain,0,1
1925-10-25,SUI,Switzerland,GER,Germany,0,4
1925-11-08,SUI,Switzerland,AUT,Austria,2,0
1925-11-08,USA,United States,CAN,Canada,6,1
1925-11-29,ARG,Argentina,PAR,Paraguay,2,0
1925-12-06,BRA,Brazil,PAR,Paraguay,5,2
1925-12-13,ARG,Argentina,BRA,Brazil,4,1
1925-12-13,BEL,Belgium,AUT,Austria,3,4
1925-12-17,BRA,Brazil,PAR,Paraguay,3,1
1925-12-20,ARG,Argentina,PAR,Paraguay,3,1
1925-12-25,ARG,Argentina,BRA,Brazil,2,2
1926-01-24,HAI,Haiti,CUW,Curaçao,1,1
1926-01-31,HAI,Haiti,CUW,Curaçao,0,1
1926-02-07,HAI,Haiti,CUW,Curaçao,2,1
1926-02-14,HAI,Haiti,CUW,Curaçao,2,2
1926-03-14,BEL,Belgium,NED,Netherlands,1,1
1926-03-28,NED,Netherlands,SUI,Switzerland,5,0
1926-04-11,FRA,France,BEL,Belgium,4,3
1926-04-17,ENG,England,SCO,Scotland,0,1
1926-04-18,FRA,France,POR,Portugal,4,2
1926-04-18,GER,Germany,NED,Netherlands,4,2
1926-04-25,FRA,France,SUI,Switzerland,1,0
1926-05-02,NED,Netherlands,BEL,Belgium,1,5
1926-05-24,BEL,Belgium,ENG,England,3,5
1926-05-29,ARG,Argentina,PAR,Paraguay,2,1
1926-05-30,AUT,Austria,FRA,France,4,1
1926-06-03,ARG,Argentina,PAR,Paraguay,2,1
1926-06-09,SWE,Sweden,NOR,Norway,3,2
1926-06-20,BEL,Belgium,FRA,France,2,2
1926-06-20,GER,Germany,SWE,Sweden,3,3
1926-10-10,AUT,Austria,SUI,Switzerland,7,1
1926-10-20,ARG,Argentina,PAR,Paraguay,8,0
1926-10-24,ARG,Argentina,URU,Uruguay,0,2
1926-10-31,NED,Netherlands,GER,Germany,2,3
1926-11-01,PAR,Paraguay,URU,Uruguay,1,6
1926-11-06,USA,United States,CAN,Canada,6,2
1926-11-07,AUT,Austria,SWE,Sweden,3,1
1926-12-12,GER,Germany,SUI,Switzerland,2,3
1927-03-13,BEL,Belgium,NED,Netherlands,2,0
1927-03-16,POR,Portugal,FRA,France,4,0
1927-04-02,SCO,Scotland,ENG,England,1,2
1927-04-03,BEL,Belgium,SWE,Sweden,2,1
1927-04-17,ESP,Spain,SUI,Switzerland,1,0
1927-05-01,NED,Netherlands,BEL,Belgium,3,2
1927-05-11,BEL,Belgium,ENG,England,1,9
1927-05-22,AUT,Austria,BEL,Belgium,4,1
1927-05-22,FRA,France,ESP,Spain,1,4
1927-05-26,FRA,France,ENG,England,0,6
1927-05-29,SUI,Switzerland,AUT,Austria,1,4
1927-06-25,NZL,New Zealand,CAN,Canada,2,2
1927-06-26,NOR,Norway,SWE,Sweden,3,5
1927-07-02,NZL,New Zealand,CAN,Canada,1,2
1927-07-09,NZL,New Zealand,CAN,Canada,1,0
1927-07-14,URU,Uruguay,ARG,Argentina,0,1
1927-07-23,NZL,New Zealand,CAN,Canada,1,4
1927-08-30,ARG,Argentina,URU,Uruguay,0,1
1927-09-04,SWE,Sweden,BEL,Belgium,7,0
1927-10-23,GER,Germany,NOR,Norway,6,2
1927-11-06,SUI,Switzerland,SWE,Sweden,2,2
1927-11-13,NED,Netherlands,SWE,Sweden,1,0
1927-11-20,ARG,Argentina,URU,Uruguay,3,2
1927-11-20,GER,Germany,NED,Netherlands,2,2
1928-01-08,BEL,Belgium,AUT,Austria,1,2
1928-01-08,POR,Portugal,ESP,Spain,2,2
1928-03-11,NED,Netherlands,BEL,Belgium,1,1
1928-03-11,SUI,Switzerland,FRA,France,4,3
1928-03-31,ENG,England,SCO,Scotland,1,5
1928-04-01,BEL,Belgium,NED,Netherlands,1,0
1928-04-01,POR,Portugal,ARG,Argentina,0,0
1928-04-15,FRA,France,BEL,Belgium,2,3
1928-04-15,SUI,Switzerland,GER,Germany,2,3
1928-04-29,FRA,France,POR,Portugal,1,1
1928-05-06,SUI,Switzerland,NED,Netherlands,2,1
1928-05-17,FRA,France,ENG,England,1,5
1928-05-19,BEL,Belgium,ENG,England,1,3
1928-05-28,GER,Germany,SUI,Switzerland,4,0
1928-05-28,EGY,Egypt,TUR,Turkey,7,1
1928-05-29,ARG,Argentina,USA,United States,11,2
1928-05-30,ESP,Spain,MEX,Mexico,7,1
1928-05-30,NED,Netherlands,URU,Uruguay,0,2
1928-06-02,ARG,Argentina,BEL,Belgium,6,3
1928-06-03,URU,Uruguay,GER,Germany,4,1
1928-06-04,EGY,Egypt,POR,Portugal,2,1
1928-06-05,NED,Netherlands,BEL,Belgium,3,1
1928-06-06,ARG,Argentina,EGY,Egypt,6,0
1928-06-07,SWE,Sweden,NOR,Norway,6,1
1928-06-10,URU,Uruguay,ARG,Argentina,1,1
1928-06-13,URU,Uruguay,ARG,Argentina,2,1
1928-06-14,NED,Netherlands,EGY,Egypt,1,2
1928-07-29,SWE,Sweden,AUT,Austria,2,3
1928-08-15,PAR,Paraguay,URU,Uruguay,3,1
1928-08-19,PAR,Paraguay,URU,Uruguay,1,1
1928-08-30,ARG,Argentina,URU,Uruguay,1,0
1928-09-21,URU,Uruguay,ARG,Argentina,2,2
1928-09-23,NOR,Norway,GER,Germany,0,2
1928-09-30,SWE,Sweden,GER,Germany,2,0
1928-10-28,AUT,Austria,SUI,Switzerland,2,0
1928-11-04,NED,Netherlands,BEL,Belgium,1,1
1929-02-10,GER,Germany,SUI,Switzerland,7,1
1929-03-17,NED,Netherlands,SUI,Switzerland,3,2
1929-03-17,ESP,Spain,POR,Portugal,5,0
1929-03-24,FRA,France,POR,Portugal,2,0
1929-04-13,SCO,Scotland,ENG,England,1,0
1929-04-14,ESP,Spain,FRA,France,8,1
1929-05-05,BEL,Belgium,NED,Netherlands,3,1
1929-05-09,FRA,France,ENG,England,1,4
1929-05-11,BEL,Belgium,ENG,England,1,5
1929-05-15,ESP,Spain,ENG,England,4,3
1929-05-26,BEL,Belgium,FRA,France,4,1
1929-05-26,NOR,Norway,SCO,Scotland,3,7
1929-06-01,GER,Germany,SCO,Scotland,1,1
1929-06-04,NED,Netherlands,SCO,Scotland,0,2
1929-06-09,SWE,Sweden,NED,Netherlands,6,2
1929-06-12,NOR,Norway,NED,Netherlands,4,4
1929-06-16,ARG,Argentina,URU,Uruguay,2,0
1929-06-16,URU,Uruguay,ARG,Argentina,1,1
1929-06-23,GER,Germany,SWE,Sweden,3,0
1929-09-20,URU,Uruguay,ARG,Argentina,2,1
1929-09-28,ARG,Argentina,URU,Uruguay,0,0
1929-09-29,NOR,Norway,SWE,Sweden,2,1
1929-10-27,SUI,Switzerland,AUT,Austria,1,3
1929-11-01,PAR,Paraguay,URU,Uruguay,3,0
1929-11-03,NED,Netherlands,NOR,Norway,1,4
1929-11-10,ARG,Argentina,PAR,Paraguay,4,1
1929-11-17,ARG,Argentina,URU,Uruguay,2,0
1930-02-23,POR,Portugal,FRA,France,2,0
1930-03-23,FRA,France,SUI,Switzerland,3,3
1930-04-05,ENG,England,SCO,Scotland,5,2
1930-04-13,FRA,France,BEL,Belgium,1,6
1930-05-04,NED,Netherlands,BEL,Belgium,2,2
1930-05-04,SUI,Switzerland,GER,Germany,0,5
1930-05-10,GER,Germany,ENG,England,3,3
1930-05-14,AUT,Austria,ENG,England,0,0
1930-05-18,BEL,Belgium,NED,Netherlands,3,1
1930-05-18,FRA,France,SCO,Scotland,0,2
1930-05-25,ARG,Argentina,URU,Uruguay,1,1
1930-05-25,BEL,Belgium,FRA,France,1,2
1930-06-08,BEL,Belgium,POR,Portugal,2,1
1930-06-15,SWE,Sweden,SUI,Switzerland,1,0
1930-06-19,NOR,Norway,SUI,Switzerland,3,0
1930-07-06,SWE,Sweden,NOR,Norway,6,3
1930-07-13,BEL,Belgium,USA,United States,0,3
1930-07-13,FRA,France,MEX,Mexico,4,1
1930-07-15,ARG,Argentina,FRA,France,1,0
1930-07-17,PAR,Paraguay,USA,United States,0,3
1930-07-19,ARG,Argentina,MEX,Mexico,6,3
1930-07-20,BEL,Belgium,PAR,Paraguay,0,1
1930-07-26,ARG,Argentina,USA,United States,6,1
1930-07-30,URU,Uruguay,ARG,Argentina,4,2
1930-08-01,BRA,Brazil,FRA,France,3,2
1930-08-17,BRA,Brazil,USA,United States,4,3
1930-09-28,BEL,Belgium,SWE,Sweden,2,2
1930-11-02,GER,Germany,NOR,Norway,1,1
1930-11-02,SUI,Switzerland,NED,Netherlands,6,3
1930-11-16,AUT,Austria,SWE,Sweden,4,1
1930-11-30,POR,Portugal,ESP,Spain,0,1
1930-12-07,FRA,France,BEL,Belgium,2,2
1931-03-15,FRA,France,GER,Germany,1,0
1931-03-28,SCO,Scotland,ENG,England,2,0
1931-03-29,NED,Netherlands,BEL,Belgium,3,2
1931-04-19,PAR,Paraguay,ARG,Argentina,0,1
1931-04-25,PAR,Paraguay,ARG,Argentina,1,1
1931-04-26,NED,Netherlands,GER,Germany,1,1
1931-05-03,BEL,Belgium,NED,Netherlands,4,2
1931-05-14,FRA,France,ENG,England,5,2
1931-05-16,AUT,Austria,SCO,Scotland,5,0
1931-05-16,BEL,Belgium,ENG,England,1,4
1931-05-24,GER,Germany,AUT,Austria,0,6
1931-05-24,SUI,Switzerland,SCO,Scotland,2,3
1931-05-31,POR,Portugal,BEL,Belgium,3,2
1931-06-16,AUT,Austria,SUI,Switzerland,2,0
1931-06-17,SWE,Sweden,GER,Germany,0,0
1931-06-21,NOR,Norway,GER,Germany,2,2
1931-07-04,ARG,Argentina,PAR,Paraguay,1,1
1931-07-09,ARG,Argentina,PAR,Paraguay,3,1
1931-09-06,BRA,Brazil,URU,Uruguay,2,0
1931-09-13,AUT,Austria,GER,Germany,5,0
1931-09-27,NOR,Norway,SWE,Sweden,2,1
1931-11-29,FRA,France,NED,Netherlands,3,4
1931-11-29,SUI,Switzerland,AUT,Austria,1,8
1931-12-06,BEL,Belgium,SUI,Switzerland,2,1
1931-12-09,ENG,England,ESP,Spain,7,1
1932-03-06,GER,Germany,SUI,Switzerland,2,0
1932-03-20,BEL,Belgium,NED,Netherlands,1,4
1932-03-20,SUI,Switzerland,FRA,France,3,3
1932-04-09,ENG,England,SCO,Scotland,3,0
1932-04-17,NED,Netherlands,BEL,Belgium,2,1
1932-05-01,BEL,Belgium,FRA,France,5,2
1932-05-08,FRA,France,SCO,Scotland,1,3
1932-05-15,ARG,Argentina,URU,Uruguay,2,0
1932-05-18,URU,Uruguay,ARG,Argentina,1,0
1932-06-12,SWE,Sweden,BEL,Belgium,3,1
1932-07-01,SWE,Sweden,NOR,Norway,1,4
1932-07-17,SWE,Sweden,AUT,Austria,3,4
1932-09-25,GER,Germany,SWE,Sweden,4,3
1932-10-23,AUT,Austria,SUI,Switzerland,3,1
1932-11-06,SUI,Switzerland,SWE,Sweden,2,1
1932-12-04,GER,Germany,NED,Netherlands,0,2
1932-12-04,URU,Uruguay,BRA,Brazil,1,2
1932-12-07,ENG,England,AUT,Austria,4,3
1932-12-11,BEL,Belgium,AUT,Austria,1,6
1933-01-21,URU,Uruguay,ARG,Argentina,2,1
1933-01-22,NED,Netherlands,SUI,Switzerland,0,2
1933-02-05,ARG,Argentina,URU,Uruguay,4,1
1933-02-12,FRA,France,AUT,Austria,0,4
1933-03-12,SUI,Switzerland,BEL,Belgium,3,3
1933-03-19,GER,Germany,FRA,France,3,3
1933-03-26,FRA,France,BEL,Belgium,3,0
1933-04-01,SCO,Scotland,ENG,England,2,1
1933-04-02,ESP,Spain,POR,Portugal,3,0
1933-04-09,BEL,Belgium,NED,Netherlands,1,3
1933-04-23,FRA,France,ESP,Spain,1,0
1933-05-07,NED,Netherlands,BEL,Belgium,1,2
1933-05-20,SUI,Switzerland,ENG,England,0,4
1933-06-05,AUS,Australia,NZL,New Zealand,4,2
1933-06-11,AUT,Austria,BEL,Belgium,4,1
1933-06-17,AUS,Australia,NZL,New Zealand,6,4
1933-06-24,AUS,Australia,NZL,New Zealand,4,2
1933-09-24,NOR,Norway,SWE,Sweden,0,1
1933-10-22,GER,Germany,BEL,Belgium,8,1
1933-11-05,GER,Germany,NOR,Norway,2,2
1933-11-19,SUI,Switzerland,GER,Germany,0,2
1933-11-29,SCO,Scotland,AUT,Austria,2,2
1933-12-06,ENG,England,FRA,France,4,1
1933-12-10,NED,Netherlands,AUT,Austria,0,1
1933-12-14,URU,Uruguay,ARG,Argentina,0,1
1934-01-21,BEL,Belgium,FRA,France,2,3
1934-03-11,FRA,France,SUI,Switzerland,0,1
1934-03-11,NED,Netherlands,BEL,Belgium,9,3
1934-03-11,ESP,Spain,POR,Portugal,9,0
1934-03-18,POR,Portugal,ESP,Spain,1,2
1934-03-25,SUI,Switzerland,AUT,Austria,2,3
1934-04-14,ENG,England,SCO,Scotland,3,0
1934-04-29,BEL,Belgium,NED,Netherlands,2,4
1934-05-10,NED,Netherlands,FRA,France,4,5
1934-05-24,MEX,Mexico,USA,United States,2,4
1934-05-27,ARG,Argentina,SWE,Sweden,2,3
1934-05-27,AUT,Austria,FRA,France,3,2
1934-05-27,BEL,Belgium,GER,Germany,2,5
1934-05-27,BRA,Brazil,ESP,Spain,1,3
1934-05-27,NED,Netherlands,SUI,Switzerland,2,3
1934-05-31,GER,Germany,SWE,Sweden,2,1
1934-06-07,AUT,Austria,GER,Germany,2,3
1934-07-01,SWE,Sweden,NOR,Norway,3,3
1934-07-18,URU,Uruguay,ARG,Argentina,2,2
1934-08-15,ARG,Argentina,URU,Uruguay,1,0
1934-11-04,SUI,Switzerland,NED,Netherlands,2,4
1934-11-11,AUT,Austria,SUI,Switzerland,3,0
1935-01-24,ESP,Spain,FRA,France,2,0
1935-01-27,ARG,Argentina,URU,Uruguay,0,3
1935-01-27,GER,Germany,SUI,Switzerland,4,0
1935-02-17,NED,Netherlands,GER,Germany,2,3
1935-03-17,FRA,France,GER,Germany,1,3
1935-03-31,NED,Netherlands,BEL,Belgium,4,2
1935-04-06,SCO,Scotland,ENG,England,2,0
1935-04-14,BEL,Belgium,FRA,France,1,1
1935-04-28,BEL,Belgium,GER,Germany,1,6
1935-05-05,POR,Portugal,ESP,Spain,3,3
1935-05-12,BEL,Belgium,NED,Netherlands,0,2
1935-05-12,GER,Germany,ESP,Spain,1,2
1935-05-18,NED,Netherlands,ENG,England,0,1
1935-05-19,USA,United States,SCO,Scotland,1,5
1935-05-30,BEL,Belgium,SUI,Switzerland,2,2
1935-06-09,USA,United States,SCO,Scotland,1,4
1935-06-27,NOR,Norway,GER,Germany,1,1
1935-06-30,SWE,Sweden,GER,Germany,3,1
1935-07-18,URU,Uruguay,ARG,Argentina,1,1
1935-08-15,ARG,Argentina,URU,Uruguay,3,0
1935-09-22,NOR,Norway,SWE,Sweden,0,2
1935-10-27,SUI,Switzerland,FRA,France,2,1
1935-11-03,SUI,Switzerland,NOR,Norway,2,0
1935-11-10,FRA,France,SWE,Sweden,2,0
1935-11-17,BEL,Belgium,SWE,Sweden,5,1
1935-12-04,ENG,England,GER,Germany,3,0
1936-01-12,FRA,France,NED,Netherlands,1,6
1936-01-19,ESP,Spain,AUT,Austria,4,5
1936-01-26,POR,Portugal,AUT,Austria,2,3
1936-02-23,ESP,Spain,GER,Germany,1,2
1936-02-27,POR,Portugal,GER,Germany,1,3
1936-03-08,FRA,France,BEL,Belgium,3,0
1936-03-29,NED,Netherlands,BEL,Belgium,8,0
1936-04-04,ENG,England,SCO,Scotland,1,1
1936-05-03,BEL,Belgium,NED,Netherlands,1,1
1936-05-03,SUI,Switzerland,ESP,Spain,0,2
1936-05-06,AUT,Austria,ENG,England,2,1
1936-05-09,BEL,Belgium,ENG,England,3,2
1936-05-24,SUI,Switzerland,BEL,Belgium,1,1
1936-06-18,NOR,Norway,SUI,Switzerland,1,2
1936-06-21,SWE,Sweden,SUI,Switzerland,5,2
1936-07-04,NZL,New Zealand,AUS,Australia,1,7
1936-07-05,SWE,Sweden,NOR,Norway,2,0
1936-07-11,NZL,New Zealand,AUS,Australia,0,10
1936-07-18,NZL,New Zealand,AUS,Australia,1,4
1936-07-26,SWE,Sweden,NOR,Norway,3,4
1936-08-09,ARG,Argentina,URU,Uruguay,1,0
1936-09-20,URU,Uruguay,ARG,Argentina,2,1
1936-10-14,SCO,Scotland,GER,Germany,2,0
1936-11-01,NED,Netherlands,NOR,Norway,3,3
1936-11-08,SUI,Switzerland,AUT,Austria,1,3
1937-01-02,PAR,Paraguay,URU,Uruguay,4,2
1937-01-09,ARG,Argentina,PAR,Paraguay,6,1
1937-01-13,BRA,Brazil,PAR,Paraguay,5,0
1937-01-19,BRA,Brazil,URU,Uruguay,3,2
1937-01-23,ARG,Argentina,URU,Uruguay,2,3
1937-01-24,FRA,France,AUT,Austria,1,2
1937-01-30,ARG,Argentina,BRA,Brazil,1,0
1937-01-31,GER,Germany,NED,Netherlands,2,2
1937-02-01,ARG,Argentina,BRA,Brazil,2,0
1937-02-21,BEL,Belgium,FRA,France,3,1
1937-03-07,NED,Netherlands,SUI,Switzerland,2,1
1937-03-21,GER,Germany,FRA,France,4,0
1937-04-04,BEL,Belgium,NED,Netherlands,2,1
1937-04-17,SCO,Scotland,ENG,England,3,1
1937-04-18,BEL,Belgium,SUI,Switzerland,1,2
1937-04-25,GER,Germany,BEL,Belgium,1,0
1937-05-02,NED,Netherlands,BEL,Belgium,1,0
1937-05-02,SUI,Switzerland,GER,Germany,0,1
1937-05-09,AUT,Austria,SCO,Scotland,1,1
1937-05-14,NOR,Norway,ENG,England,0,6
1937-05-17,SWE,Sweden,ENG,England,0,4
1937-09-12,MEX,Mexico,USA,United States,7,2
1937-09-19,AUT,Austria,SUI,Switzerland,4,3
1937-09-19,MEX,Mexico,USA,United States,7,3
1937-09-19,NOR,Norway,SWE,Sweden,3,2
1937-10-10,FRA,France,SUI,Switzerland,2,1
1937-10-10,URU,Uruguay,ARG,Argentina,0,3
1937-10-24,GER,Germany,NOR,Norway,3,0
1937-10-31,NED,Netherlands,FRA,France,2,3
1937-11-11,ARG,Argentina,URU,Uruguay,5,1
1937-11-21,GER,Germany,SWE,Sweden,5,0
1937-11-28,ESP,Spain,POR,Portugal,1,2
1938-01-30,FRA,France,BEL,Belgium,5,3
1938-01-30,POR,Portugal,ESP,Spain,1,0
1938-02-06,GER,Germany,SUI,Switzerland,1,1
1938-02-10,MEX,Mexico,COL,Colombia,3,1
1938-02-14,PAN,Panama,COL,Colombia,2,4
1938-02-20,PAN,Panama,MEX,Mexico,2,2
1938-02-27,NED,Netherlands,BEL,Belgium,7,2
1938-04-03,BEL,Belgium,NED,Netherlands,1,1
1938-04-09,ENG,England,SCO,Scotland,0,1
1938-04-24,GER,Germany,POR,Portugal,1,1
1938-05-01,SUI,Switzerland,POR,Portugal,2,1
1938-05-08,SUI,Switzerland,BEL,Belgium,0,3
1938-05-14,GER,Germany,ENG,England,3,6
1938-05-21,NED,Netherlands,SCO,Scotland,1,3
1938-05-21,SUI,Switzerland,ENG,England,2,1
1938-05-26,FRA,France,ENG,England,2,4
1938-06-04,GER,Germany,SUI,Switzerland,1,1
1938-06-05,FRA,France,BEL,Belgium,3,1
1938-06-09,GER,Germany,SUI,Switzerland,2,4
1938-06-18,ARG,Argentina,URU,Uruguay,1,0
1938-06-19,BRA,Brazil,SWE,Sweden,4,2
1938-08-10,COL,Colombia,ECU,Ecuador,1,2
1938-09-04,NOR,Norway,SWE,Sweden,2,1
1938-10-02,SWE,Sweden,NOR,Norway,2,3
1938-10-12,URU,Uruguay,ARG,Argentina,2,3
1938-11-06,SUI,Switzerland,POR,Portugal,1,0
1938-11-09,ENG,England,NOR,Norway,4,0
1939-01-15,BRA,Brazil,ARG,Argentina,1,5
1939-01-22,BRA,Brazil,ARG,Argentina,3,2
1939-01-22,ECU,Ecuador,URU,Uruguay,0,6
1939-01-29,BEL,Belgium,GER,Germany,1,4
1939-02-05,PAR,Paraguay,URU,Uruguay,1,3
1939-02-12,ECU,Ecuador,PAR,Paraguay,1,3
1939-02-12,POR,Portugal,SUI,Switzerland,2,4
1939-03-15,HAI,Haiti,PAN,Panama,1,0
1939-03-19,BEL,Belgium,NED,Netherlands,5,4
1939-03-19,HAI,Haiti,PAN,Panama,1,1
1939-03-24,HAI,Haiti,PAN,Panama,3,0
1939-04-15,SCO,Scotland,ENG,England,1,2
1939-04-23,NED,Netherlands,BEL,Belgium,3,2
1939-05-07,SUI,Switzerland,NED,Netherlands,2,1
1939-05-14,BEL,Belgium,SUI,Switzerland,1,2
1939-05-18,BEL,Belgium,FRA,France,1,3
1939-06-02,SWE,Sweden,NOR,Norway,3,2
1939-06-14,NOR,Norway,SWE,Sweden,1,0
1939-06-22,NOR,Norway,GER,Germany,0,4
1939-08-14,PAR,Paraguay,ARG,Argentina,0,1
1939-08-16,PAR,Paraguay,ARG,Argentina,2,2
1939-09-17,NOR,Norway,SWE,Sweden,2,3
1940-01-28,FRA,France,POR,Portugal,3,2
1940-02-18,ARG,Argentina,PAR,Paraguay,3,1
1940-02-18,BRA,Brazil,ARG,Argentina,2,2
1940-02-25,ARG,Argentina,PAR,Paraguay,4,0
1940-02-25,BRA,Brazil,ARG,Argentina,0,3
1940-03-05,ARG,Argentina,BRA,Brazil,6,1
1940-03-10,ARG,Argentina,BRA,Brazil,2,3
1940-03-17,ARG,Argentina,BRA,Brazil,5,1
1940-03-17,BEL,Belgium,NED,Netherlands,7,1
1940-03-24,BRA,Brazil,URU,Uruguay,3,4
1940-03-31,BRA,Brazil,URU,Uruguay,1,1
1940-04-02,CRO,Croatia,SUI,Switzerland,4,0
1940-04-21,NED,Netherlands,BEL,Belgium,4,2
1940-04-21,SUI,Switzerland,CRO,Croatia,0,1
1940-07-18,URU,Uruguay,ARG,Argentina,3,0
1940-08-15,ARG,Argentina,URU,Uruguay,5,0
1941-01-12,POR,Portugal,ESP,Spain,2,2
1941-02-09,ECU,Ecuador,URU,Uruguay,0,6
1941-02-16,ARG,Argentina,ECU,Ecuador,6,1
1941-02-23,ARG,Argentina,URU,Uruguay,1,0
1941-03-09,GER,Germany,SUI,Switzerland,4,2
1941-03-16,ESP,Spain,POR,Portugal,5,1
1941-04-20,SUI,Switzerland,GER,Germany,2,1
1941-05-08,CUW,Curaçao,PAN,Panama,3,3
1941-06-15,GER,Germany,CRO,Croatia,5,1
1941-10-05,SWE,Sweden,GER,Germany,4,2
1941-12-28,ESP,Spain,SUI,Switzerland,3,2
1942-01-01,POR,Portugal,SUI,Switzerland,3,0
1942-01-11,ARG,Argentina,PAR,Paraguay,4,3
1942-01-17,ARG,Argentina,BRA,Brazil,2,1
1942-01-18,URU,Uruguay,ECU,Ecuador,7,0
1942-01-18,CRO,Croatia,GER,Germany,0,2
1942-01-22,ARG,Argentina,ECU,Ecuador,12,0
1942-01-24,URU,Uruguay,BRA,Brazil,1,0
1942-01-25,ECU,Ecuador,PAR,Paraguay,1,3
1942-01-28,URU,Uruguay,PAR,Paraguay,3,1
1942-01-31,BRA,Brazil,ECU,Ecuador,5,1
1942-02-01,GER,Germany,SUI,Switzerland,1,2
1942-02-05,BRA,Brazil,PAR,Paraguay,1,1
1942-02-07,URU,Uruguay,ARG,Argentina,1,0
1942-03-08,FRA,France,SUI,Switzerland,0,2
1942-03-15,ESP,Spain,FRA,France,4,0
1942-04-12,GER,Germany,ESP,Spain,1,1
1942-05-25,ARG,Argentina,URU,Uruguay,4,1
1942-08-25,URU,Uruguay,ARG,Argentina,1,1
1942-09-20,GER,Germany,SWE,Sweden,2,3
1942-10-18,SUI,Switzerland,GER,Germany,3,5
1942-11-01,GER,Germany,CRO,Croatia,5,1
1942-11-15,SUI,Switzerland,SWE,Sweden,3,1
1943-03-28,ARG,Argentina,URU,Uruguay,3,3
1943-04-04,SUI,Switzerland,CRO,Croatia,1,0
1943-04-04,URU,Uruguay,ARG,Argentina,0,1
1943-06-14,SWE,Sweden,SUI,Switzerland,1,0
1943-07-10,PAR,Paraguay,ARG,Argentina,2,5
1943-07-11,PAR,Paraguay,ARG,Argentina,2,1
1944-04-02,CUW,Curaçao,HAI,Haiti,5,0
1944-05-14,BRA,Brazil,URU,Uruguay,6,1
1944-05-17,BRA,Brazil,URU,Uruguay,4,0
1944-12-24,FRA,France,BEL,Belgium,3,1
1945-01-06,ARG,Argentina,PAR,Paraguay,5,2
1945-01-09,ARG,Argentina,PAR,Paraguay,5,3
1945-01-21,BRA,Brazil,COL,Colombia,3,0
1945-01-24,ECU,Ecuador,URU,Uruguay,1,5
1945-01-28,COL,Colombia,URU,Uruguay,0,7
1945-01-31,ARG,Argentina,ECU,Ecuador,4,2
1945-02-07,ARG,Argentina,COL,Colombia,9,1
1945-02-07,BRA,Brazil,URU,Uruguay,3,0
1945-02-15,ARG,Argentina,BRA,Brazil,3,1
1945-02-18,COL,Colombia,ECU,Ecuador,3,1
1945-02-21,BRA,Brazil,ECU,Ecuador,9,2
1945-02-25,ARG,Argentina,URU,Uruguay,1,0
1945-03-11,POR,Portugal,ESP,Spain,2,2
1945-04-08,SUI,Switzerland,FRA,France,1,0
1945-05-06,ESP,Spain,POR,Portugal,4,2
1945-05-21,SUI,Switzerland,POR,Portugal,1,0
1945-05-26,ENG,England,FRA,France,2,2
1945-07-07,PAR,Paraguay,ARG,Argentina,5,1
1945-07-09,PAR,Paraguay,ARG,Argentina,1,3
1945-07-18,URU,Uruguay,ARG,Argentina,2,2
1945-07-21,SUI,Switzerland,ENG,England,3,1
1945-08-15,ARG,Argentina,URU,Uruguay,6,2
1945-10-21,SWE,Sweden,NOR,Norway,10,0
1945-11-25,SUI,Switzerland,SWE,Sweden,3,0
1945-12-06,AUT,Austria,FRA,France,4,1
1945-12-15,BEL,Belgium,FRA,France,2,1
1945-12-16,BRA,Brazil,ARG,Argentina,3,4
1945-12-20,BRA,Brazil,ARG,Argentina,6,2
1945-12-23,BRA,Brazil,ARG,Argentina,3,1
1946-01-05,URU,Uruguay,BRA,Brazil,4,3
1946-01-12,ARG,Argentina,PAR,Paraguay,2,0
1946-01-19,ENG,England,BEL,Belgium,2,0
1946-01-23,BRA,Brazil,URU,Uruguay,4,3
1946-01-23,SCO,Scotland,BEL,Belgium,2,2
1946-01-29,BRA,Brazil,PAR,Paraguay,1,1
1946-02-02,ARG,Argentina,URU,Uruguay,3,1
1946-02-08,PAR,Paraguay,URU,Uruguay,2,1
1946-02-10,ARG,Argentina,BRA,Brazil,2,0
1946-04-13,SCO,Scotland,ENG,England,1,0
1946-04-14,POR,Portugal,FRA,France,2,1
1946-04-24,ENG,England,SCO,Scotland,2,2
1946-05-05,FRA,France,AUT,Austria,3,1
1946-05-11,ENG,England,SUI,Switzerland,4,1
1946-05-12,NED,Netherlands,BEL,Belgium,6,3
1946-05-15,SCO,Scotland,SUI,Switzerland,3,1
1946-05-19,FRA,France,ENG,England,2,1
1946-05-30,BEL,Belgium,NED,Netherlands,2,2
1946-07-07,SWE,Sweden,SUI,Switzerland,7,2
1946-09-15,NOR,Norway,SWE,Sweden,0,3
1946-11-10,SUI,Switzerland,AUT,Austria,1,0
1946-11-27,ENG,England,NED,Netherlands,8,2
1946-12-09,COL,Colombia,CUW,Curaçao,4,2
1946-12-17,PAN,Panama,CUW,Curaçao,2,2
1946-12-20,COL,Colombia,PAN,Panama,2,1
1947-01-05,POR,Portugal,SUI,Switzerland,2,2
1947-01-26,POR,Portugal,ESP,Spain,4,1
1947-03-23,FRA,France,POR,Portugal,1,0
1947-03-29,URU,Uruguay,BRA,Brazil,0,0
1947-04-01,BRA,Brazil,URU,Uruguay,3,2
1947-04-07,NED,Netherlands,BEL,Belgium,2,1
1947-04-12,ENG,England,SCO,Scotland,1,1
1947-05-03,ENG,England,FRA,France,3,0
1947-05-04,BEL,Belgium,NED,Netherlands,1,2
1947-05-10,AUS,Australia,RSA,South Africa,1,2
1947-05-18,BEL,Belgium,SCO,Scotland,2,1
1947-05-18,SUI,Switzerland,ENG,England,1,0
1947-05-24,AUS,Australia,RSA,South Africa,2,4
1947-05-25,POR,Portugal,ENG,England,0,10
1947-05-26,FRA,France,NED,Netherlands,4,0
1947-05-31,AUS,Australia,RSA,South Africa,3,3
1947-06-01,FRA,France,BEL,Belgium,4,2
1947-06-07,AUS,Australia,RSA,South Africa,5,1
1947-06-08,SUI,Switzerland,FRA,France,1,2
1947-06-14,AUS,Australia,RSA,South Africa,1,2
1947-06-28,NZL,New Zealand,RSA,South Africa,5,6
1947-06-28,NOR,Norway,SWE,Sweden,1,5
1947-07-05,NZL,New Zealand,RSA,South Africa,0,6
1947-07-12,NZL,New Zealand,RSA,South Africa,3,8
1947-07-13,MEX,Mexico,USA,United States,5,0
1947-07-19,NZL,New Zealand,RSA,South Africa,1,4
1947-09-21,BEL,Belgium,ENG,England,2,5
1947-09-21,NED,Netherlands,SUI,Switzerland,6,2
1947-10-05,SWE,Sweden,NOR,Norway,4,1
1947-10-26,IRN,Iran,TUR,Turkey,1,3
1947-11-02,SUI,Switzerland,BEL,Belgium,4,0
1947-11-19,ENG,England,SWE,Sweden,4,2
1947-11-23,POR,Portugal,FRA,France,2,4
1947-12-02,ARG,Argentina,PAR,Paraguay,6,0
1947-12-02,COL,Colombia,URU,Uruguay,0,2
1947-12-04,ECU,Ecuador,COL,Colombia,0,0
1947-12-13,PAR,Paraguay,URU,Uruguay,4,2
1947-12-16,ECU,Ecuador,URU,Uruguay,1,6
1947-12-18,ARG,Argentina,COL,Colombia,6,0
1947-12-20,COL,Colombia,PAR,Paraguay,0,2
1947-12-25,ECU,Ecuador,ARG,Argentina,0,2
1947-12-28,ARG,Argentina,URU,Uruguay,3,1
1947-12-29,ECU,Ecuador,PAR,Paraguay,0,4
1948-03-04,PAN,Panama,CUW,Curaçao,1,3
1948-03-14,BEL,Belgium,NED,Netherlands,1,1
1948-03-14,CUW,Curaçao,PAN,Panama,2,5
1948-03-21,ESP,Spain,POR,Portugal,2,0
1948-04-04,URU,Uruguay,BRA,Brazil,1,1
1948-04-10,SCO,Scotland,ENG,England,0,2
1948-04-11,URU,Uruguay,BRA,Brazil,4,2
1948-04-18,AUT,Austria,SUI,Switzerland,3,1
1948-04-18,NED,Netherlands,BEL,Belgium,2,2
1948-04-28,SCO,Scotland,BEL,Belgium,2,0
1948-05-17,SUI,Switzerland,SCO,Scotland,2,1
1948-05-23,FRA,France,SCO,Scotland,3,0
1948-05-26,NOR,Norway,NED,Netherlands,1,2
1948-05-30,TUR,Turkey,AUT,Austria,0,1
1948-06-06,BEL,Belgium,FRA,France,4,2
1948-06-09,NED,Netherlands,SWE,Sweden,1,0
1948-06-20,SUI,Switzerland,ESP,Spain,3,3
1948-07-11,SWE,Sweden,AUT,Austria,3,2
1948-08-02,SWE,Sweden,AUT,Austria,3,0
1948-08-06,NOR,Norway,USA,United States,11,0
1948-08-14,NZL,New Zealand,AUS,Australia,0,6
1948-08-28,NZL,New Zealand,AUS,Australia,0,7
1948-09-04,NZL,New Zealand,AUS,Australia,0,4
1948-09-11,NZL,New Zealand,AUS,Australia,1,8
1948-09-19,NOR,Norway,SWE,Sweden,3,5
1948-10-17,FRA,France,BEL,Belgium,3,3
1948-10-28,IRN,Iran,TUR,Turkey,1,1
1948-11-14,AUT,Austria,SWE,Sweden,2,1
1948-11-21,BEL,Belgium,NED,Netherlands,1,1
1948-12-02,ENG,England,SUI,Switzerland,6,0
1948-12-24,EGY,Egypt,NOR,Norway,1,1
1949-01-02,ESP,Spain,BEL,Belgium,1,1
1949-03-13,NED,Netherlands,BEL,Belgium,3,3
1949-03-20,AUT,Austria,TUR,Turkey,1,0
1949-03-20,POR,Portugal,ESP,Spain,1,1
1949-04-03,BRA,Brazil,ECU,Ecuador,9,1
1949-04-03,SUI,Switzerland,AUT,Austria,1,2
1949-04-06,COL,Colombia,PAR,Paraguay,0,3
1949-04-09,ENG,England,SCO,Scotland,1,3
1949-04-10,ECU,Ecuador,PAR,Paraguay,0,1
1949-04-13,ECU,Ecuador,URU,Uruguay,2,3
1949-04-17,BRA,Brazil,COL,Colombia,5,0
1949-04-20,PAR,Paraguay,URU,Uruguay,1,2
1949-04-23,NED,Netherlands,FRA,France,4,1
1949-04-25,URU,Uruguay,COL,Colombia,2,2
1949-04-27,SCO,Scotland,FRA,France,2,0
1949-04-30,BRA,Brazil,URU,Uruguay,5,1
1949-05-03,COL,Colombia,ECU,Ecuador,1,4
1949-05-08,BRA,Brazil,PAR,Paraguay,1,2
1949-05-11,BRA,Brazil,PAR,Paraguay,7,0
1949-05-12,EGY,Egypt,TUR,Turkey,2,3
1949-05-13,SWE,Sweden,ENG,England,3,1
1949-05-18,NOR,Norway,ENG,England,1,4
1949-05-22,FRA,France,ENG,England,1,3
1949-06-04,FRA,France,SUI,Switzerland,4,2
1949-06-19,FRA,France,ESP,Spain,1,5
1949-06-19,USA,United States,SCO,Scotland,0,4
1949-09-04,MEX,Mexico,USA,United States,6,0
1949-09-18,MEX,Mexico,USA,United States,6,2
1949-10-02,BEL,Belgium,SUI,Switzerland,3,0
1949-10-02,SWE,Sweden,NOR,Norway,3,3
1949-11-06,NED,Netherlands,BEL,Belgium,0,1
1950-03-19,AUT,Austria,SUI,Switzerland,3,3
1950-03-25,ARG,Argentina,PAR,Paraguay,2,2
1950-03-29,ARG,Argentina,PAR,Paraguay,4,0
1950-04-02,ESP,Spain,POR,Portugal,5,1
1950-04-09,POR,Portugal,ESP,Spain,2,2
1950-04-15,SCO,Scotland,ENG,England,0,1
1950-04-16,BEL,Belgium,NED,Netherlands,2,0
1950-04-26,SCO,Scotland,SUI,Switzerland,3,1
1950-04-30,PAR,Paraguay,URU,Uruguay,3,2
1950-05-06,BRA,Brazil,URU,Uruguay,3,4
1950-05-07,BRA,Brazil,PAR,Paraguay,2,0
1950-05-13,BRA,Brazil,PAR,Paraguay,3,3
1950-05-14,BRA,Brazil,URU,Uruguay,3,2
1950-05-14,POR,Portugal,ENG,England,3,5
1950-05-18,BEL,Belgium,ENG,England,1,4
1950-05-21,POR,Portugal,SCO,Scotland,2,2
1950-05-27,FRA,France,SCO,Scotland,0,1
1950-05-28,TUR,Turkey,IRN,Iran,6,1
1950-06-04,BEL,Belgium,FRA,France,4,1
1950-06-08,SWE,Sweden,NED,Netherlands,4,1
1950-06-24,BRA,Brazil,MEX,Mexico,4,0
1950-06-24,RSA,South Africa,AUS,Australia,3,2
1950-06-25,ESP,Spain,USA,United States,3,1
1950-06-28,BRA,Brazil,SUI,Switzerland,2,2
1950-06-29,ENG,England,USA,United States,0,1
1950-06-29,PAR,Paraguay,SWE,Sweden,2,2
1950-07-01,RSA,South Africa,AUS,Australia,2,1
1950-07-02,ENG,England,ESP,Spain,0,1
1950-07-02,MEX,Mexico,SUI,Switzerland,1,2
1950-07-08,RSA,South Africa,AUS,Australia,1,2
1950-07-09,BRA,Brazil,SWE,Sweden,7,1
1950-07-09,ESP,Spain,URU,Uruguay,2,2
1950-07-13,BRA,Brazil,ESP,Spain,6,1
1950-07-13,SWE,Sweden,URU,Uruguay,2,3
1950-07-16,BRA,Brazil,URU,Uruguay,1,2
1950-07-16,ESP,Spain,SWE,Sweden,1,3
1950-07-23,RSA,South Africa,AUS,Australia,0,2
1950-09-24,NOR,Norway,SWE,Sweden,1,3
1950-10-15,SUI,Switzerland,NED,Netherlands,7,5
1950-11-01,FRA,France,BEL,Belgium,3,3
1950-11-12,BEL,Belgium,NED,Netherlands,7,2
1950-11-12,SUI,Switzerland,SWE,Sweden,4,2
1950-11-22,GER,Germany,SUI,Switzerland,1,0
1950-12-10,FRA,France,NED,Netherlands,5,2
1950-12-13,SCO,Scotland,AUT,Austria,0,1
1951-02-18,ESP,Spain,SUI,Switzerland,6,3
1951-03-07,IRN,Iran,JPN,Japan,0,0
1951-03-08,IRN,Iran,JPN,Japan,3,2
1951-04-14,ENG,England,SCO,Scotland,2,3
1951-04-15,NED,Netherlands,BEL,Belgium,5,4
1951-04-15,SUI,Switzerland,GER,Germany,2,3
1951-05-09,ENG,England,ARG,Argentina,2,1
1951-05-16,SCO,Scotland,FRA,France,1,0
1951-05-19,ENG,England,POR,Portugal,5,2
1951-05-20,BEL,Belgium,SCO,Scotland,0,5
1951-05-27,AUT,Austria,SCO,Scotland,4,0
1951-06-06,NED,Netherlands,NOR,Norway,2,3
1951-06-10,BEL,Belgium,ESP,Spain,3,3
1951-06-10,SWE,Sweden,TUR,Turkey,3,1
1951-06-17,GER,Germany,TUR,Turkey,1,2
1951-06-17,POR,Portugal,BEL,Belgium,1,1
1951-06-17,SWE,Sweden,ESP,Spain,0,0
1951-09-23,AUT,Austria,GER,Germany,0,2
1951-09-30,SWE,Sweden,NOR,Norway,3,4
1951-10-03,ENG,England,FRA,France,2,2
1951-10-14,BEL,Belgium,AUT,Austria,1,8
1951-10-14,SUI,Switzerland,FRA,France,1,2
1951-11-01,FRA,France,AUT,Austria,2,2
1951-11-14,TUR,Turkey,SWE,Sweden,1,0
1951-11-21,TUR,Turkey,GER,Germany,0,2
1951-11-25,NED,Netherlands,BEL,Belgium,6,7
1951-11-28,ENG,England,AUT,Austria,2,2
1952-03-23,AUT,Austria,BEL,Belgium,2,0
1952-03-23,MEX,Mexico,URU,Uruguay,1,3
1952-03-26,FRA,France,SWE,Sweden,0,1
1952-04-05,SCO,Scotland,ENG,England,1,2
1952-04-06,BEL,Belgium,NED,Netherlands,4,2
1952-04-06,BRA,Brazil,MEX,Mexico,2,0
1952-04-06,PAN,Panama,URU,Uruguay,1,6
1952-04-10,MEX,Mexico,PAN,Panama,4,2
1952-04-13,BRA,Brazil,PAN,Panama,5,0
1952-04-16,BRA,Brazil,URU,Uruguay,4,2
1952-04-20,FRA,France,POR,Portugal,3,0
1952-04-30,SCO,Scotland,USA,United States,6,0
1952-05-14,NED,Netherlands,SWE,Sweden,0,0
1952-05-22,BEL,Belgium,FRA,France,1,2
1952-05-25,AUT,Austria,ENG,England,2,3
1952-05-28,SUI,Switzerland,ENG,England,0,3
1952-05-30,SWE,Sweden,SCO,Scotland,3,1
1952-06-01,TUR,Turkey,SUI,Switzerland,1,5
1952-06-08,TUR,Turkey,ESP,Spain,0,0
1952-06-22,SUI,Switzerland,AUT,Austria,1,1
1952-07-03,NED,Netherlands,CUW,Curaçao,3,3
1952-08-10,NED,Netherlands,EGY,Egypt,1,1
1952-10-05,FRA,France,GER,Germany,3,1
1952-10-05,NOR,Norway,SWE,Sweden,1,2
1952-10-19,AUT,Austria,FRA,France,1,2
1952-10-19,BEL,Belgium,NED,Netherlands,2,1
1952-11-09,GER,Germany,SUI,Switzerland,5,1
1952-11-23,POR,Portugal,AUT,Austria,1,1
1952-11-26,ENG,England,BEL,Belgium,5,0
1952-12-07,ESP,Spain,ARG,Argentina,0,1
1952-12-14,POR,Portugal,ARG,Argentina,1,3
1952-12-25,FRA,France,BEL,Belgium,0,1
1952-12-28,ESP,Spain,GER,Germany,2,2
1953-03-04,ECU,Ecuador,PAR,Paraguay,0,0
1953-03-12,BRA,Brazil,ECU,Ecuador,2,0
1953-03-12,PAN,Panama,CUW,Curaçao,2,4
1953-03-12,PAR,Paraguay,URU,Uruguay,2,2
1953-03-15,BRA,Brazil,URU,Uruguay,1,0
1953-03-19,ESP,Spain,BEL,Belgium,3,1
1953-03-22,GER,Germany,AUT,Austria,0,0
1953-03-22,NED,Netherlands,SUI,Switzerland,1,2
1953-03-23,ECU,Ecuador,URU,Uruguay,0,6
1953-03-27,BRA,Brazil,PAR,Paraguay,1,2
1953-04-01,BRA,Brazil,PAR,Paraguay,2,3
1953-04-18,ENG,England,SCO,Scotland,2,2
1953-04-19,NED,Netherlands,BEL,Belgium,0,2
1953-05-06,SCO,Scotland,SWE,Sweden,1,2
1953-05-14,ARG,Argentina,ENG,England,3,1
1953-05-17,ARG,Argentina,ENG,England,0,0
1953-05-25,SUI,Switzerland,TUR,Turkey,1,2
1953-05-28,SWE,Sweden,BEL,Belgium,2,3
1953-05-31,URU,Uruguay,ENG,England,2,1
1953-06-08,USA,United States,ENG,England,3,6
1953-06-11,SWE,Sweden,FRA,France,1,0
1953-07-05,ARG,Argentina,ESP,Spain,1,0
1953-07-19,MEX,Mexico,HAI,Haiti,8,0
1953-08-19,NOR,Norway,GER,Germany,1,1
1953-09-27,AUT,Austria,POR,Portugal,9,1
1953-09-27,NOR,Norway,NED,Netherlands,4,0
1953-10-08,BEL,Belgium,SWE,Sweden,2,0
1953-10-18,SWE,Sweden,NOR,Norway,0,0
1953-10-25,NED,Netherlands,BEL,Belgium,1,0
1953-11-08,ESP,Spain,SWE,Sweden,2,2
1953-11-11,FRA,France,SUI,Switzerland,2,4
1953-11-22,GER,Germany,NOR,Norway,5,1
1953-11-22,POR,Portugal,RSA,South Africa,3,1
1953-11-22,SUI,Switzerland,BEL,Belgium,2,2
1953-11-29,POR,Portugal,AUT,Austria,0,0
1953-12-27,HAI,Haiti,MEX,Mexico,0,4
1954-01-06,ESP,Spain,TUR,Turkey,4,1
1954-01-10,MEX,Mexico,USA,United States,4,0
1954-01-14,MEX,Mexico,USA,United States,3,1
1954-03-07,JPN,Japan,KOR,South Korea,1,5
1954-03-07,PAR,Paraguay,BRA,Brazil,0,1
1954-03-14,BEL,Belgium,POR,Portugal,0,0
1954-03-14,JPN,Japan,KOR,South Korea,2,2
1954-03-14,TUR,Turkey,ESP,Spain,1,0
1954-03-17,TUR,Turkey,ESP,Spain,2,2
1954-03-21,BRA,Brazil,PAR,Paraguay,4,1
1954-04-03,HAI,Haiti,USA,United States,2,3
1954-04-03,SCO,Scotland,ENG,England,2,4
1954-04-04,BEL,Belgium,NED,Netherlands,4,0
1954-04-04,HAI,Haiti,USA,United States,0,3
1954-04-10,URU,Uruguay,PAR,Paraguay,1,4
1954-04-18,PAR,Paraguay,URU,Uruguay,1,1
1954-04-25,SUI,Switzerland,GER,Germany,3,5
1954-05-05,SCO,Scotland,NOR,Norway,1,0
1954-05-19,NOR,Norway,SCO,Scotland,1,1
1954-05-19,SWE,Sweden,NED,Netherlands,6,1
1954-05-23,SUI,Switzerland,URU,Uruguay,3,3
1954-05-30,AUT,Austria,NOR,Norway,5,0
1954-05-30,BEL,Belgium,FRA,France,3,3
1954-05-30,SUI,Switzerland,NED,Netherlands,3,1
1954-06-07,SWE,Sweden,NOR,Norway,3,0
1954-06-16,AUT,Austria,SCO,Scotland,1,0
1954-06-16,BRA,Brazil,MEX,Mexico,5,0
1954-06-17,BEL,Belgium,ENG,England,4,4
1954-06-17,GER,Germany,TUR,Turkey,4,1
1954-06-19,FRA,France,MEX,Mexico,3,2
1954-06-19,SCO,Scotland,URU,Uruguay,0,7
1954-06-20,KOR,South Korea,TUR,Turkey,0,7
1954-06-20,SUI,Switzerland,ENG,England,0,2
1954-06-23,GER,Germany,TUR,Turkey,7,2
1954-06-26,ENG,England,URU,Uruguay,2,4
1954-06-26,SUI,Switzerland,AUT,Austria,5,7
1954-06-30,AUT,Austria,GER,Germany,1,6
1954-07-03,AUT,Austria,URU,Uruguay,3,1
1954-07-25,CUW,Curaçao,NED,Netherlands,2,0
1954-07-29,CUW,Curaçao,NED,Netherlands,2,1
1954-08-14,AUS,Australia,NZL,New Zealand,1,2
1954-08-28,AUS,Australia,NZL,New Zealand,4,1
1954-09-04,AUS,Australia,NZL,New Zealand,4,1
1954-09-19,NOR,Norway,SWE,Sweden,1,1
1954-09-26,BEL,Belgium,GER,Germany,2,0
1954-10-16,GER,Germany,FRA,France,1,3
1954-10-24,BEL,Belgium,NED,Netherlands,4,3
1954-10-31,SWE,Sweden,AUT,Austria,2,1
1954-11-11,FRA,France,BEL,Belgium,2,2
1954-11-28,POR,Portugal,ARG,Argentina,1,3
1954-12-01,ENG,England,GER,Germany,3,1
1954-12-19,POR,Portugal,GER,Germany,0,3
1955-03-02,ARG,Argentina,PAR,Paraguay,5,3
1955-03-09,ARG,Argentina,ECU,Ecuador,4,0
1955-03-09,PAR,Paraguay,URU,Uruguay,1,3
1955-03-16,ECU,Ecuador,PAR,Paraguay,0,2
1955-03-17,ESP,Spain,FRA,France,1,2
1955-03-23,ECU,Ecuador,URU,Uruguay,1,5
1955-03-27,ARG,Argentina,URU,Uruguay,6,1
1955-04-02,ENG,England,SCO,Scotland,7,2
1955-04-03,FRA,France,SWE,Sweden,2,0
1955-04-03,NED,Netherlands,BEL,Belgium,1,0
1955-05-01,SUI,Switzerland,AUT,Austria,2,3
1955-05-04,SCO,Scotland,POR,Portugal,3,0
1955-05-15,FRA,France,ENG,England,1,0
1955-05-18,ESP,Spain,ENG,England,1,1
1955-05-19,AUT,Austria,SCO,Scotland,1,4
1955-05-19,NED,Netherlands,SUI,Switzerland,4,1
1955-05-22,POR,Portugal,ENG,England,3,1
1955-06-19,SUI,Switzerland,ESP,Spain,0,3
1955-09-03,AUS,Australia,RSA,South Africa,0,3
1955-09-10,AUS,Australia,RSA,South Africa,0,2
1955-09-17,AUS,Australia,RSA,South Africa,0,8
1955-09-24,AUS,Australia,RSA,South Africa,0,6
1955-09-25,SWE,Sweden,NOR,Norway,1,1
1955-10-01,AUS,Australia,RSA,South Africa,1,4
1955-10-09,SUI,Switzerland,FRA,France,1,2
1955-10-16,NED,Netherlands,BEL,Belgium,2,2
1955-11-06,NED,Netherlands,NOR,Norway,3,0
1955-11-13,BRA,Brazil,PAR,Paraguay,3,0
1955-11-16,GER,Germany,NOR,Norway,2,0
1955-11-17,BRA,Brazil,PAR,Paraguay,3,3
1955-11-20,POR,Portugal,SWE,Sweden,2,6
1955-11-30,ENG,England,ESP,Spain,4,1
1955-12-18,TUR,Turkey,POR,Portugal,3,1
1955-12-23,EGY,Egypt,POR,Portugal,0,4
1955-12-25,BEL,Belgium,FRA,France,2,1
1956-01-21,URU,Uruguay,PAR,Paraguay,4,2
1956-01-29,BRA,Brazil,PAR,Paraguay,0,0
1956-02-01,ARG,Argentina,PAR,Paraguay,1,0
1956-02-05,ARG,Argentina,BRA,Brazil,0,1
1956-02-10,URU,Uruguay,BRA,Brazil,0,0
1956-02-15,URU,Uruguay,ARG,Argentina,1,0
1956-03-08,HAI,Haiti,PAN,Panama,3,2
1956-03-08,MEX,Mexico,BRA,Brazil,1,2
1956-03-11,BEL,Belgium,SUI,Switzerland,1,3
1956-03-12,HAI,Haiti,PAN,Panama,2,1
1956-03-13,MEX,Mexico,ARG,Argentina,0,0
1956-03-14,GER,Germany,NED,Netherlands,1,2
1956-03-18,ARG,Argentina,BRA,Brazil,2,2
1956-03-25,FRA,France,AUT,Austria,3,1
1956-03-25,POR,Portugal,TUR,Turkey,3,1
1956-04-08,BEL,Belgium,NED,Netherlands,0,1
1956-04-08,POR,Portugal,BRA,Brazil,0,1
1956-04-11,SUI,Switzerland,BRA,Brazil,1,1
1956-04-14,SCO,Scotland,ENG,England,1,1
1956-04-15,AUT,Austria,BRA,Brazil,2,3
1956-05-01,TUR,Turkey,BRA,Brazil,0,1
1956-05-02,SCO,Scotland,AUT,Austria,1,1
1956-05-09,ENG,England,BRA,Brazil,4,2
1956-05-16,SWE,Sweden,ENG,England,0,0
1956-05-26,GER,Germany,ENG,England,1,3
1956-06-03,POR,Portugal,ESP,Spain,3,1
1956-06-12,PAR,Paraguay,BRA,Brazil,0,2
1956-06-13,NOR,Norway,GER,Germany,1,3
1956-06-17,PAR,Paraguay,BRA,Brazil,2,5
1956-06-24,BRA,Brazil,URU,Uruguay,2,0
1956-06-30,SWE,Sweden,GER,Germany,2,2
1956-07-01,URU,Uruguay,ARG,Argentina,1,2
1956-07-08,ARG,Argentina,BRA,Brazil,0,0
1956-07-15,PAR,Paraguay,URU,Uruguay,2,2
1956-08-15,PAR,Paraguay,ARG,Argentina,0,1
1956-09-15,SUI,Switzerland,NED,Netherlands,2,3
1956-09-16,NOR,Norway,SWE,Sweden,3,1
1956-10-10,URU,Uruguay,ARG,Argentina,1,2
1956-10-14,BEL,Belgium,NED,Netherlands,2,3
1956-10-31,KOR,South Korea,USA,United States,1,0
1956-11-11,FRA,France,BEL,Belgium,6,3
1956-11-14,ARG,Argentina,URU,Uruguay,2,2
1956-11-21,GER,Germany,SUI,Switzerland,1,3
1956-12-23,GER,Germany,BEL,Belgium,4,1
1957-01-30,ESP,Spain,NED,Netherlands,5,1
1957-03-07,ECU,Ecuador,URU,Uruguay,2,5
1957-03-10,AUT,Austria,GER,Germany,2,3
1957-03-10,ESP,Spain,SUI,Switzerland,2,2
1957-03-13,ARG,Argentina,COL,Colombia,8,2
1957-03-17,ARG,Argentina,ECU,Ecuador,3,0
1957-03-17,COL,Colombia,URU,Uruguay,1,0
1957-03-20,ARG,Argentina,URU,Uruguay,4,0
1957-03-21,BRA,Brazil,ECU,Ecuador,7,1
1957-03-24,BRA,Brazil,COL,Colombia,9,0
1957-03-28,BRA,Brazil,URU,Uruguay,2,3
1957-03-31,BEL,Belgium,ESP,Spain,0,5
1957-04-01,COL,Colombia,ECU,Ecuador,4,1
1957-04-03,ARG,Argentina,BRA,Brazil,3,0
1957-04-03,NED,Netherlands,GER,Germany,1,2
1957-04-06,ENG,England,SCO,Scotland,2,1
1957-04-07,MEX,Mexico,USA,United States,6,0
1957-04-14,AUT,Austria,SUI,Switzerland,4,0
1957-04-28,NED,Netherlands,BEL,Belgium,1,1
1957-04-28,USA,United States,MEX,Mexico,2,7
1957-05-05,AUT,Austria,SWE,Sweden,1,0
1957-05-08,SCO,Scotland,ESP,Spain,4,2
1957-05-19,SUI,Switzerland,SCO,Scotland,1,2
1957-05-22,GER,Germany,SCO,Scotland,1,3
1957-05-23,URU,Uruguay,ARG,Argentina,0,0
1957-05-26,AUT,Austria,NED,Netherlands,3,2
1957-05-26,ESP,Spain,SCO,Scotland,4,1
1957-06-05,ARG,Argentina,URU,Uruguay,1,1
1957-06-11,BRA,Brazil,POR,Portugal,2,1
1957-06-16,BRA,Brazil,POR,Portugal,3,0
1957-06-16,COL,Colombia,URU,Uruguay,1,1
1957-06-18,NOR,Norway,SWE,Sweden,0,0
1957-06-20,COL,Colombia,PAR,Paraguay,2,3
1957-06-22,CAN,Canada,USA,United States,5,1
1957-06-23,COL,Colombia,PAR,Paraguay,1,2
1957-06-30,MEX,Mexico,CAN,Canada,3,0
1957-06-30,URU,Uruguay,COL,Colombia,1,0
1957-07-03,MEX,Mexico,CAN,Canada,2,0
1957-07-06,USA,United States,CAN,Canada,2,3
1957-07-07,BRA,Brazil,ARG,Argentina,1,2
1957-07-07,PAR,Paraguay,COL,Colombia,3,0
1957-07-10,BRA,Brazil,ARG,Argentina,2,0
1957-07-14,PAR,Paraguay,URU,Uruguay,5,0
1957-07-28,URU,Uruguay,PAR,Paraguay,2,0
1957-08-13,CUW,Curaçao,HAI,Haiti,1,3
1957-08-21,CUW,Curaçao,PAN,Panama,3,0
1957-09-25,NED,Netherlands,AUT,Austria,1,1
1957-10-13,SWE,Sweden,NOR,Norway,5,2
1957-10-27,BEL,Belgium,FRA,France,0,0
1957-11-06,SCO,Scotland,SUI,Switzerland,3,2
1957-11-17,NED,Netherlands,BEL,Belgium,5,2
1957-11-20,GER,Germany,SWE,Sweden,1,0
1957-11-24,SUI,Switzerland,ESP,Spain,1,4
1957-11-27,ENG,England,FRA,France,4,0
1957-12-08,TUR,Turkey,BEL,Belgium,1,1
1958-03-02,BEL,Belgium,GER,Germany,0,2
1958-03-13,FRA,France,ESP,Spain,2,2
1958-03-19,GER,Germany,ESP,Spain,2,0
1958-04-06,URU,Uruguay,ARG,Argentina,1,0
1958-04-13,BEL,Belgium,NED,Netherlands,2,7
1958-04-13,ESP,Spain,POR,Portugal,1,0
1958-04-16,FRA,France,SUI,Switzerland,0,0
1958-04-19,SCO,Scotland,ENG,England,0,4
1958-04-20,PAR,Paraguay,ARG,Argentina,1,0
1958-04-23,NED,Netherlands,CUW,Curaçao,8,1
1958-04-26,ARG,Argentina,PAR,Paraguay,2,0
1958-04-30,ARG,Argentina,URU,Uruguay,2,0
1958-05-04,BRA,Brazil,PAR,Paraguay,5,1
1958-05-04,NED,Netherlands,TUR,Turkey,1,2
1958-05-07,BRA,Brazil,PAR,Paraguay,0,0
1958-05-07,ENG,England,POR,Portugal,2,1
1958-05-07,SWE,Sweden,SUI,Switzerland,3,2
1958-05-26,SUI,Switzerland,BEL,Belgium,0,2
1958-05-28,NOR,Norway,NED,Netherlands,0,0
1958-05-28,IRN,Iran,KOR,South Korea,0,5
1958-06-08,ARG,Argentina,GER,Germany,1,3
1958-06-08,AUT,Austria,BRA,Brazil,0,3
1958-06-08,FRA,France,PAR,Paraguay,7,3
1958-06-08,SWE,Sweden,MEX,Mexico,3,0
1958-06-11,BRA,Brazil,ENG,England,0,0
1958-06-11,PAR,Paraguay,SCO,Scotland,3,2
1958-06-15,AUT,Austria,ENG,England,2,2
1958-06-15,FRA,France,SCO,Scotland,2,1
1958-06-24,BRA,Brazil,FRA,France,5,2
1958-06-24,SWE,Sweden,GER,Germany,3,1
1958-06-28,FRA,France,GER,Germany,6,3
1958-06-29,SWE,Sweden,BRA,Brazil,2,5
1958-08-16,NZL,New Zealand,AUS,Australia,2,3
1958-08-23,NZL,New Zealand,AUS,Australia,2,2
1958-09-14,NOR,Norway,SWE,Sweden,0,2
1958-09-28,BEL,Belgium,NED,Netherlands,2,3
1958-10-05,AUT,Austria,FRA,France,1,2
1958-10-26,BEL,Belgium,TUR,Turkey,1,1
1958-10-26,FRA,France,GER,Germany,2,2
1958-11-02,NED,Netherlands,SUI,Switzerland,2,0
1958-11-12,NED,Netherlands,RSA,South Africa,9,3
1958-11-19,GER,Germany,AUT,Austria,2,2
1958-12-28,EGY,Egypt,GER,Germany,2,1
1959-03-01,FRA,France,BEL,Belgium,2,2
1959-03-18,PAR,Paraguay,URU,Uruguay,1,3
1959-03-22,ARG,Argentina,PAR,Paraguay,3,1
1959-03-26,BRA,Brazil,URU,Uruguay,3,1
1959-03-29,BRA,Brazil,PAR,Paraguay,4,1
1959-03-30,ARG,Argentina,URU,Uruguay,4,1
1959-04-04,ARG,Argentina,BRA,Brazil,1,1
1959-04-11,ENG,England,SCO,Scotland,1,0
1959-04-19,NED,Netherlands,BEL,Belgium,2,2
1959-05-01,URU,Uruguay,PAR,Paraguay,1,3
1959-05-06,SCO,Scotland,GER,Germany,3,2
1959-05-10,TUR,Turkey,NED,Netherlands,0,0
1959-05-13,BRA,Brazil,ENG,England,2,0
1959-05-16,SUI,Switzerland,POR,Portugal,4,3
1959-05-20,NOR,Norway,AUT,Austria,0,1
1959-05-21,SWE,Sweden,POR,Portugal,2,0
1959-05-24,BEL,Belgium,AUT,Austria,0,2
1959-05-24,MEX,Mexico,ENG,England,2,1
1959-05-27,NED,Netherlands,SCO,Scotland,1,2
1959-05-28,USA,United States,ENG,England,1,8
1959-06-03,POR,Portugal,SCO,Scotland,1,0
1959-06-14,AUT,Austria,BEL,Belgium,4,2
1959-09-05,JPN,Japan,KOR,South Korea,0,0
1959-09-06,JPN,Japan,KOR,South Korea,1,3
1959-09-23,AUT,Austria,NOR,Norway,5,2
1959-10-04,NED,Netherlands,BEL,Belgium,9,1
1959-10-04,SUI,Switzerland,GER,Germany,0,4
1959-10-18,SWE,Sweden,NOR,Norway,6,2
1959-10-21,GER,Germany,NED,Netherlands,7,0
1959-10-28,ENG,England,SWE,Sweden,2,3
1959-11-04,NED,Netherlands,NOR,Norway,7,1
1959-11-11,FRA,France,POR,Portugal,5,3
1959-11-22,ESP,Spain,AUT,Austria,6,3
1959-12-05,BRA,Brazil,PAR,Paraguay,3,2
1959-12-06,ECU,Ecuador,URU,Uruguay,0,4
1959-12-09,ARG,Argentina,PAR,Paraguay,4,2
1959-12-12,BRA,Brazil,URU,Uruguay,0,3
1959-12-12,ECU,Ecuador,ARG,Argentina,1,1
1959-12-13,FRA,France,AUT,Austria,5,2
1959-12-16,ARG,Argentina,URU,Uruguay,0,5
1959-12-17,FRA,France,ESP,Spain,4,3
1959-12-19,ECU,Ecuador,BRA,Brazil,1,3
1959-12-22,ARG,Argentina,BRA,Brazil,4,1
1959-12-22,PAR,Paraguay,URU,Uruguay,1,1
1959-12-25,ECU,Ecuador,PAR,Paraguay,3,1
1959-12-27,ECU,Ecuador,BRA,Brazil,1,2
1960-02-28,BEL,Belgium,FRA,France,1,0
1960-03-06,BRA,Brazil,MEX,Mexico,2,2
1960-03-10,ARG,Argentina,MEX,Mexico,3,2
1960-03-13,ARG,Argentina,BRA,Brazil,2,1
1960-03-15,BRA,Brazil,MEX,Mexico,2,1
1960-03-17,ARG,Argentina,MEX,Mexico,2,0
1960-03-20,ARG,Argentina,BRA,Brazil,0,1
1960-03-27,AUT,Austria,FRA,France,2,4
1960-03-27,BEL,Belgium,SUI,Switzerland,3,1
1960-04-09,SCO,Scotland,ENG,England,1,1
1960-04-24,BEL,Belgium,NED,Netherlands,2,1
1960-04-27,GER,Germany,POR,Portugal,2,1
1960-04-29,EGY,Egypt,BRA,Brazil,0,5
1960-05-01,EGY,Egypt,BRA,Brazil,1,3
1960-05-06,EGY,Egypt,BRA,Brazil,0,3
1960-05-15,ESP,Spain,ENG,England,3,0
1960-05-18,SUI,Switzerland,NED,Netherlands,3,1
1960-05-26,ARG,Argentina,BRA,Brazil,4,2
1960-05-29,ARG,Argentina,BRA,Brazil,1,4
1960-05-29,AUT,Austria,SCO,Scotland,4,1
1960-06-05,TUN,Tunisia,IRQ,Iraq,2,1
1960-06-08,TUR,Turkey,SCO,Scotland,4,2
1960-06-22,NOR,Norway,AUT,Austria,1,2
1960-06-26,MEX,Mexico,NED,Netherlands,3,1
1960-06-29,CUW,Curaçao,NED,Netherlands,0,0
1960-07-03,GHA,Ghana,EGY,Egypt,2,2
1960-07-03,PAR,Paraguay,BRA,Brazil,1,2
1960-07-09,ARG,Argentina,PAR,Paraguay,1,0
1960-07-09,URU,Uruguay,BRA,Brazil,1,0
1960-07-12,BRA,Brazil,ARG,Argentina,5,1
1960-07-13,URU,Uruguay,PAR,Paraguay,2,1
1960-07-24,ARG,Argentina,ESP,Spain,2,0
1960-08-17,ARG,Argentina,URU,Uruguay,4,0
1960-09-18,NOR,Norway,SWE,Sweden,3,1
1960-10-02,BEL,Belgium,NED,Netherlands,1,4
1960-10-12,SUI,Switzerland,FRA,France,6,2
1960-10-19,SWE,Sweden,BEL,Belgium,2,0
1960-10-26,ENG,England,ESP,Spain,4,2
1960-10-30,AUT,Austria,ESP,Spain,3,0
1960-10-30,MAR,Morocco,TUN,Tunisia,2,1
1960-10-30,SWE,Sweden,FRA,France,1,0
1960-11-03,USA,United States,MEX,Mexico,3,3
1960-11-06,KOR,South Korea,JPN,Japan,2,1
1960-11-06,MEX,Mexico,USA,United States,3,0
1960-11-13,TUN,Tunisia,MAR,Morocco,2,1
1960-11-20,BEL,Belgium,SUI,Switzerland,2,4
1960-12-04,ECU,Ecuador,ARG,Argentina,3,6
1960-12-17,ARG,Argentina,ECU,Ecuador,5,0
1960-12-23,IRQ,Iraq,TUN,Tunisia,3,2
1961-01-22,MAR,Morocco,TUN,Tunisia,1,1
1961-02-05,COL,Colombia,USA,United States,2,0
1961-03-08,GER,Germany,BEL,Belgium,1,0
1961-03-13,HAI,Haiti,PAN,Panama,3,1
1961-03-15,FRA,France,BEL,Belgium,1,1
1961-03-19,PAN,Panama,PAR,Paraguay,0,0
1961-03-22,NED,Netherlands,BEL,Belgium,6,2
1961-03-22,PAN,Panama,HAI,Haiti,0,3
1961-03-23,PAN,Panama,HAI,Haiti,0,2
1961-04-02,GHA,Ghana,MAR,Morocco,0,0
1961-04-02,ESP,Spain,FRA,France,2,0
1961-04-05,MEX,Mexico,CUW,Curaçao,7,0
1961-04-15,ENG,England,SCO,Scotland,9,3
1961-04-19,NED,Netherlands,MEX,Mexico,1,2
1961-04-30,PAR,Paraguay,BRA,Brazil,0,2
1961-05-03,PAR,Paraguay,BRA,Brazil,2,3
1961-05-10,ENG,England,MEX,Mexico,8,0
1961-05-16,NOR,Norway,MEX,Mexico,1,1
1961-05-17,PAR,Paraguay,ARG,Argentina,0,0
1961-05-20,SUI,Switzerland,BEL,Belgium,2,1
1961-05-21,CUW,Curaçao,MEX,Mexico,0,0
1961-05-21,POR,Portugal,ENG,England,1,1
1961-05-27,AUT,Austria,ENG,England,3,1
1961-05-28,MAR,Morocco,GHA,Ghana,1,0
1961-05-28,SWE,Sweden,SUI,Switzerland,4,0
1961-06-01,NOR,Norway,TUR,Turkey,0,1
1961-06-04,POR,Portugal,ARG,Argentina,0,2
1961-06-11,JPN,Japan,KOR,South Korea,0,2
1961-06-11,ESP,Spain,ARG,Argentina,2,0
1961-06-29,BRA,Brazil,PAR,Paraguay,3,2
1961-10-04,BEL,Belgium,SWE,Sweden,0,2
1961-10-12,ARG,Argentina,PAR,Paraguay,5,1
1961-10-18,BEL,Belgium,FRA,France,3,0
1961-10-18,TUR,Turkey,KOR,South Korea,1,0
1961-10-22,SWE,Sweden,NOR,Norway,2,0
1961-10-25,ENG,England,POR,Portugal,2,0
1961-10-29,MEX,Mexico,PAR,Paraguay,1,0
1961-10-29,SUI,Switzerland,SWE,Sweden,3,2
1961-10-29,TUR,Turkey,NOR,Norway,2,1
1961-11-05,PAR,Paraguay,MEX,Mexico,0,0
1961-11-12,MAR,Morocco,ESP,Spain,0,1
1961-11-12,NED,Netherlands,BEL,Belgium,0,4
1961-11-12,SUI,Switzerland,SWE,Sweden,2,1
1961-11-23,ESP,Spain,MAR,Morocco,3,2
1961-12-10,FRA,France,ESP,Spain,1,1
1961-12-29,CIV,Ivory Coast,SEN,Senegal,1,1
1962-01-05,EGY,Egypt,AUT,Austria,1,0
1962-03-13,URU,Uruguay,ARG,Argentina,1,1
1962-03-28,ARG,Argentina,MEX,Mexico,1,0
1962-04-01,BEL,Belgium,NED,Netherlands,3,1
1962-04-01,COL,Colombia,MEX,Mexico,0,1
1962-04-04,COL,Colombia,MEX,Mexico,2,2
1962-04-04,ENG,England,AUT,Austria,3,1
1962-04-11,GER,Germany,URU,Uruguay,3,0
1962-04-14,SCO,Scotland,ENG,England,2,0
1962-04-21,BRA,Brazil,PAR,Paraguay,6,0
1962-04-24,BRA,Brazil,PAR,Paraguay,4,0
1962-04-25,MEX,Mexico,COL,Colombia,1,0
1962-05-02,SCO,Scotland,URU,Uruguay,2,3
1962-05-06,BRA,Brazil,POR,Portugal,2,1
1962-05-09,BRA,Brazil,POR,Portugal,1,0
1962-05-09,ENG,England,SUI,Switzerland,3,1
1962-05-16,NOR,Norway,NED,Netherlands,2,1
1962-05-17,POR,Portugal,BEL,Belgium,1,2
1962-05-30,BRA,Brazil,MEX,Mexico,2,0
1962-05-30,COL,Colombia,URU,Uruguay,1,2
1962-06-02,ARG,Argentina,ENG,England,1,3
1962-06-03,GER,Germany,SUI,Switzerland,2,1
1962-06-03,MEX,Mexico,ESP,Spain,0,1
1962-06-06,BRA,Brazil,ESP,Spain,2,1
1962-06-10,BRA,Brazil,ENG,England,3,1
1962-06-21,NOR,Norway,SWE,Sweden,0,2
1962-08-15,ARG,Argentina,URU,Uruguay,3,1
1962-08-30,KOR,South Korea,JPN,Japan,1,0
1962-09-05,NED,Netherlands,CUW,Curaçao,8,0
1962-09-16,NOR,Norway,SWE,Sweden,2,1
1962-10-03,ENG,England,FRA,France,1,1
1962-10-14,BEL,Belgium,NED,Netherlands,2,0
1962-10-24,GER,Germany,FRA,France,2,2
1962-11-04,SWE,Sweden,NOR,Norway,1,1
1962-11-11,NED,Netherlands,SUI,Switzerland,3,1
1962-11-30,SEN,Senegal,CIV,Ivory Coast,1,1
1962-12-02,BEL,Belgium,ESP,Spain,1,1
1962-12-23,GER,Germany,SUI,Switzerland,5,1
1963-01-09,ESP,Spain,FRA,France,0,0
1963-01-13,MAR,Morocco,SUI,Switzerland,1,0
1963-02-27,FRA,France,ENG,England,5,2
1963-03-02,HAI,Haiti,CUW,Curaçao,0,1
1963-03-03,NED,Netherlands,BEL,Belgium,0,1
1963-03-03,PAR,Paraguay,BRA,Brazil,2,2
1963-03-10,ARG,Argentina,COL,Colombia,4,2
1963-03-10,CIV,Ivory Coast,TUN,Tunisia,3,0
1963-03-14,BRA,Brazil,COL,Colombia,5,1
1963-03-14,ECU,Ecuador,PAR,Paraguay,1,3
1963-03-17,BRA,Brazil,PAR,Paraguay,0,2
1963-03-20,ARG,Argentina,ECU,Ecuador,4,2
1963-03-20,COL,Colombia,PAR,Paraguay,2,3
1963-03-24,ARG,Argentina,BRA,Brazil,3,0
1963-03-24,MEX,Mexico,CUW,Curaçao,1,2
1963-03-27,BRA,Brazil,ECU,Ecuador,2,2
1963-03-31,ARG,Argentina,PAR,Paraguay,1,1
1963-03-31,COL,Colombia,ECU,Ecuador,3,4
1963-03-31,SUI,Switzerland,NED,Netherlands,1,1
1963-04-04,JOR,Jordan,TUN,Tunisia,0,4
1963-04-06,ENG,England,SCO,Scotland,1,2
1963-04-13,BRA,Brazil,ARG,Argentina,2,3
1963-04-13,TUN,Tunisia,CIV,Ivory Coast,3,1
1963-04-15,CIV,Ivory Coast,COD,DR Congo,1,0
1963-04-16,BRA,Brazil,ARG,Argentina,5,2
1963-04-16,COD,DR Congo,TUN,Tunisia,1,0
1963-04-17,NED,Netherlands,FRA,France,1,0
1963-04-18,SEN,Senegal,FRA,France,2,0
1963-04-20,SEN,Senegal,TUN,Tunisia,1,1
1963-04-21,POR,Portugal,BRA,Brazil,1,0
1963-04-24,BEL,Belgium,BRA,Brazil,5,1
1963-04-28,FRA,France,BRA,Brazil,2,3
1963-05-02,NED,Netherlands,BRA,Brazil,1,0
1963-05-05,GER,Germany,BRA,Brazil,1,2
1963-05-08,ENG,England,BRA,Brazil,1,1
1963-05-08,SCO,Scotland,AUT,Austria,4,1
1963-05-17,EGY,Egypt,BRA,Brazil,0,1
1963-06-04,NOR,Norway,SCO,Scotland,4,3
1963-06-05,SUI,Switzerland,ENG,England,1,8
1963-06-13,ESP,Spain,SCO,Scotland,2,6
1963-06-16,TUN,Tunisia,MAR,Morocco,4,1
1963-07-02,MAR,Morocco,TUN,Tunisia,4,2
1963-07-07,ALG,Algeria,EGY,Egypt,2,2
1963-08-13,KOR,South Korea,JPN,Japan,1,1
1963-08-14,SWE,Sweden,NOR,Norway,0,0
1963-09-28,GER,Germany,TUR,Turkey,3,0
1963-10-15,PAR,Paraguay,ARG,Argentina,0,4
1963-10-20,NED,Netherlands,BEL,Belgium,1,1
1963-10-29,ARG,Argentina,PAR,Paraguay,2,3
1963-11-03,SWE,Sweden,GER,Germany,2,1
1963-11-03,SUI,Switzerland,NOR,Norway,0,2
1963-11-07,SCO,Scotland,NOR,Norway,6,1
1963-11-11,FRA,France,SUI,Switzerland,2,2
1963-11-18,EGY,Egypt,KSA,Saudi Arabia,7,0
1963-11-24,GHA,Ghana,TUN,Tunisia,1,1
1963-12-01,ESP,Spain,BEL,Belgium,1,2
1963-12-15,TUN,Tunisia,ALG,Algeria,0,0
1963-12-25,FRA,France,BEL,Belgium,1,2
1963-12-29,MAR,Morocco,GER,Germany,1,4
1964-01-01,ALG,Algeria,GER,Germany,2,0
1964-03-20,EGY,Egypt,ALG,Algeria,1,0
1964-03-22,BEL,Belgium,NED,Netherlands,0,0
1964-04-11,SCO,Scotland,ENG,England,1,0
1964-04-12,NED,Netherlands,AUT,Austria,1,1
1964-04-15,SUI,Switzerland,BEL,Belgium,2,0
1964-04-29,NED,Netherlands,SWE,Sweden,0,1
1964-04-29,SUI,Switzerland,POR,Portugal,2,3
1964-05-03,BEL,Belgium,POR,Portugal,1,2
1964-05-06,ENG,England,URU,Uruguay,2,1
1964-05-12,GER,Germany,SCO,Scotland,2,2
1964-05-14,AUT,Austria,URU,Uruguay,0,2
1964-05-17,POR,Portugal,ENG,England,3,4
1964-05-27,USA,United States,ENG,England,0,10
1964-05-30,BRA,Brazil,ENG,England,5,1
1964-05-31,ARG,Argentina,POR,Portugal,2,0
1964-06-03,BRA,Brazil,ARG,Argentina,0,3
1964-06-04,ENG,England,POR,Portugal,1,1
1964-06-06,ARG,Argentina,ENG,England,1,0
1964-06-07,BRA,Brazil,POR,Portugal,4,1
1964-07-01,NOR,Norway,SUI,Switzerland,3,2
1964-09-20,NOR,Norway,SWE,Sweden,1,1
1964-09-30,BEL,Belgium,NED,Netherlands,1,0
1964-10-21,ENG,England,BEL,Belgium,2,2
1964-11-01,TUR,Turkey,TUN,Tunisia,4,1
1964-11-04,GER,Germany,SWE,Sweden,1,1
1964-11-11,FRA,France,NOR,Norway,1,0
1964-11-15,POR,Portugal,ESP,Spain,2,1
1964-11-25,PAR,Paraguay,ARG,Argentina,3,0
1964-12-02,BEL,Belgium,FRA,France,3,0
1964-12-08,ARG,Argentina,PAR,Paraguay,8,1
1964-12-09,NED,Netherlands,ENG,England,1,1
1965-01-17,CIV,Ivory Coast,COD,DR Congo,2,0
1965-01-24,POR,Portugal,TUR,Turkey,5,1
1965-02-28,TUN,Tunisia,MAR,Morocco,0,0
1965-03-07,USA,United States,MEX,Mexico,2,2
1965-03-12,MEX,Mexico,USA,United States,2,0
1965-03-24,FRA,France,AUT,Austria,1,2
1965-04-01,MEX,Mexico,CUW,Curaçao,5,0
1965-04-04,HAI,Haiti,MEX,Mexico,0,3
1965-04-08,HAI,Haiti,CUW,Curaçao,1,1
1965-04-10,ENG,England,SCO,Scotland,2,2
1965-04-14,GHA,Ghana,COD,DR Congo,4,1
1965-04-19,TUR,Turkey,POR,Portugal,0,1
1965-04-25,PAR,Paraguay,URU,Uruguay,2,1
1965-05-01,URU,Uruguay,PAR,Paraguay,4,0
1965-05-02,MAR,Morocco,TUN,Tunisia,0,1
1965-05-08,SCO,Scotland,ESP,Spain,0,0
1965-05-12,GER,Germany,ENG,England,0,1
1965-05-16,SWE,Sweden,ENG,England,1,2
1965-05-22,IRN,Iran,TUR,Turkey,1,2
1965-05-24,IRN,Iran,TUR,Turkey,2,1
1965-05-26,SUI,Switzerland,GER,Germany,0,1
1965-06-02,BRA,Brazil,BEL,Belgium,5,0
1965-06-03,FRA,France,ARG,Argentina,0,0
1965-06-06,BRA,Brazil,GER,Germany,2,0
1965-06-09,BRA,Brazil,ARG,Argentina,0,0
1965-06-17,ALG,Algeria,BRA,Brazil,0,3
1965-06-24,POR,Portugal,BRA,Brazil,0,0
1965-06-30,SWE,Sweden,BRA,Brazil,1,2
1965-07-19,CIV,Ivory Coast,ALG,Algeria,1,0
1965-07-20,COL,Colombia,ECU,Ecuador,0,1
1965-07-20,ALG,Algeria,COD,DR Congo,4,1
1965-07-21,CIV,Ivory Coast,COD,DR Congo,1,1
1965-07-25,ECU,Ecuador,COL,Colombia,2,0
1965-07-25,IRN,Iran,TUR,Turkey,0,0
1965-07-25,CIV,Ivory Coast,ALG,Algeria,2,0
1965-07-30,JOR,Jordan,IRQ,Iraq,0,0
1965-08-01,ARG,Argentina,PAR,Paraguay,3,0
1965-08-08,PAR,Paraguay,ARG,Argentina,0,0
1965-09-05,COD,DR Congo,CIV,Ivory Coast,4,2
1965-09-07,BRA,Brazil,URU,Uruguay,3,0
1965-09-15,NOR,Norway,FRA,France,0,1
1965-09-26,SWE,Sweden,GER,Germany,1,2
1965-10-09,GER,Germany,AUT,Austria,4,1
1965-10-17,NED,Netherlands,SUI,Switzerland,0,0
1965-10-20,ENG,England,AUT,Austria,2,3
1965-10-31,ALG,Algeria,MAR,Morocco,0,0
1965-10-31,SWE,Sweden,NOR,Norway,0,0
1965-11-12,COD,DR Congo,GHA,Ghana,2,5
1965-11-14,COD,DR Congo,CIV,Ivory Coast,0,3
1965-11-14,SUI,Switzerland,NED,Netherlands,2,1
1965-11-14,TUN,Tunisia,SEN,Senegal,0,0
1965-11-19,GHA,Ghana,CIV,Ivory Coast,4,1
1965-11-21,CIV,Ivory Coast,SEN,Senegal,1,0
1965-11-21,TUN,Tunisia,GHA,Ghana,2,3
1965-12-08,ESP,Spain,ENG,England,0,2
1966-02-23,ENG,England,GER,Germany,1,0
1966-03-06,MAR,Morocco,ALG,Algeria,1,0
1966-03-16,IRN,Iran,TUR,Turkey,0,0
1966-03-18,IRQ,Iraq,MAR,Morocco,0,1
1966-03-19,IRQ,Iraq,MAR,Morocco,1,2
1966-03-23,NED,Netherlands,GER,Germany,2,4
1966-04-02,SCO,Scotland,ENG,England,3,4
1966-04-02,IRQ,Iraq,JOR,Jordan,2,1
1966-04-17,NED,Netherlands,BEL,Belgium,3,1
1966-04-20,FRA,France,BEL,Belgium,0,3
1966-04-24,MEX,Mexico,PAR,Paraguay,7,0
1966-05-11,SCO,Scotland,NED,Netherlands,0,3
1966-05-15,PAR,Paraguay,URU,Uruguay,2,2
1966-05-18,URU,Uruguay,PAR,Paraguay,3,1
1966-06-12,POR,Portugal,NOR,Norway,4,0
1966-06-16,HAI,Haiti,CUW,Curaçao,3,0
1966-06-18,SCO,Scotland,POR,Portugal,0,1
1966-06-19,SUI,Switzerland,MEX,Mexico,1,1
1966-06-23,ESP,Spain,URU,Uruguay,1,1
1966-06-25,SCO,Scotland,BRA,Brazil,1,1
1966-06-26,POR,Portugal,URU,Uruguay,3,0
1966-06-29,NOR,Norway,ENG,England,1,6
1966-06-30,COD,DR Congo,GHA,Ghana,0,3
1966-06-30,SWE,Sweden,BRA,Brazil,2,3
1966-07-11,ENG,England,URU,Uruguay,0,0
1966-07-12,GER,Germany,SUI,Switzerland,5,0
1966-07-13,ARG,Argentina,ESP,Spain,2,1
1966-07-13,FRA,France,MEX,Mexico,1,1
1966-07-15,FRA,France,URU,Uruguay,1,2
1966-07-15,ESP,Spain,SUI,Switzerland,2,1
1966-07-16,ARG,Argentina,GER,Germany,0,0
1966-07-16,ENG,England,MEX,Mexico,2,0
1966-07-19,ARG,Argentina,SUI,Switzerland,2,0
1966-07-19,BRA,Brazil,POR,Portugal,1,3
1966-07-19,MEX,Mexico,URU,Uruguay,0,0
1966-07-20,ENG,England,FRA,France,2,0
1966-07-20,GER,Germany,ESP,Spain,2,1
1966-07-23,ENG,England,ARG,Argentina,1,0
1966-07-23,GER,Germany,URU,Uruguay,4,0
1966-07-26,ENG,England,POR,Portugal,2,1
1966-07-30,ENG,England,GER,Germany,4,2
1966-08-14,KOR,South Korea,JPN,Japan,2,0
1966-09-18,AUT,Austria,NED,Netherlands,2,1
1966-09-18,NOR,Norway,SWE,Sweden,2,4
1966-10-05,SWE,Sweden,AUT,Austria,4,1
1966-10-12,TUR,Turkey,GER,Germany,0,2
1966-10-22,BEL,Belgium,SUI,Switzerland,1,0
1966-11-01,CIV,Ivory Coast,GHA,Ghana,1,1
1966-11-11,BEL,Belgium,FRA,France,2,1
1966-11-13,POR,Portugal,SWE,Sweden,1,2
1966-11-19,GER,Germany,NOR,Norway,3,0
1966-11-24,ALG,Algeria,MAR,Morocco,2,2
1966-12-11,IRN,Iran,JPN,Japan,1,3
1966-12-18,JPN,Japan,IRN,Iran,0,1
1966-12-21,ECU,Ecuador,PAR,Paraguay,2,2
1966-12-28,PAR,Paraguay,ECU,Ecuador,3,1
1967-01-05,MEX,Mexico,SUI,Switzerland,3,0
1967-01-08,MEX,Mexico,SUI,Switzerland,0,2
1967-01-18,ARG,Argentina,PAR,Paraguay,4,1
1967-01-19,CUW,Curaçao,HAI,Haiti,0,1
1967-01-22,TUN,Tunisia,TUR,Turkey,0,0
1967-01-29,URU,Uruguay,PAR,Paraguay,2,0
1967-02-01,TUR,Turkey,ESP,Spain,0,0
1967-02-02,URU,Uruguay,ARG,Argentina,1,0
1967-02-19,GHA,Ghana,CIV,Ivory Coast,2,2
1967-02-22,GER,Germany,MAR,Morocco,5,1
1967-03-14,HAI,Haiti,MEX,Mexico,0,1
1967-04-15,ENG,England,SCO,Scotland,2,3
1967-04-16,BEL,Belgium,NED,Netherlands,1,0
1967-05-24,ENG,England,ESP,Spain,2,0
1967-05-24,GHA,Ghana,COD,DR Congo,2,0
1967-05-27,AUT,Austria,ENG,England,0,1
1967-05-31,ESP,Spain,TUR,Turkey,2,0
1967-06-01,SWE,Sweden,POR,Portugal,1,1
1967-06-08,NOR,Norway,POR,Portugal,1,2
1967-06-25,URU,Uruguay,BRA,Brazil,0,0
1967-06-28,URU,Uruguay,BRA,Brazil,2,2
1967-07-01,URU,Uruguay,BRA,Brazil,1,1
1967-08-01,JPN,Japan,KOR,South Korea,2,1
1967-08-22,MEX,Mexico,ARG,Argentina,2,1
1967-09-01,COD,DR Congo,GHA,Ghana,0,2
1967-09-03,NOR,Norway,SWE,Sweden,3,1
1967-09-27,GER,Germany,FRA,France,5,1
1967-10-13,PAR,Paraguay,ARG,Argentina,1,1
1967-10-28,FRA,France,BEL,Belgium,1,1
1967-11-05,AUS,Australia,NZL,New Zealand,5,3
1967-11-05,SWE,Sweden,NOR,Norway,5,2
1967-11-12,POR,Portugal,NOR,Norway,2,1
1967-11-14,AUS,Australia,KOR,South Korea,3,2
1967-11-26,IRN,Iran,TUR,Turkey,0,1
1967-12-10,KSA,Saudi Arabia,TUN,Tunisia,4,0
1968-01-12,ALG,Algeria,CIV,Ivory Coast,0,3
1968-01-12,GHA,Ghana,SEN,Senegal,2,2
1968-01-14,COD,DR Congo,GHA,Ghana,1,2
1968-01-16,COD,DR Congo,SEN,Senegal,2,1
1968-01-19,GHA,Ghana,CIV,Ivory Coast,4,3
1968-01-21,COD,DR Congo,GHA,Ghana,1,0
1968-02-24,SCO,Scotland,ENG,England,1,1
1968-02-28,ESP,Spain,SWE,Sweden,3,1
1968-03-06,BEL,Belgium,GER,Germany,1,3
1968-03-13,TUR,Turkey,TUN,Tunisia,0,0
1968-03-17,MAR,Morocco,ALG,Algeria,0,0
1968-03-26,MEX,Mexico,JPN,Japan,4,0
1968-03-30,AUS,Australia,JPN,Japan,2,2
1968-03-31,AUS,Australia,JPN,Japan,3,1
1968-04-03,ENG,England,ESP,Spain,1,0
1968-04-04,AUS,Australia,JPN,Japan,1,3
1968-04-07,NED,Netherlands,BEL,Belgium,1,2
1968-04-17,SUI,Switzerland,GER,Germany,0,0
1968-05-02,SWE,Sweden,ESP,Spain,1,1
1968-05-08,ESP,Spain,ENG,England,1,2
1968-05-15,PAR,Paraguay,ARG,Argentina,2,0
1968-05-19,GHA,Ghana,CIV,Ivory Coast,2,1
1968-05-21,MEX,Mexico,URU,Uruguay,3,3
1968-05-22,ENG,England,SWE,Sweden,3,1
1968-05-28,MEX,Mexico,URU,Uruguay,2,2
1968-05-30,NED,Netherlands,SCO,Scotland,0,0
1968-06-01,GER,Germany,ENG,England,1,0
1968-06-02,PAR,Paraguay,URU,Uruguay,0,0
1968-06-05,ARG,Argentina,URU,Uruguay,2,0
1968-06-09,BRA,Brazil,URU,Uruguay,2,0
1968-06-12,BRA,Brazil,URU,Uruguay,4,0
1968-06-16,GER,Germany,BRA,Brazil,2,1
1968-06-20,URU,Uruguay,ARG,Argentina,2,1
1968-06-30,POR,Portugal,BRA,Brazil,0,2
1968-07-07,MEX,Mexico,BRA,Brazil,0,2
1968-07-10,MEX,Mexico,BRA,Brazil,2,1
1968-07-25,PAR,Paraguay,BRA,Brazil,0,4
1968-07-28,PAR,Paraguay,BRA,Brazil,1,0
1968-08-07,BRA,Brazil,ARG,Argentina,4,1
1968-08-11,BRA,Brazil,ARG,Argentina,3,2
1968-09-15,NOR,Norway,SWE,Sweden,1,1
1968-09-22,SUI,Switzerland,AUT,Austria,1,0
1968-09-25,FRA,France,GER,Germany,1,1
1968-10-09,SWE,Sweden,NOR,Norway,5,0
1968-10-13,AUT,Austria,GER,Germany,0,2
1968-10-13,CAN,Canada,USA,United States,4,2
1968-10-16,COL,Colombia,MEX,Mexico,0,1
1968-10-17,FRA,France,ESP,Spain,1,3
1968-10-20,HAI,Haiti,USA,United States,3,6
1968-10-21,HAI,Haiti,USA,United States,5,2
1968-10-23,HAI,Haiti,USA,United States,1,0
1968-10-26,URU,Uruguay,MEX,Mexico,0,2
1968-10-26,USA,United States,CAN,Canada,1,0
1968-10-31,BRA,Brazil,MEX,Mexico,1,2
1968-11-03,BRA,Brazil,MEX,Mexico,2,1
1968-11-03,MAR,Morocco,SEN,Senegal,1,0
1968-11-06,FRA,France,NOR,Norway,0,1
1968-11-06,SCO,Scotland,AUT,Austria,2,1
1968-11-17,ALG,Algeria,TUN,Tunisia,1,2
1968-11-24,COD,DR Congo,TUN,Tunisia,1,0
1968-12-01,GHA,Ghana,SEN,Senegal,2,0
1968-12-11,ESP,Spain,BEL,Belgium,1,1
1968-12-14,BRA,Brazil,GER,Germany,2,2
1968-12-22,MEX,Mexico,GER,Germany,0,0
1968-12-29,TUN,Tunisia,ALG,Algeria,0,0
1969-01-05,SEN,Senegal,MAR,Morocco,2,1
1969-01-17,KSA,Saudi Arabia,TUR,Turkey,1,2
1969-01-26,COD,DR Congo,SEN,Senegal,4,0
1969-02-04,MEX,Mexico,COL,Colombia,1,0
1969-02-13,MAR,Morocco,SEN,Senegal,2,0
1969-02-23,BEL,Belgium,ESP,Spain,2,1
1969-03-07,IRN,Iran,IRQ,Iraq,2,1
1969-03-09,ALG,Algeria,MAR,Morocco,2,0
1969-03-12,ENG,England,FRA,France,5,0
1969-03-19,ARG,Argentina,PAR,Paraguay,1,1
1969-03-22,MAR,Morocco,ALG,Algeria,2,0
1969-03-26,ESP,Spain,SUI,Switzerland,1,0
1969-04-06,POR,Portugal,MEX,Mexico,0,0
1969-04-09,PAR,Paraguay,ARG,Argentina,0,0
1969-04-16,BEL,Belgium,MEX,Mexico,2,0
1969-04-16,POR,Portugal,SUI,Switzerland,0,2
1969-04-16,SCO,Scotland,GER,Germany,1,1
1969-04-20,HAI,Haiti,USA,United States,2,0
1969-04-23,ESP,Spain,MEX,Mexico,0,0
1969-04-27,TUN,Tunisia,MAR,Morocco,0,0
1969-05-01,SWE,Sweden,MEX,Mexico,1,0
1969-05-08,NOR,Norway,MEX,Mexico,0,2
1969-05-10,ENG,England,SCO,Scotland,4,1
1969-05-10,GER,Germany,AUT,Austria,1,0
1969-05-11,USA,United States,HAI,Haiti,0,1
1969-05-18,MAR,Morocco,TUN,Tunisia,0,0
1969-06-01,MEX,Mexico,ENG,England,0,0
1969-06-01,SWE,Sweden,NOR,Norway,4,2
1969-06-03,MEX,Mexico,ENG,England,0,4
1969-06-08,URU,Uruguay,ENG,England,1,2
1969-06-12,BRA,Brazil,ENG,England,2,1
1969-06-13,TUN,Tunisia,MAR,Morocco,2,2
1969-06-19,NOR,Norway,SWE,Sweden,2,5
1969-06-22,ECU,Ecuador,COL,Colombia,4,1
1969-07-02,COL,Colombia,URU,Uruguay,0,1
1969-07-06,ECU,Ecuador,URU,Uruguay,0,2
1969-07-20,URU,Uruguay,ECU,Ecuador,1,0
1969-08-06,COL,Colombia,BRA,Brazil,0,2
1969-08-10,COL,Colombia,PAR,Paraguay,0,1
1969-08-17,PAR,Paraguay,BRA,Brazil,0,3
1969-08-21,BRA,Brazil,COL,Colombia,6,2
1969-08-24,PAR,Paraguay,COL,Colombia,2,1
1969-08-31,BRA,Brazil,PAR,Paraguay,1,0
1969-09-10,NOR,Norway,FRA,France,1,3
1969-09-17,TUR,Turkey,IRN,Iran,4,0
1969-09-19,EGY,Egypt,ALG,Algeria,1,0
1969-09-21,AUT,Austria,GER,Germany,1,1
1969-09-24,TUR,Turkey,SUI,Switzerland,3,0
1969-09-28,ALG,Algeria,EGY,Egypt,1,1
1969-10-10,JPN,Japan,AUS,Australia,1,3
1969-10-12,KOR,South Korea,JPN,Japan,2,2
1969-10-14,KOR,South Korea,AUS,Australia,1,2
1969-10-15,SWE,Sweden,FRA,France,2,0
1969-10-16,AUS,Australia,JPN,Japan,1,1
1969-10-18,KOR,South Korea,JPN,Japan,2,0
1969-10-20,KOR,South Korea,AUS,Australia,1,1
1969-10-22,GER,Germany,SCO,Scotland,3,2
1969-10-30,ALG,Algeria,MAR,Morocco,1,0
1969-11-01,FRA,France,SWE,Sweden,3,0
1969-11-02,SUI,Switzerland,POR,Portugal,1,1
1969-11-05,AUT,Austria,SCO,Scotland,2,0
1969-11-05,MEX,Mexico,BEL,Belgium,1,0
1969-11-05,NED,Netherlands,ENG,England,0,1
1969-11-09,CIV,Ivory Coast,MAR,Morocco,1,0
1969-11-11,MEX,Mexico,NOR,Norway,4,0
1969-12-04,MEX,Mexico,CUW,Curaçao,2,2
1969-12-10,ENG,England,POR,Portugal,1,0
1970-01-14,ENG,England,NED,Netherlands,0,0
1970-02-07,COD,DR Congo,GHA,Ghana,0,2
1970-02-09,EGY,Egypt,GHA,Ghana,1,1
1970-02-11,COD,DR Congo,EGY,Egypt,0,1
1970-02-11,ESP,Spain,GER,Germany,2,0
1970-02-14,GHA,Ghana,CIV,Ivory Coast,2,1
1970-02-16,EGY,Egypt,CIV,Ivory Coast,3,1
1970-02-22,MEX,Mexico,SWE,Sweden,0,0
1970-02-25,BEL,Belgium,ENG,England,1,3
1970-03-01,MEX,Mexico,SWE,Sweden,0,1
1970-03-04,BRA,Brazil,ARG,Argentina,0,2
1970-03-08,BRA,Brazil,ARG,Argentina,2,1
1970-04-02,KSA,Saudi Arabia,QAT,Qatar,1,1
1970-04-08,ARG,Argentina,URU,Uruguay,2,1
1970-04-12,BRA,Brazil,PAR,Paraguay,0,0
1970-04-15,GHA,Ghana,CIV,Ivory Coast,3,0
1970-04-15,URU,Uruguay,ARG,Argentina,2,1
1970-04-19,GHA,Ghana,CIV,Ivory Coast,1,1
1970-04-22,SUI,Switzerland,ESP,Spain,0,1
1970-04-25,SCO,Scotland,ENG,England,0,0
1970-04-29,BRA,Brazil,AUT,Austria,1,0
1970-04-29,MEX,Mexico,ECU,Ecuador,4,2
1970-05-03,SUI,Switzerland,FRA,France,2,1
1970-05-20,COL,Colombia,ENG,England,0,4
1970-05-24,ECU,Ecuador,ENG,England,0,2
1970-06-03,GER,Germany,MAR,Morocco,2,1
1970-06-07,BRA,Brazil,ENG,England,1,0
1970-06-10,SWE,Sweden,URU,Uruguay,1,0
1970-06-11,MEX,Mexico,BEL,Belgium,1,0
1970-06-14,ENG,England,GER,Germany,2,3
1970-06-17,BRA,Brazil,URU,Uruguay,3,1
1970-06-20,GER,Germany,URU,Uruguay,1,0
1970-08-02,JPN,Japan,KOR,South Korea,1,1
1970-09-11,IRN,Iran,TUR,Turkey,1,1
1970-09-30,BRA,Brazil,MEX,Mexico,2,1
1970-10-07,AUT,Austria,FRA,France,1,0
1970-10-17,GER,Germany,TUR,Turkey,1,1
1970-10-18,CIV,Ivory Coast,SEN,Senegal,0,1
1970-10-22,PAR,Paraguay,ARG,Argentina,1,1
1970-11-04,IRN,Iran,AUS,Australia,1,2
1970-11-11,FRA,France,NOR,Norway,3,1
1970-11-15,BEL,Belgium,FRA,France,1,2
1970-12-10,ALG,Algeria,MAR,Morocco,3,1
1970-12-11,IRN,Iran,KOR,South Korea,0,1
1970-12-18,JPN,Japan,KOR,South Korea,1,2
1970-12-27,MAR,Morocco,ALG,Algeria,3,0
1971-01-08,ARG,Argentina,FRA,France,3,4
1971-01-10,GHA,Ghana,COD,DR Congo,1,1
1971-01-13,ARG,Argentina,FRA,France,2,0
1971-02-03,BEL,Belgium,SCO,Scotland,3,0
1971-02-17,BEL,Belgium,POR,Portugal,3,0
1971-03-17,ESP,Spain,FRA,France,2,2
1971-04-21,POR,Portugal,SCO,Scotland,2,0
1971-04-25,TUR,Turkey,GER,Germany,0,3
1971-05-02,CIV,Ivory Coast,GHA,Ghana,2,6
1971-05-22,ENG,England,SCO,Scotland,3,1
1971-05-26,SWE,Sweden,AUT,Austria,1,0
1971-06-22,NOR,Norway,GER,Germany,1,7
1971-06-27,SWE,Sweden,GER,Germany,1,0
1971-07-04,PAR,Paraguay,ARG,Argentina,1,1
1971-07-09,ARG,Argentina,PAR,Paraguay,1,0
1971-07-11,BRA,Brazil,AUT,Austria,1,1
1971-07-14,ARG,Argentina,URU,Uruguay,1,0
1971-07-18,URU,Uruguay,ARG,Argentina,1,1
1971-07-24,BRA,Brazil,PAR,Paraguay,1,0
1971-07-28,ARG,Argentina,BRA,Brazil,1,1
1971-07-31,ARG,Argentina,BRA,Brazil,2,2
1971-08-08,SWE,Sweden,NOR,Norway,3,0
1971-09-04,AUT,Austria,SWE,Sweden,1,0
1971-09-08,GER,Germany,MEX,Mexico,5,0
1971-09-08,NOR,Norway,FRA,France,1,3
1971-09-10,KOR,South Korea,IRN,Iran,2,0
1971-09-12,KOR,South Korea,IRN,Iran,0,2
1971-09-26,SUI,Switzerland,TUR,Turkey,4,0
1971-10-13,MAR,Morocco,EGY,Egypt,3,0
1971-10-13,SCO,Scotland,POR,Portugal,2,1
1971-10-13,SUI,Switzerland,ENG,England,2,3
1971-10-27,EGY,Egypt,MAR,Morocco,3,2
1971-11-10,ENG,England,SUI,Switzerland,1,1
1971-11-10,SCO,Scotland,BEL,Belgium,1,0
1971-11-21,HAI,Haiti,MEX,Mexico,0,0
1971-11-21,POR,Portugal,BEL,Belgium,1,1
1971-12-01,NED,Netherlands,SCO,Scotland,2,1
1971-12-18,IRQ,Iraq,JOR,Jordan,2,0
1972-01-01,IRQ,Iraq,EGY,Egypt,0,0
1972-01-04,ALG,Algeria,QAT,Qatar,3,0
1972-01-12,IRQ,Iraq,ALG,Algeria,3,1
1972-01-14,IRQ,Iraq,EGY,Egypt,1,3
1972-02-17,SEN,Senegal,MAR,Morocco,1,3
1972-02-20,TUN,Tunisia,AUT,Austria,3,3
1972-02-29,MAR,Morocco,COD,DR Congo,1,1
1972-03-24,KSA,Saudi Arabia,QAT,Qatar,4,0
1972-04-19,GHA,Ghana,CIV,Ivory Coast,1,2
1972-04-26,BRA,Brazil,PAR,Paraguay,3,2
1972-04-26,SUI,Switzerland,SWE,Sweden,1,1
1972-04-29,ENG,England,GER,Germany,1,3
1972-05-07,KOR,South Korea,IRQ,Iraq,0,0
1972-05-09,IRN,Iran,IRQ,Iraq,3,0
1972-05-13,GER,Germany,ENG,England,0,0
1972-05-19,IRN,Iran,KOR,South Korea,2,1
1972-05-23,ESP,Spain,URU,Uruguay,2,0
1972-05-25,ARG,Argentina,PAR,Paraguay,0,0
1972-05-27,SCO,Scotland,ENG,England,0,1
1972-06-05,TUN,Tunisia,ALG,Algeria,3,1
1972-06-10,AUT,Austria,SWE,Sweden,2,0
1972-06-11,ECU,Ecuador,POR,Portugal,0,3
1972-06-14,BEL,Belgium,GER,Germany,1,2
1972-06-14,IRN,Iran,POR,Portugal,0,3
1972-06-14,NOR,Norway,URU,Uruguay,0,1
1972-06-18,COL,Colombia,FRA,France,2,3
1972-06-21,ECU,Ecuador,IRN,Iran,1,1
1972-06-22,ARG,Argentina,COL,Colombia,4,1
1972-06-25,ARG,Argentina,FRA,France,0,0
1972-06-29,ARG,Argentina,POR,Portugal,1,3
1972-07-02,POR,Portugal,URU,Uruguay,1,1
1972-07-05,BRA,Brazil,SCO,Scotland,1,0
1972-07-06,ARG,Argentina,URU,Uruguay,1,0
1972-07-09,BRA,Brazil,POR,Portugal,1,0
1972-07-26,JPN,Japan,KOR,South Korea,0,3
1972-08-20,CAN,Canada,USA,United States,3,2
1972-08-24,CAN,Canada,MEX,Mexico,0,1
1972-08-29,USA,United States,CAN,Canada,2,2
1972-09-03,MEX,Mexico,USA,United States,3,1
1972-09-06,MEX,Mexico,CAN,Canada,2,1
1972-09-10,USA,United States,MEX,Mexico,1,2
1972-09-14,JPN,Japan,KOR,South Korea,2,2
1972-09-17,NOR,Norway,SWE,Sweden,1,3
1972-10-04,ALG,Algeria,TUR,Turkey,1,0
1972-10-04,NOR,Norway,BEL,Belgium,0,2
1972-10-09,AUS,Australia,NZL,New Zealand,3,1
1972-10-11,ESP,Spain,ARG,Argentina,1,0
1972-10-22,KOR,South Korea,AUS,Australia,1,1
1972-10-24,KOR,South Korea,AUS,Australia,0,2
1972-11-01,NED,Netherlands,NOR,Norway,9,0
1972-11-15,GER,Germany,SUI,Switzerland,5,1
1972-11-16,TUN,Tunisia,ALG,Algeria,1,2
1972-11-19,BEL,Belgium,NED,Netherlands,0,0
1972-11-19,MAR,Morocco,SEN,Senegal,0,0
1972-12-03,SEN,Senegal,MAR,Morocco,1,2
1972-12-08,EGY,Egypt,TUN,Tunisia,2,1
1972-12-14,HAI,Haiti,CUW,Curaçao,3,0
1972-12-17,HAI,Haiti,CUW,Curaçao,4,1
1972-12-17,TUN,Tunisia,EGY,Egypt,2,0
1973-01-12,GHA,Ghana,ALG,Algeria,2,0
1973-01-16,EGY,Egypt,GHA,Ghana,2,1
1973-02-06,MEX,Mexico,ARG,Argentina,2,0
1973-02-11,TUN,Tunisia,CIV,Ivory Coast,1,1
1973-02-14,GER,Germany,ARG,Argentina,2,3
1973-02-14,SCO,Scotland,ENG,England,0,5
1973-02-14,TUR,Turkey,ALG,Algeria,4,0
1973-02-17,MAR,Morocco,SEN,Senegal,3,1
1973-02-25,CIV,Ivory Coast,TUN,Tunisia,2,1
1973-03-03,FRA,France,POR,Portugal,1,2
1973-03-04,NZL,New Zealand,AUS,Australia,1,1
1973-03-11,AUS,Australia,IRQ,Iraq,3,1
1973-03-13,IRQ,Iraq,NZL,New Zealand,2,0
1973-03-16,AUS,Australia,NZL,New Zealand,3,3
1973-03-18,AUS,Australia,IRQ,Iraq,0,0
1973-03-24,IRQ,Iraq,NZL,New Zealand,4,0
1973-03-28,AUT,Austria,NED,Netherlands,1,0
1973-04-08,GHA,Ghana,SEN,Senegal,3,2
1973-04-21,SEN,Senegal,GHA,Ghana,1,0
1973-05-02,NED,Netherlands,ESP,Spain,3,2
1973-05-09,SUI,Switzerland,TUR,Turkey,0,0
1973-05-12,HAI,Haiti,ECU,Ecuador,1,2
1973-05-15,HAI,Haiti,ECU,Ecuador,1,0
1973-05-17,ARG,Argentina,URU,Uruguay,1,1
1973-05-19,ENG,England,SCO,Scotland,1,0
1973-05-20,CIV,Ivory Coast,MAR,Morocco,1,1
1973-05-23,SWE,Sweden,AUT,Austria,3,2
1973-05-23,URU,Uruguay,ARG,Argentina,1,1
1973-05-27,HAI,Haiti,COL,Colombia,1,2
1973-05-29,HAI,Haiti,COL,Colombia,2,1
1973-06-03,ALG,Algeria,BRA,Brazil,0,2
1973-06-03,MAR,Morocco,CIV,Ivory Coast,4,1
1973-06-06,HAI,Haiti,URU,Uruguay,0,0
1973-06-06,TUN,Tunisia,BRA,Brazil,1,4
1973-06-13,AUT,Austria,BRA,Brazil,1,1
1973-06-16,GER,Germany,BRA,Brazil,0,1
1973-06-21,COL,Colombia,ECU,Ecuador,1,1
1973-06-22,SUI,Switzerland,SCO,Scotland,1,0
1973-06-23,KOR,South Korea,JPN,Japan,2,0
1973-06-24,COL,Colombia,URU,Uruguay,0,0
1973-06-25,SWE,Sweden,BRA,Brazil,1,0
1973-06-28,ECU,Ecuador,COL,Colombia,1,1
1973-06-30,SCO,Scotland,BRA,Brazil,0,1
1973-07-01,ECU,Ecuador,URU,Uruguay,1,2
1973-07-05,URU,Uruguay,COL,Colombia,0,1
1973-07-08,URU,Uruguay,ECU,Ecuador,4,0
1973-07-15,GHA,Ghana,CIV,Ivory Coast,0,3
1973-07-29,CIV,Ivory Coast,GHA,Ghana,1,0
1973-08-05,CAN,Canada,USA,United States,0,2
1973-08-05,GHA,Ghana,COD,DR Congo,1,0
1973-08-12,NZL,New Zealand,IRN,Iran,0,0
1973-08-15,ALG,Algeria,IRQ,Iraq,0,0
1973-08-15,EGY,Egypt,TUN,Tunisia,0,1
1973-08-18,AUS,Australia,IRN,Iran,3,0
1973-08-19,COD,DR Congo,GHA,Ghana,4,1
1973-08-23,IRQ,Iraq,TUN,Tunisia,0,2
1973-08-24,IRN,Iran,AUS,Australia,2,0
1973-08-25,ALG,Algeria,IRQ,Iraq,0,0
1973-09-12,NOR,Norway,NED,Netherlands,1,2
1973-09-16,PAR,Paraguay,ARG,Argentina,1,1
1973-09-26,ENG,England,AUT,Austria,7,0
1973-10-07,ARG,Argentina,PAR,Paraguay,3,1
1973-10-10,GER,Germany,AUT,Austria,4,0
1973-10-13,GER,Germany,FRA,France,2,1
1973-10-16,MEX,Mexico,USA,United States,2,0
1973-10-17,TUR,Turkey,ESP,Spain,0,0
1973-10-28,AUS,Australia,KOR,South Korea,0,0
1973-10-31,ALG,Algeria,MAR,Morocco,2,0
1973-10-31,BEL,Belgium,NOR,Norway,2,0
1973-11-03,HAI,Haiti,USA,United States,1,0
1973-11-05,HAI,Haiti,USA,United States,1,0
1973-11-10,HAI,Haiti,CAN,Canada,5,1
1973-11-10,KOR,South Korea,AUS,Australia,2,2
1973-11-12,HAI,Haiti,CAN,Canada,0,1
1973-11-13,AUS,Australia,KOR,South Korea,1,0
1973-11-14,SCO,Scotland,GER,Germany,1,1
1973-11-18,NED,Netherlands,BEL,Belgium,0,0
1973-11-18,TUR,Turkey,SUI,Switzerland,2,0
1973-11-24,GER,Germany,ESP,Spain,2,1
1973-11-27,AUT,Austria,SWE,Sweden,1,2
1973-12-01,HAI,Haiti,CUW,Curaçao,3,0
1973-12-08,MEX,Mexico,CUW,Curaçao,8,0
1973-12-09,COD,DR Congo,MAR,Morocco,3,0
1973-12-18,HAI,Haiti,MEX,Mexico,0,1
1974-01-20,IRN,Iran,TUR,Turkey,0,1
1974-02-22,IRQ,Iraq,MAR,Morocco,0,0
1974-02-23,ESP,Spain,GER,Germany,1,0
1974-02-24,IRQ,Iraq,MAR,Morocco,0,0
1974-02-27,QAT,Qatar,MAR,Morocco,0,1
1974-03-06,EGY,Egypt,CIV,Ivory Coast,2,0
1974-03-06,KSA,Saudi Arabia,MAR,Morocco,0,0
1974-03-09,EGY,Egypt,COD,DR Congo,2,3
1974-03-16,QAT,Qatar,KSA,Saudi Arabia,0,2
1974-03-23,HAI,Haiti,URU,Uruguay,0,1
1974-03-25,HAI,Haiti,URU,Uruguay,0,0
1974-03-26,QAT,Qatar,KSA,Saudi Arabia,1,3
1974-03-27,GER,Germany,SCO,Scotland,2,1
1974-03-27,NED,Netherlands,AUT,Austria,1,1
1974-03-31,BRA,Brazil,MEX,Mexico,1,1
1974-04-03,POR,Portugal,ENG,England,0,0
1974-04-07,MAR,Morocco,ALG,Algeria,2,0
1974-04-21,BRA,Brazil,HAI,Haiti,4,0
1974-05-01,BRA,Brazil,AUT,Austria,0,0
1974-05-01,GER,Germany,SWE,Sweden,2,0
1974-05-01,SUI,Switzerland,BEL,Belgium,0,1
1974-05-12,BRA,Brazil,PAR,Paraguay,2,0
1974-05-18,FRA,France,ARG,Argentina,0,1
1974-05-18,SCO,Scotland,ENG,England,2,0
1974-05-22,ENG,England,ARG,Argentina,2,2
1974-05-26,NED,Netherlands,ARG,Argentina,4,1
1974-06-01,BEL,Belgium,SCO,Scotland,2,1
1974-06-02,TUN,Tunisia,IRQ,Iraq,2,1
1974-06-06,NOR,Norway,SCO,Scotland,1,2
1974-06-09,SWE,Sweden,SUI,Switzerland,0,0
1974-06-14,COD,DR Congo,SCO,Scotland,0,2
1974-06-15,URU,Uruguay,NED,Netherlands,0,2
1974-06-18,GER,Germany,AUS,Australia,3,0
1974-06-18,SCO,Scotland,BRA,Brazil,0,0
1974-06-19,NED,Netherlands,SWE,Sweden,0,0
1974-06-22,COD,DR Congo,BRA,Brazil,0,3
1974-06-23,ARG,Argentina,HAI,Haiti,4,1
1974-06-23,SWE,Sweden,URU,Uruguay,3,0
1974-06-26,NED,Netherlands,ARG,Argentina,4,0
1974-06-30,ARG,Argentina,BRA,Brazil,1,2
1974-06-30,GER,Germany,SWE,Sweden,4,2
1974-07-03,NED,Netherlands,BRA,Brazil,2,0
1974-07-07,GER,Germany,NED,Netherlands,2,1
1974-08-08,SWE,Sweden,NOR,Norway,2,1
1974-09-04,SWE,Sweden,NED,Netherlands,1,5
1974-09-04,SUI,Switzerland,GER,Germany,1,2
1974-09-05,MEX,Mexico,USA,United States,3,1
1974-09-08,USA,United States,MEX,Mexico,0,1
1974-09-09,IRQ,Iraq,KOR,South Korea,1,1
1974-09-11,CIV,Ivory Coast,GHA,Ghana,1,1
1974-09-11,IRN,Iran,KOR,South Korea,2,0
1974-09-13,IRN,Iran,IRQ,Iraq,1,0
1974-09-28,JPN,Japan,KOR,South Korea,4,1
1974-09-29,ALG,Algeria,JOR,Jordan,6,0
1974-10-01,MAR,Morocco,TUN,Tunisia,3,1
1974-10-03,ALG,Algeria,TUN,Tunisia,0,1
1974-10-09,NED,Netherlands,SUI,Switzerland,1,0
1974-10-12,ARG,Argentina,ESP,Spain,1,1
1974-10-12,BEL,Belgium,FRA,France,2,1
1974-10-31,ALG,Algeria,MAR,Morocco,0,0
1974-11-13,SUI,Switzerland,POR,Portugal,3,0
1974-11-13,TUR,Turkey,AUT,Austria,0,1
1974-11-20,ENG,England,POR,Portugal,0,0
1974-11-20,SCO,Scotland,ESP,Spain,1,2
1974-12-01,TUR,Turkey,SUI,Switzerland,2,1
1975-01-01,IRQ,Iraq,TUN,Tunisia,0,0
1975-02-05,ESP,Spain,SCO,Scotland,1,1
1975-03-02,MAR,Morocco,TUN,Tunisia,0,0
1975-03-09,BRA,Brazil,POR,Portugal,2,1
1975-03-12,ENG,England,GER,Germany,2,0
1975-03-22,MAR,Morocco,SEN,Senegal,4,0
1975-03-22,SEN,Senegal,MAR,Morocco,2,1
1975-03-23,TUN,Tunisia,ALG,Algeria,1,1
1975-04-02,IRQ,Iraq,QAT,Qatar,1,0
1975-04-04,KSA,Saudi Arabia,QAT,Qatar,2,1
1975-04-06,ALG,Algeria,TUN,Tunisia,1,2
1975-04-06,IRQ,Iraq,KSA,Saudi Arabia,1,1
1975-04-10,IRQ,Iraq,QAT,Qatar,3,0
1975-04-12,IRQ,Iraq,KSA,Saudi Arabia,2,1
1975-04-14,KSA,Saudi Arabia,QAT,Qatar,0,1
1975-04-16,SWE,Sweden,SCO,Scotland,1,1
1975-04-26,FRA,France,POR,Portugal,0,2
1975-04-26,SEN,Senegal,CIV,Ivory Coast,1,0
1975-04-30,BEL,Belgium,NED,Netherlands,1,0
1975-04-30,SUI,Switzerland,TUR,Turkey,1,1
1975-05-13,SCO,Scotland,POR,Portugal,1,0
1975-05-17,GER,Germany,NED,Netherlands,1,1
1975-05-19,SWE,Sweden,ALG,Algeria,4,0
1975-05-24,ENG,England,SCO,Scotland,5,1
1975-06-12,PAR,Paraguay,URU,Uruguay,0,1
1975-06-19,URU,Uruguay,PAR,Paraguay,0,1
1975-06-29,GHA,Ghana,MAR,Morocco,2,0
1975-06-30,SWE,Sweden,NOR,Norway,3,1
1975-07-12,EGY,Egypt,COD,DR Congo,3,2
1975-07-13,MAR,Morocco,GHA,Ghana,2,0
1975-07-18,URU,Uruguay,ARG,Argentina,2,3
1975-07-20,COL,Colombia,PAR,Paraguay,1,0
1975-07-24,ECU,Ecuador,PAR,Paraguay,2,2
1975-07-27,ECU,Ecuador,COL,Colombia,1,3
1975-07-30,PAR,Paraguay,COL,Colombia,0,1
1975-08-06,BRA,Brazil,ARG,Argentina,2,1
1975-08-06,GHA,Ghana,CIV,Ivory Coast,3,1
1975-08-07,COL,Colombia,ECU,Ecuador,2,0
1975-08-09,JPN,Japan,KOR,South Korea,1,3
1975-08-10,GHA,Ghana,CIV,Ivory Coast,0,0
1975-08-10,PAR,Paraguay,ECU,Ecuador,3,1
1975-08-13,NOR,Norway,SWE,Sweden,0,2
1975-08-15,PAN,Panama,HAI,Haiti,2,0
1975-08-16,ARG,Argentina,BRA,Brazil,0,1
1975-08-17,PAN,Panama,HAI,Haiti,1,1
1975-08-21,ARG,Argentina,USA,United States,6,0
1975-08-24,MEX,Mexico,USA,United States,2,0
1975-08-31,MEX,Mexico,ARG,Argentina,1,1
1975-09-03,AUT,Austria,GER,Germany,0,2
1975-09-03,SUI,Switzerland,ENG,England,1,2
1975-09-08,KOR,South Korea,JPN,Japan,3,0
1975-09-21,COL,Colombia,URU,Uruguay,3,0
1975-10-01,URU,Uruguay,COL,Colombia,1,0
1975-11-15,FRA,France,BEL,Belgium,0,0
1975-11-19,POR,Portugal,ENG,England,1,1
1975-12-20,TUR,Turkey,GER,Germany,0,5
1975-12-23,EGY,Egypt,KSA,Saudi Arabia,2,1
1975-12-23,TUN,Tunisia,IRQ,Iraq,1,1
1975-12-28,EGY,Egypt,IRQ,Iraq,1,0
1976-01-09,KSA,Saudi Arabia,ALG,Algeria,1,3
1976-02-08,IRQ,Iraq,TUR,Turkey,0,0
1976-02-20,KSA,Saudi Arabia,MAR,Morocco,0,2
1976-02-25,PAR,Paraguay,ARG,Argentina,2,3
1976-02-25,URU,Uruguay,BRA,Brazil,1,2
1976-02-27,ARG,Argentina,BRA,Brazil,1,2
1976-02-28,TUN,Tunisia,SWE,Sweden,1,1
1976-02-29,NZL,New Zealand,AUS,Australia,0,1
1976-03-02,ALG,Algeria,SWE,Sweden,0,2
1976-03-02,AUS,Australia,NZL,New Zealand,3,1
1976-03-04,MAR,Morocco,COD,DR Congo,1,0
1976-03-09,EGY,Egypt,MAR,Morocco,1,2
1976-03-10,URU,Uruguay,PAR,Paraguay,2,2
1976-03-21,CIV,Ivory Coast,SEN,Senegal,4,1
1976-03-26,QAT,Qatar,KSA,Saudi Arabia,1,0
1976-04-01,IRQ,Iraq,KSA,Saudi Arabia,7,1
1976-04-03,QAT,Qatar,IRQ,Iraq,0,0
1976-04-07,PAR,Paraguay,BRA,Brazil,1,1
1976-04-07,SCO,Scotland,SUI,Switzerland,1,0
1976-04-08,ARG,Argentina,URU,Uruguay,4,1
1976-04-24,ESP,Spain,GER,Germany,1,1
1976-04-25,NED,Netherlands,BEL,Belgium,5,0
1976-04-28,ARG,Argentina,PAR,Paraguay,2,2
1976-04-28,AUT,Austria,SWE,Sweden,1,0
1976-04-28,BRA,Brazil,URU,Uruguay,2,1
1976-05-15,SCO,Scotland,ENG,England,2,1
1976-05-19,BRA,Brazil,ARG,Argentina,2,0
1976-05-19,PAR,Paraguay,URU,Uruguay,1,0
1976-05-22,BEL,Belgium,NED,Netherlands,1,2
1976-05-22,GER,Germany,ESP,Spain,2,0
1976-05-23,BRA,Brazil,ENG,England,1,0
1976-06-04,IRN,Iran,IRQ,Iraq,2,0
1976-06-04,MEX,Mexico,BRA,Brazil,0,3
1976-06-09,BRA,Brazil,PAR,Paraguay,3,1
1976-06-09,URU,Uruguay,ARG,Argentina,0,3
1976-06-16,SWE,Sweden,NOR,Norway,2,0
1976-07-30,CUW,Curaçao,HAI,Haiti,1,2
1976-08-14,HAI,Haiti,CUW,Curaçao,7,0
1976-08-18,JPN,Japan,KOR,South Korea,0,0
1976-09-05,KSA,Saudi Arabia,IRQ,Iraq,0,0
1976-09-08,NOR,Norway,SUI,Switzerland,1,0
1976-09-09,CIV,Ivory Coast,GHA,Ghana,3,1
1976-09-12,KSA,Saudi Arabia,MAR,Morocco,0,2
1976-09-22,AUT,Austria,SUI,Switzerland,3,1
1976-09-22,NOR,Norway,SWE,Sweden,3,2
1976-09-23,KOR,South Korea,NZL,New Zealand,2,0
1976-09-24,CAN,Canada,USA,United States,1,1
1976-09-30,KSA,Saudi Arabia,TUN,Tunisia,0,1
1976-10-03,USA,United States,MEX,Mexico,0,0
1976-10-09,SUI,Switzerland,SWE,Sweden,1,2
1976-10-10,CAN,Canada,MEX,Mexico,1,0
1976-10-15,COL,Colombia,URU,Uruguay,1,2
1976-10-15,MEX,Mexico,USA,United States,3,0
1976-10-20,ECU,Ecuador,URU,Uruguay,2,2
1976-10-20,USA,United States,CAN,Canada,2,0
1976-10-27,MEX,Mexico,CAN,Canada,0,0
1976-11-10,HAI,Haiti,USA,United States,0,0
1976-11-12,HAI,Haiti,USA,United States,0,0
1976-11-14,HAI,Haiti,USA,United States,0,0
1976-12-04,JPN,Japan,KOR,South Korea,1,2
1976-12-12,MAR,Morocco,TUN,Tunisia,1,1
1976-12-22,CAN,Canada,USA,United States,3,0
1977-01-04,URU,Uruguay,ECU,Ecuador,1,1
1977-01-07,KSA,Saudi Arabia,IRN,Iran,0,3
1977-01-09,PAR,Paraguay,ECU,Ecuador,2,0
1977-01-09,TUN,Tunisia,MAR,Morocco,1,1
1977-01-12,PAR,Paraguay,URU,Uruguay,1,1
1977-01-16,COL,Colombia,ECU,Ecuador,0,1
1977-01-23,URU,Uruguay,PAR,Paraguay,2,1
1977-01-26,ECU,Ecuador,COL,Colombia,4,1
1977-02-06,TUN,Tunisia,ALG,Algeria,2,0
1977-02-09,ENG,England,NED,Netherlands,0,2
1977-02-13,ECU,Ecuador,PAR,Paraguay,2,1
1977-02-20,COL,Colombia,BRA,Brazil,0,0
1977-02-20,PAN,Panama,PAR,Paraguay,0,4
1977-02-23,FRA,France,GER,Germany,1,0
1977-02-24,COL,Colombia,PAR,Paraguay,0,1
1977-02-28,ALG,Algeria,TUN,Tunisia,1,1
1977-03-06,PAR,Paraguay,COL,Colombia,1,1
1977-03-08,QAT,Qatar,TUN,Tunisia,1,0
1977-03-09,BRA,Brazil,COL,Colombia,6,0
1977-03-13,EGY,Egypt,TUN,Tunisia,2,2
1977-03-13,PAR,Paraguay,BRA,Brazil,0,1
1977-03-20,BRA,Brazil,PAR,Paraguay,1,1
1977-03-22,ARG,Argentina,IRN,Iran,1,1
1977-03-26,BEL,Belgium,NED,Netherlands,0,2
1977-03-26,JPN,Japan,KOR,South Korea,0,0
1977-03-27,AUS,Australia,NZL,New Zealand,3,1
1977-03-30,NZL,New Zealand,AUS,Australia,1,1
1977-03-30,POR,Portugal,SUI,Switzerland,1,0
1977-04-03,KOR,South Korea,JPN,Japan,1,0
1977-04-17,AUT,Austria,TUR,Turkey,1,0
1977-04-22,IRN,Iran,KSA,Saudi Arabia,2,0
1977-04-23,SUI,Switzerland,FRA,France,0,4
1977-04-27,TUN,Tunisia,EGY,Egypt,3,2
1977-04-27,SCO,Scotland,SWE,Sweden,3,1
1977-05-01,ALG,Algeria,SEN,Senegal,2,0
1977-05-26,SWE,Sweden,NOR,Norway,1,0
1977-05-28,SEN,Senegal,MAR,Morocco,3,2
1977-06-04,ENG,England,SCO,Scotland,1,2
1977-06-05,ARG,Argentina,GER,Germany,1,3
1977-06-08,BRA,Brazil,ENG,England,0,0
1977-06-08,SWE,Sweden,SUI,Switzerland,2,1
1977-06-08,URU,Uruguay,GER,Germany,0,2
1977-06-12,ARG,Argentina,ENG,England,1,1
1977-06-12,BRA,Brazil,GER,Germany,1,1
1977-06-14,MEX,Mexico,GER,Germany,2,2
1977-06-15,KOR,South Korea,JPN,Japan,2,1
1977-06-15,URU,Uruguay,ENG,England,0,0
1977-06-18,ARG,Argentina,SCO,Scotland,1,1
1977-06-23,BRA,Brazil,SCO,Scotland,2,0
1977-06-26,ARG,Argentina,FRA,France,0,0
1977-06-30,BRA,Brazil,FRA,France,2,2
1977-07-03,KOR,South Korea,IRN,Iran,0,0
1977-07-27,IRN,Iran,MAR,Morocco,1,1
1977-07-28,IRQ,Iraq,KOR,South Korea,1,1
1977-07-29,IRN,Iran,COD,DR Congo,1,3
1977-07-31,IRQ,Iraq,KOR,South Korea,0,1
1977-08-14,AUS,Australia,IRN,Iran,0,1
1977-08-24,ARG,Argentina,PAR,Paraguay,2,1
1977-08-27,AUS,Australia,KOR,South Korea,2,1
1977-08-31,PAR,Paraguay,ARG,Argentina,2,0
1977-09-07,ENG,England,SUI,Switzerland,0,0
1977-09-07,NOR,Norway,SWE,Sweden,2,1
1977-09-21,SUI,Switzerland,ESP,Spain,1,2
1977-09-27,MEX,Mexico,USA,United States,3,0
1977-10-09,MEX,Mexico,HAI,Haiti,4,1
1977-10-20,CAN,Canada,HAI,Haiti,1,1
1977-10-22,MEX,Mexico,CAN,Canada,3,1
1977-10-23,KOR,South Korea,AUS,Australia,0,0
1977-10-26,NED,Netherlands,BEL,Belgium,1,0
1977-10-30,SUI,Switzerland,NOR,Norway,1,0
1977-10-30,TUR,Turkey,AUT,Austria,0,1
1977-11-11,IRN,Iran,KOR,South Korea,2,2
1977-11-16,GER,Germany,SUI,Switzerland,4,1
1977-11-25,EGY,Egypt,TUN,Tunisia,3,2
1977-11-25,IRN,Iran,AUS,Australia,1,0
1977-11-27,IRQ,Iraq,MAR,Morocco,3,0
1977-12-03,MAR,Morocco,IRQ,Iraq,0,0
1977-12-11,TUN,Tunisia,EGY,Egypt,4,1
1978-02-19,GHA,Ghana,CIV,Ivory Coast,3,1
1978-02-21,IRQ,Iraq,ALG,Algeria,3,0
1978-02-22,GER,Germany,ENG,England,2,1
1978-02-23,IRQ,Iraq,ALG,Algeria,1,0
1978-03-06,MAR,Morocco,TUN,Tunisia,1,1
1978-03-08,FRA,France,POR,Portugal,2,0
1978-03-14,GHA,Ghana,TUN,Tunisia,1,0
1978-03-22,BEL,Belgium,AUT,Austria,1,0
1978-03-29,ESP,Spain,NOR,Norway,3,0
1978-04-01,FRA,France,BRA,Brazil,1,0
1978-04-04,SUI,Switzerland,AUT,Austria,0,1
1978-04-05,GER,Germany,BRA,Brazil,0,1
1978-04-05,TUN,Tunisia,NED,Netherlands,0,4
1978-04-19,ENG,England,BRA,Brazil,1,1
1978-04-19,SWE,Sweden,GER,Germany,3,1
1978-04-25,URU,Uruguay,ARG,Argentina,2,0
1978-04-26,ESP,Spain,MEX,Mexico,2,0
1978-05-03,ARG,Argentina,URU,Uruguay,3,0
1978-05-11,FRA,France,IRN,Iran,2,1
1978-05-19,FRA,France,TUN,Tunisia,2,0
1978-05-19,IRN,Iran,GHA,Ghana,3,0
1978-05-20,AUT,Austria,NED,Netherlands,0,1
1978-05-20,SCO,Scotland,ENG,England,0,1
1978-05-24,URU,Uruguay,ESP,Spain,0,0
1978-06-02,MEX,Mexico,TUN,Tunisia,1,3
1978-06-03,AUT,Austria,ESP,Spain,2,1
1978-06-03,BRA,Brazil,SWE,Sweden,1,1
1978-06-03,IRN,Iran,NED,Netherlands,0,3
1978-06-06,ARG,Argentina,FRA,France,2,1
1978-06-06,GER,Germany,MEX,Mexico,6,0
1978-06-07,AUT,Austria,SWE,Sweden,1,0
1978-06-07,BRA,Brazil,ESP,Spain,0,0
1978-06-07,IRN,Iran,SCO,Scotland,1,1
1978-06-10,GER,Germany,TUN,Tunisia,0,0
1978-06-11,AUT,Austria,BRA,Brazil,0,1
1978-06-11,NED,Netherlands,SCO,Scotland,2,3
1978-06-11,ESP,Spain,SWE,Sweden,1,0
1978-06-14,AUT,Austria,NED,Netherlands,1,5
1978-06-18,ARG,Argentina,BRA,Brazil,0,0
1978-06-18,GER,Germany,NED,Netherlands,2,2
1978-06-21,AUT,Austria,GER,Germany,3,2
1978-06-25,ARG,Argentina,NED,Netherlands,3,1
1978-07-02,ALG,Algeria,IRQ,Iraq,1,1
1978-07-04,ALG,Algeria,IRQ,Iraq,0,0
1978-07-13,IRQ,Iraq,JPN,Japan,0,0
1978-07-13,ALG,Algeria,EGY,Egypt,1,1
1978-07-19,JPN,Japan,KOR,South Korea,0,4
1978-07-22,IRQ,Iraq,KOR,South Korea,0,2
1978-07-25,ALG,Algeria,GHA,Ghana,2,0
1978-07-29,IRQ,Iraq,KOR,South Korea,0,2
1978-08-30,NOR,Norway,AUT,Austria,0,2
1978-09-01,FRA,France,SWE,Sweden,2,2
1978-09-06,SUI,Switzerland,USA,United States,2,0
1978-09-20,AUT,Austria,SCO,Scotland,3,2
1978-09-20,BEL,Belgium,NOR,Norway,1,1
1978-09-20,POR,Portugal,USA,United States,1,0
1978-10-11,POR,Portugal,BEL,Belgium,1,1
1978-10-11,SUI,Switzerland,NED,Netherlands,1,3
1978-10-25,SCO,Scotland,NOR,Norway,3,2
1978-11-08,FRA,France,ESP,Spain,1,0
1978-11-15,AUT,Austria,POR,Portugal,1,2
1978-11-29,POR,Portugal,SCO,Scotland,1,0
1978-12-10,IRQ,Iraq,QAT,Qatar,2,1
1978-12-12,QAT,Qatar,KSA,Saudi Arabia,2,2
1978-12-14,IRQ,Iraq,KSA,Saudi Arabia,1,1
1978-12-15,JPN,Japan,KOR,South Korea,1,3
1978-12-20,GER,Germany,NED,Netherlands,3,1
1979-01-09,CPV,Cape Verde,SEN,Senegal,0,1
1979-02-28,TUR,Turkey,ALG,Algeria,0,1
1979-03-04,JPN,Japan,KOR,South Korea,2,1
1979-03-27,IRQ,Iraq,QAT,Qatar,2,0
1979-03-28,BEL,Belgium,AUT,Austria,1,1
1979-03-28,NED,Netherlands,SUI,Switzerland,3,0
1979-04-01,TUR,Turkey,GER,Germany,0,0
1979-04-04,KSA,Saudi Arabia,QAT,Qatar,7,0
1979-04-08,IRQ,Iraq,KSA,Saudi Arabia,2,0
1979-05-02,AUT,Austria,BEL,Belgium,0,0
1979-05-02,USA,United States,FRA,France,0,6
1979-05-09,NOR,Norway,POR,Portugal,0,1
1979-05-17,BRA,Brazil,PAR,Paraguay,6,0
1979-05-22,ARG,Argentina,NED,Netherlands,0,0
1979-05-26,ENG,England,SCO,Scotland,3,1
1979-05-31,BRA,Brazil,URU,Uruguay,5,1
1979-06-02,SCO,Scotland,ARG,Argentina,1,3
1979-06-07,NOR,Norway,SCO,Scotland,0,4
1979-06-10,SWE,Sweden,ENG,England,0,0
1979-06-13,AUT,Austria,ENG,England,4,3
1979-06-13,NZL,New Zealand,AUS,Australia,1,0
1979-06-16,KOR,South Korea,JPN,Japan,4,1
1979-06-28,SWE,Sweden,NOR,Norway,2,0
1979-08-02,BRA,Brazil,ARG,Argentina,2,1
1979-08-15,NOR,Norway,SWE,Sweden,2,0
1979-08-23,ARG,Argentina,BRA,Brazil,2,2
1979-08-29,AUT,Austria,NOR,Norway,4,0
1979-08-29,ECU,Ecuador,PAR,Paraguay,1,2
1979-09-05,ECU,Ecuador,URU,Uruguay,2,1
1979-09-05,SWE,Sweden,FRA,France,1,3
1979-09-12,GER,Germany,ARG,Argentina,2,1
1979-09-12,NOR,Norway,BEL,Belgium,1,2
1979-09-13,PAR,Paraguay,ECU,Ecuador,2,0
1979-09-16,URU,Uruguay,ECU,Ecuador,2,1
1979-09-20,PAR,Paraguay,URU,Uruguay,0,0
1979-09-26,NED,Netherlands,BEL,Belgium,1,0
1979-09-26,ESP,Spain,POR,Portugal,1,1
1979-09-26,URU,Uruguay,PAR,Paraguay,2,2
1979-10-10,FRA,France,USA,United States,3,0
1979-10-17,BEL,Belgium,POR,Portugal,2,0
1979-10-17,SCO,Scotland,AUT,Austria,1,1
1979-10-24,PAR,Paraguay,BRA,Brazil,2,1
1979-10-31,BRA,Brazil,PAR,Paraguay,2,2
1979-11-01,POR,Portugal,NOR,Norway,3,1
1979-11-21,BEL,Belgium,SCO,Scotland,2,0
1979-11-21,POR,Portugal,AUT,Austria,1,2
1979-12-19,SCO,Scotland,BEL,Belgium,1,3
1979-12-22,GER,Germany,TUR,Turkey,2,0
1979-12-26,TUN,Tunisia,SEN,Senegal,3,1
1980-01-23,ESP,Spain,NED,Netherlands,1,0
1980-01-27,GHA,Ghana,TUN,Tunisia,4,1
1980-01-30,CIV,Ivory Coast,TUN,Tunisia,1,1
1980-01-30,KSA,Saudi Arabia,KOR,South Korea,1,3
1980-02-01,KSA,Saudi Arabia,KOR,South Korea,0,0
1980-02-12,CIV,Ivory Coast,MAR,Morocco,4,4
1980-02-25,MAR,Morocco,SEN,Senegal,3,2
1980-02-26,MEX,Mexico,KOR,South Korea,0,1
1980-02-27,MAR,Morocco,TUN,Tunisia,0,0
1980-03-08,EGY,Egypt,CIV,Ivory Coast,2,1
1980-03-09,ALG,Algeria,GHA,Ghana,0,0
1980-03-13,ALG,Algeria,MAR,Morocco,1,0
1980-03-16,GHA,Ghana,MAR,Morocco,0,1
1980-03-18,BEL,Belgium,URU,Uruguay,2,0
1980-03-19,ALG,Algeria,EGY,Egypt,2,2
1980-03-21,EGY,Egypt,MAR,Morocco,0,2
1980-03-26,FRA,France,NED,Netherlands,0,0
1980-03-26,SCO,Scotland,POR,Portugal,4,1
1980-03-26,ESP,Spain,ENG,England,0,2
1980-04-02,GER,Germany,AUT,Austria,1,0
1980-04-05,SEN,Senegal,TUN,Tunisia,0,2
1980-05-13,ENG,England,ARG,Argentina,3,1
1980-05-21,AUT,Austria,ARG,Argentina,1,5
1980-05-24,SCO,Scotland,ENG,England,0,2
1980-05-31,AUS,Australia,ENG,England,1,2
1980-06-08,BRA,Brazil,MEX,Mexico,2,0
1980-06-08,TUN,Tunisia,MAR,Morocco,0,1
1980-06-12,BEL,Belgium,ENG,England,1,1
1980-06-14,GER,Germany,NED,Netherlands,3,2
1980-06-15,BEL,Belgium,ESP,Spain,2,1
1980-06-18,ESP,Spain,ENG,England,1,2
1980-06-22,BEL,Belgium,GER,Germany,1,2
1980-06-22,SEN,Senegal,MAR,Morocco,0,1
1980-07-06,MAR,Morocco,SEN,Senegal,0,0
1980-08-20,NZL,New Zealand,MEX,Mexico,4,0
1980-08-24,AUS,Australia,MEX,Mexico,2,2
1980-08-26,AUS,Australia,MEX,Mexico,1,1
1980-08-27,BRA,Brazil,URU,Uruguay,1,0
1980-09-10,ENG,England,NOR,Norway,4,0
1980-09-10,SWE,Sweden,SCO,Scotland,0,1
1980-09-10,SUI,Switzerland,GER,Germany,2,3
1980-09-12,HAI,Haiti,CUW,Curaçao,1,0
1980-09-15,CAN,Canada,NZL,New Zealand,4,0
1980-09-17,CAN,Canada,NZL,New Zealand,3,0
1980-09-19,QAT,Qatar,KOR,South Korea,0,2
1980-09-25,PAR,Paraguay,BRA,Brazil,1,2
1980-10-03,TUR,Turkey,KSA,Saudi Arabia,3,0
1980-10-07,POR,Portugal,USA,United States,1,1
1980-10-11,NED,Netherlands,GER,Germany,1,1
1980-10-15,SCO,Scotland,POR,Portugal,0,0
1980-10-15,KOR,South Korea,NZL,New Zealand,1,2
1980-10-18,CAN,Canada,MEX,Mexico,1,1
1980-10-20,KOR,South Korea,MAR,Morocco,1,1
1980-10-25,USA,United States,CAN,Canada,0,0
1980-10-26,MAR,Morocco,NZL,New Zealand,3,0
1980-10-29,SUI,Switzerland,NOR,Norway,1,2
1980-10-30,BRA,Brazil,PAR,Paraguay,6,0
1980-11-01,CAN,Canada,USA,United States,2,1
1980-11-09,MEX,Mexico,USA,United States,5,1
1980-11-16,MEX,Mexico,CAN,Canada,1,1
1980-11-19,BEL,Belgium,NED,Netherlands,1,0
1980-11-19,ENG,England,SUI,Switzerland,2,1
1980-11-19,GER,Germany,FRA,France,4,1
1980-11-23,USA,United States,MEX,Mexico,2,1
1980-12-12,CUW,Curaçao,HAI,Haiti,1,1
1980-12-16,ARG,Argentina,SUI,Switzerland,5,0
1980-12-18,URU,Uruguay,SUI,Switzerland,4,0
1980-12-21,BRA,Brazil,SUI,Switzerland,2,0
1980-12-30,URU,Uruguay,NED,Netherlands,2,0
1981-01-01,ARG,Argentina,GER,Germany,2,1
1981-01-04,ARG,Argentina,BRA,Brazil,1,1
1981-01-07,BRA,Brazil,GER,Germany,4,1
1981-01-10,URU,Uruguay,BRA,Brazil,2,1
1981-01-11,TUN,Tunisia,QAT,Qatar,4,0
1981-02-01,COL,Colombia,BRA,Brazil,1,1
1981-02-03,CPV,Cape Verde,SEN,Senegal,0,1
1981-02-06,JOR,Jordan,IRQ,Iraq,0,2
1981-02-08,JOR,Jordan,IRQ,Iraq,0,2
1981-02-11,MEX,Mexico,KOR,South Korea,4,0
1981-02-12,CPV,Cape Verde,SEN,Senegal,1,5
1981-02-14,ECU,Ecuador,BRA,Brazil,0,6
1981-02-18,ESP,Spain,FRA,France,1,0
1981-02-28,NOR,Norway,SWE,Sweden,2,4
1981-03-08,JPN,Japan,KOR,South Korea,0,1
1981-03-08,MAR,Morocco,IRQ,Iraq,1,1
1981-03-08,KSA,Saudi Arabia,TUN,Tunisia,1,2
1981-03-11,KSA,Saudi Arabia,JOR,Jordan,2,1
1981-03-15,PAR,Paraguay,COL,Colombia,0,2
1981-03-18,QAT,Qatar,IRQ,Iraq,0,1
1981-03-21,KSA,Saudi Arabia,IRQ,Iraq,1,0
1981-03-25,ENG,England,ESP,Spain,1,2
1981-03-25,NED,Netherlands,FRA,France,1,0
1981-03-31,KSA,Saudi Arabia,QAT,Qatar,1,0
1981-04-03,ALG,Algeria,SEN,Senegal,2,0
1981-04-12,TUN,Tunisia,SEN,Senegal,1,0
1981-04-25,NZL,New Zealand,AUS,Australia,3,3
1981-04-26,MAR,Morocco,EGY,Egypt,1,0
1981-04-26,SEN,Senegal,TUN,Tunisia,0,0
1981-04-29,FRA,France,BEL,Belgium,3,2
1981-04-29,GER,Germany,AUT,Austria,2,0
1981-05-08,EGY,Egypt,MAR,Morocco,0,0
1981-05-12,ENG,England,BRA,Brazil,0,1
1981-05-15,FRA,France,BRA,Brazil,1,3
1981-05-16,AUS,Australia,NZL,New Zealand,0,2
1981-05-17,ECU,Ecuador,PAR,Paraguay,1,0
1981-05-19,GER,Germany,BRA,Brazil,1,2
1981-05-23,ENG,England,SCO,Scotland,0,1
1981-05-30,SUI,Switzerland,ENG,England,2,1
1981-05-31,PAR,Paraguay,ECU,Ecuador,3,1
1981-06-17,NOR,Norway,SUI,Switzerland,1,1
1981-06-20,POR,Portugal,ESP,Spain,2,0
1981-06-21,KOR,South Korea,JPN,Japan,2,0
1981-06-24,SWE,Sweden,POR,Portugal,3,0
1981-07-02,COL,Colombia,ESP,Spain,1,1
1981-07-08,BRA,Brazil,ESP,Spain,1,0
1981-07-22,GHA,Ghana,COD,DR Congo,2,2
1981-08-02,COD,DR Congo,GHA,Ghana,1,2
1981-08-09,URU,Uruguay,COL,Colombia,3,2
1981-08-22,IRQ,Iraq,GHA,Ghana,4,0
1981-08-24,IRQ,Iraq,GHA,Ghana,2,2
1981-09-01,SUI,Switzerland,NED,Netherlands,2,1
1981-09-09,BEL,Belgium,FRA,France,2,0
1981-09-09,NOR,Norway,ENG,England,2,1
1981-09-09,SCO,Scotland,SWE,Sweden,2,0
1981-09-12,JPN,Japan,NZL,New Zealand,0,1
1981-09-13,COL,Colombia,URU,Uruguay,1,1
1981-09-13,IRQ,Iraq,KOR,South Korea,1,1
1981-09-18,IRQ,Iraq,JPN,Japan,2,0
1981-09-23,AUT,Austria,ESP,Spain,0,0
1981-09-27,MAR,Morocco,TUN,Tunisia,2,2
1981-10-14,AUT,Austria,GER,Germany,1,3
1981-10-14,NED,Netherlands,BEL,Belgium,3,0
1981-10-14,POR,Portugal,SWE,Sweden,1,2
1981-10-17,KSA,Saudi Arabia,KOR,South Korea,2,0
1981-10-28,KSA,Saudi Arabia,SWE,Sweden,1,2
1981-11-01,SEN,Senegal,MAR,Morocco,2,0
1981-11-06,CAN,Canada,HAI,Haiti,1,1
1981-11-11,HAI,Haiti,MEX,Mexico,1,1
1981-11-15,MEX,Mexico,CAN,Canada,1,1
1981-11-18,FRA,France,NED,Netherlands,2,0
1981-11-18,POR,Portugal,SCO,Scotland,2,1
1981-11-28,NZL,New Zealand,KSA,Saudi Arabia,2,2
1981-12-16,ESP,Spain,BEL,Belgium,2,0
1981-12-19,KSA,Saudi Arabia,NZL,New Zealand,0,5
1982-02-07,TUN,Tunisia,ALG,Algeria,0,1
1982-02-15,GHA,Ghana,CIV,Ivory Coast,5,5
1982-02-17,GER,Germany,POR,Portugal,3,1
1982-02-20,KOR,South Korea,URU,Uruguay,2,2
1982-02-24,ESP,Spain,SCO,Scotland,3,0
1982-03-07,IRQ,Iraq,KOR,South Korea,3,0
1982-03-10,IRQ,Iraq,KOR,South Korea,1,1
1982-03-12,GHA,Ghana,TUN,Tunisia,1,0
1982-03-16,ALG,Algeria,GHA,Ghana,2,3
1982-03-21,BRA,Brazil,GER,Germany,1,0
1982-03-21,KOR,South Korea,JPN,Japan,3,0
1982-03-23,SCO,Scotland,NED,Netherlands,2,1
1982-03-24,ARG,Argentina,GER,Germany,1,1
1982-03-24,SUI,Switzerland,POR,Portugal,2,1
1982-03-29,KSA,Saudi Arabia,QAT,Qatar,1,0
1982-04-28,ESP,Spain,SUI,Switzerland,2,0
1982-05-04,GHA,Ghana,SEN,Senegal,0,0
1982-05-05,BRA,Brazil,POR,Portugal,3,1
1982-05-12,MAR,Morocco,SEN,Senegal,2,1
1982-05-12,NOR,Norway,GER,Germany,2,4
1982-05-19,BRA,Brazil,SUI,Switzerland,1,1
1982-05-25,ENG,England,NED,Netherlands,2,0
1982-05-29,SCO,Scotland,ENG,England,0,1
1982-06-13,ARG,Argentina,BEL,Belgium,0,1
1982-06-15,SCO,Scotland,NZL,New Zealand,5,2
1982-06-16,ENG,England,FRA,France,3,1
1982-06-16,GER,Germany,ALG,Algeria,1,2
1982-06-18,BRA,Brazil,SCO,Scotland,4,1
1982-06-21,ALG,Algeria,AUT,Austria,0,2
1982-06-23,BRA,Brazil,NZL,New Zealand,4,0
1982-06-25,GER,Germany,AUT,Austria,1,0
1982-06-28,AUT,Austria,FRA,France,0,1
1982-06-29,GER,Germany,ENG,England,0,0
1982-07-02,ARG,Argentina,BRA,Brazil,1,3
1982-07-02,ESP,Spain,GER,Germany,1,2
1982-07-05,ESP,Spain,ENG,England,0,0
1982-07-08,GER,Germany,FRA,France,3,3
1982-08-06,KOR,South Korea,SEN,Senegal,0,2
1982-08-11,NOR,Norway,SWE,Sweden,1,0
1982-08-20,GHA,Ghana,SEN,Senegal,2,2
1982-09-22,GER,Germany,BEL,Belgium,0,0
1982-10-03,KSA,Saudi Arabia,MAR,Morocco,2,1
1982-10-06,BEL,Belgium,SUI,Switzerland,3,0
1982-10-13,ENG,England,GER,Germany,1,2
1982-11-10,NED,Netherlands,FRA,France,1,2
1982-11-17,AUT,Austria,TUR,Turkey,4,0
1982-11-17,SUI,Switzerland,SCO,Scotland,2,0
1982-11-21,JPN,Japan,IRN,Iran,1,0
1982-11-23,KOR,South Korea,IRN,Iran,0,1
1982-11-25,KOR,South Korea,JPN,Japan,1,2
1982-11-28,JPN,Japan,IRQ,Iraq,0,1
1982-12-01,KSA,Saudi Arabia,IRQ,Iraq,0,1
1982-12-15,BEL,Belgium,SCO,Scotland,3,2
1982-12-19,TUN,Tunisia,ALG,Algeria,0,1
1983-02-16,POR,Portugal,FRA,France,0,3
1983-02-16,ESP,Spain,NED,Netherlands,1,0
1983-02-22,NZL,New Zealand,AUS,Australia,2,1
1983-02-23,POR,Portugal,GER,Germany,1,0
1983-02-27,AUS,Australia,NZL,New Zealand,0,2
1983-03-06,JPN,Japan,KOR,South Korea,1,1
1983-03-09,SEN,Senegal,MAR,Morocco,1,0
1983-03-10,SEN,Senegal,MAR,Morocco,0,0
1983-03-23,TUN,Tunisia,MAR,Morocco,1,0
1983-03-30,SCO,Scotland,SUI,Switzerland,2,2
1983-04-08,HAI,Haiti,USA,United States,0,2
1983-04-23,TUR,Turkey,GER,Germany,0,3
1983-04-27,AUT,Austria,GER,Germany,0,0
1983-04-27,NED,Netherlands,SWE,Sweden,0,3
1983-04-28,IRQ,Iraq,EGY,Egypt,2,1
1983-05-31,BEL,Belgium,FRA,France,1,1
1983-06-01,ENG,England,SCO,Scotland,2,0
1983-06-02,PAR,Paraguay,URU,Uruguay,0,0
1983-06-07,GHA,Ghana,NZL,New Zealand,0,2
1983-06-08,POR,Portugal,BRA,Brazil,0,4
1983-06-09,URU,Uruguay,PAR,Paraguay,3,0
1983-06-12,AUS,Australia,ENG,England,0,0
1983-06-12,CAN,Canada,SCO,Scotland,0,2
1983-06-15,AUS,Australia,ENG,England,0,1
1983-06-15,KOR,South Korea,GHA,Ghana,1,0
1983-06-16,CAN,Canada,SCO,Scotland,0,3
1983-06-17,SUI,Switzerland,BRA,Brazil,1,2
1983-06-19,AUS,Australia,ENG,England,1,1
1983-06-22,SWE,Sweden,BRA,Brazil,3,3
1983-07-14,PAR,Paraguay,ARG,Argentina,1,0
1983-07-21,ARG,Argentina,PAR,Paraguay,0,0
1983-07-26,ECU,Ecuador,COL,Colombia,0,0
1983-07-29,COL,Colombia,ECU,Ecuador,0,0
1983-08-10,ECU,Ecuador,ARG,Argentina,2,2
1983-08-13,SEN,Senegal,ALG,Algeria,1,1
1983-08-14,EGY,Egypt,TUN,Tunisia,1,0
1983-08-17,ECU,Ecuador,BRA,Brazil,0,1
1983-08-24,ARG,Argentina,BRA,Brazil,1,0
1983-08-25,ALG,Algeria,CIV,Ivory Coast,3,0
1983-08-25,URU,Uruguay,PAR,Paraguay,0,0
1983-08-28,ALG,Algeria,SEN,Senegal,2,0
1983-08-28,TUN,Tunisia,EGY,Egypt,0,0
1983-09-01,BRA,Brazil,ECU,Ecuador,5,0
1983-09-07,ARG,Argentina,ECU,Ecuador,2,2
1983-09-14,BRA,Brazil,ARG,Argentina,0,0
1983-09-21,BEL,Belgium,NED,Netherlands,1,1
1983-09-21,SCO,Scotland,URU,Uruguay,2,0
1983-09-30,CIV,Ivory Coast,GHA,Ghana,0,2
1983-10-05,FRA,France,ESP,Spain,1,1
1983-10-05,GER,Germany,AUT,Austria,3,0
1983-10-12,SCO,Scotland,BEL,Belgium,1,1
1983-10-13,PAR,Paraguay,BRA,Brazil,1,1
1983-10-20,BRA,Brazil,PAR,Paraguay,0,0
1983-10-26,GER,Germany,TUR,Turkey,5,1
1983-10-27,URU,Uruguay,BRA,Brazil,2,0
1983-11-04,BRA,Brazil,URU,Uruguay,1,1
1983-11-09,SUI,Switzerland,BEL,Belgium,3,1
1983-11-16,NED,Netherlands,ESP,Spain,2,1
1983-11-16,TUR,Turkey,AUT,Austria,3,1
1983-11-22,MEX,Mexico,SWE,Sweden,2,0
1983-11-30,ALG,Algeria,SUI,Switzerland,1,2
1983-12-02,CIV,Ivory Coast,SUI,Switzerland,1,0
1983-12-06,MEX,Mexico,CAN,Canada,5,0
1984-01-15,CIV,Ivory Coast,MAR,Morocco,3,3
1984-01-20,EGY,Egypt,TUR,Turkey,1,0
1984-01-22,EGY,Egypt,TUR,Turkey,0,1
1984-01-31,CIV,Ivory Coast,SEN,Senegal,1,0
1984-02-05,CIV,Ivory Coast,SEN,Senegal,4,3
1984-02-21,KSA,Saudi Arabia,ALG,Algeria,4,2
1984-02-27,EGY,Egypt,IRQ,Iraq,1,2
1984-02-29,BEL,Belgium,GER,Germany,0,1
1984-02-29,EGY,Egypt,IRQ,Iraq,0,0
1984-02-29,FRA,France,ENG,England,2,0
1984-03-07,CIV,Ivory Coast,EGY,Egypt,1,2
1984-03-08,ALG,Algeria,GHA,Ghana,2,0
1984-03-10,KSA,Saudi Arabia,QAT,Qatar,1,2
1984-03-17,ALG,Algeria,EGY,Egypt,3,1
1984-03-17,IRQ,Iraq,KSA,Saudi Arabia,4,0
1984-03-25,IRQ,Iraq,QAT,Qatar,1,2
1984-03-28,FRA,France,AUT,Austria,1,0
1984-03-28,HAI,Haiti,CAN,Canada,0,1
1984-03-28,IRQ,Iraq,QAT,Qatar,1,1
1984-04-18,FRA,France,GER,Germany,1,0
1984-05-02,SUI,Switzerland,SWE,Sweden,0,0
1984-05-26,SCO,Scotland,ENG,England,1,1
1984-05-26,SUI,Switzerland,ESP,Spain,0,4
1984-06-01,FRA,France,SCO,Scotland,2,0
1984-06-10,BRA,Brazil,ENG,England,0,2
1984-06-13,URU,Uruguay,ENG,England,2,0
1984-06-14,GER,Germany,POR,Portugal,0,0
1984-06-16,FRA,France,BEL,Belgium,5,0
1984-06-17,BRA,Brazil,ARG,Argentina,0,0
1984-06-17,POR,Portugal,ESP,Spain,1,1
1984-06-20,GER,Germany,ESP,Spain,0,1
1984-06-21,BRA,Brazil,URU,Uruguay,1,0
1984-06-23,FRA,France,POR,Portugal,3,2
1984-06-23,MAR,Morocco,SEN,Senegal,2,1
1984-06-27,FRA,France,ESP,Spain,2,0
1984-07-18,URU,Uruguay,ARG,Argentina,1,0
1984-08-02,ARG,Argentina,URU,Uruguay,0,0
1984-08-22,SWE,Sweden,MEX,Mexico,1,1
1984-08-24,COL,Colombia,ARG,Argentina,1,0
1984-09-01,SUI,Switzerland,ARG,Argentina,0,2
1984-09-05,BEL,Belgium,ARG,Argentina,0,2
1984-09-12,GER,Germany,ARG,Argentina,1,3
1984-09-12,NOR,Norway,SUI,Switzerland,0,1
1984-09-12,SWE,Sweden,POR,Portugal,0,1
1984-09-17,QAT,Qatar,JOR,Jordan,2,0
1984-09-18,MEX,Mexico,ARG,Argentina,1,1
1984-09-29,CUW,Curaçao,USA,United States,0,0
1984-09-30,KOR,South Korea,JPN,Japan,1,2
1984-10-06,USA,United States,CUW,Curaçao,4,0
1984-10-09,MEX,Mexico,COL,Colombia,1,0
1984-10-11,USA,United States,COL,Colombia,1,0
1984-10-16,ALG,Algeria,CAN,Canada,1,0
1984-10-17,GER,Germany,SWE,Sweden,2,0
1984-10-17,MEX,Mexico,USA,United States,2,1
1984-10-21,TUN,Tunisia,CAN,Canada,2,0
1984-10-24,MAR,Morocco,CAN,Canada,3,2
1984-10-25,ARG,Argentina,MEX,Mexico,1,1
1984-10-31,URU,Uruguay,MEX,Mexico,1,1
1984-11-02,EGY,Egypt,CAN,Canada,1,0
1984-11-14,AUT,Austria,NED,Netherlands,1,0
1984-11-14,POR,Portugal,SWE,Sweden,1,3
1984-11-14,SCO,Scotland,ESP,Spain,3,1
1984-11-14,TUR,Turkey,ENG,England,0,8
1984-11-18,GHA,Ghana,CIV,Ivory Coast,2,0
1984-11-30,USA,United States,ECU,Ecuador,0,0
1984-12-02,KSA,Saudi Arabia,KOR,South Korea,1,1
1984-12-02,USA,United States,ECU,Ecuador,2,2
1984-12-04,MEX,Mexico,ECU,Ecuador,3,2
1984-12-08,QAT,Qatar,KSA,Saudi Arabia,1,1
1984-12-10,KOR,South Korea,QAT,Qatar,0,1
1984-12-13,KSA,Saudi Arabia,IRN,Iran,1,1
1984-12-17,EGY,Egypt,NOR,Norway,0,1
1984-12-20,EGY,Egypt,NOR,Norway,0,1
1984-12-28,ALG,Algeria,GHA,Ghana,1,2
1984-12-28,CIV,Ivory Coast,TUN,Tunisia,3,1
1984-12-30,ALG,Algeria,TUN,Tunisia,3,1
1984-12-30,CIV,Ivory Coast,GHA,Ghana,2,0
1985-01-01,GHA,Ghana,TUN,Tunisia,0,2
1985-01-01,CIV,Ivory Coast,ALG,Algeria,1,1
1985-01-31,CIV,Ivory Coast,EGY,Egypt,0,1
1985-02-01,COL,Colombia,SUI,Switzerland,2,2
1985-02-03,URU,Uruguay,PAR,Paraguay,1,0
1985-02-06,MEX,Mexico,SUI,Switzerland,1,2
1985-02-08,USA,United States,SUI,Switzerland,1,1
1985-02-10,PAR,Paraguay,URU,Uruguay,1,3
1985-02-19,CPV,Cape Verde,SEN,Senegal,0,1
1985-02-24,POR,Portugal,GER,Germany,1,2
1985-02-24,URU,Uruguay,COL,Colombia,3,0
1985-02-27,ESP,Spain,SCO,Scotland,1,0
1985-02-28,PAR,Paraguay,COL,Colombia,0,3
1985-03-05,CIV,Ivory Coast,COD,DR Congo,2,1
1985-03-10,URU,Uruguay,ECU,Ecuador,2,1
1985-03-15,JOR,Jordan,QAT,Qatar,1,0
1985-03-29,JOR,Jordan,IRQ,Iraq,2,3
1985-03-31,ECU,Ecuador,URU,Uruguay,0,2
1985-04-02,CAN,Canada,USA,United States,2,0
1985-04-04,USA,United States,CAN,Canada,1,1
1985-04-05,QAT,Qatar,IRQ,Iraq,3,0
1985-04-07,CIV,Ivory Coast,GHA,Ghana,0,0
1985-04-12,QAT,Qatar,JOR,Jordan,2,0
1985-04-13,CAN,Canada,HAI,Haiti,2,0
1985-04-17,COL,Colombia,PAR,Paraguay,2,0
1985-04-19,COL,Colombia,PAR,Paraguay,2,2
1985-04-19,IRQ,Iraq,JOR,Jordan,2,0
1985-04-21,GHA,Ghana,CIV,Ivory Coast,2,0
1985-04-25,BRA,Brazil,COL,Colombia,2,1
1985-04-28,COL,Colombia,URU,Uruguay,2,1
1985-04-28,PAR,Paraguay,ARG,Argentina,1,0
1985-05-01,NED,Netherlands,AUT,Austria,1,1
1985-05-01,TUN,Tunisia,ALG,Algeria,1,0
1985-05-02,BRA,Brazil,URU,Uruguay,2,0
1985-05-05,BRA,Brazil,ARG,Argentina,2,1
1985-05-05,IRQ,Iraq,QAT,Qatar,2,1
1985-05-08,HAI,Haiti,CAN,Canada,0,2
1985-05-09,ARG,Argentina,PAR,Paraguay,1,1
1985-05-15,COL,Colombia,BRA,Brazil,1,0
1985-05-22,SWE,Sweden,NOR,Norway,1,0
1985-05-25,SCO,Scotland,ENG,England,1,0
1985-05-26,JPN,Japan,URU,Uruguay,1,4
1985-06-02,CAN,Canada,GHA,Ghana,2,1
1985-06-02,COL,Colombia,ARG,Argentina,1,3
1985-06-09,CAN,Canada,IRQ,Iraq,1,6
1985-06-09,MEX,Mexico,ENG,England,1,0
1985-06-12,ENG,England,GER,Germany,3,0
1985-06-15,KOR,South Korea,IRQ,Iraq,2,0
1985-06-15,MEX,Mexico,GER,Germany,2,0
1985-06-16,ARG,Argentina,COL,Colombia,1,0
1985-06-16,PAR,Paraguay,BRA,Brazil,0,2
1985-06-16,USA,United States,ENG,England,0,5
1985-06-23,BRA,Brazil,PAR,Paraguay,1,1
1985-07-03,KSA,Saudi Arabia,JOR,Jordan,4,0
1985-07-05,JOR,Jordan,QAT,Qatar,0,2
1985-07-07,KSA,Saudi Arabia,QAT,Qatar,1,0
1985-07-10,KSA,Saudi Arabia,IRQ,Iraq,2,3
1985-07-12,EGY,Egypt,MAR,Morocco,0,0
1985-07-12,KSA,Saudi Arabia,QAT,Qatar,0,0
1985-07-28,MAR,Morocco,EGY,Egypt,2,0
1985-07-28,TUN,Tunisia,KSA,Saudi Arabia,1,0
1985-08-18,CIV,Ivory Coast,GHA,Ghana,2,0
1985-08-21,FRA,France,URU,Uruguay,2,0
1985-08-25,MAR,Morocco,COD,DR Congo,1,0
1985-08-28,SUI,Switzerland,TUR,Turkey,0,0
1985-09-01,GHA,Ghana,CIV,Ivory Coast,0,0
1985-09-08,COD,DR Congo,MAR,Morocco,0,0
1985-09-10,NOR,Norway,EGY,Egypt,3,0
1985-09-21,NZL,New Zealand,AUS,Australia,0,0
1985-09-25,SWE,Sweden,GER,Germany,2,2
1985-10-06,TUN,Tunisia,ALG,Algeria,1,4
1985-10-16,BEL,Belgium,NED,Netherlands,1,0
1985-10-16,ENG,England,TUR,Turkey,5,0
1985-10-16,GER,Germany,POR,Portugal,0,1
1985-10-18,ALG,Algeria,TUN,Tunisia,3,0
1985-10-18,JOR,Jordan,MEX,Mexico,0,0
1985-10-20,EGY,Egypt,MEX,Mexico,2,1
1985-10-26,JPN,Japan,KOR,South Korea,1,2
1985-10-27,PAR,Paraguay,COL,Colombia,3,0
1985-11-03,AUS,Australia,NZL,New Zealand,2,0
1985-11-03,COL,Colombia,PAR,Paraguay,2,1
1985-11-03,KOR,South Korea,JPN,Japan,1,0
1985-11-13,SUI,Switzerland,NOR,Norway,1,1
1985-11-14,MEX,Mexico,ARG,Argentina,1,1
1985-11-17,MEX,Mexico,ARG,Argentina,1,1
1985-11-19,EGY,Egypt,CIV,Ivory Coast,0,1
1985-11-20,NED,Netherlands,BEL,Belgium,2,1
1985-11-20,SCO,Scotland,AUS,Australia,2,0
1985-11-20,ESP,Spain,AUT,Austria,0,0
1985-11-21,COD,DR Congo,EGY,Egypt,3,2
1985-11-24,COD,DR Congo,CIV,Ivory Coast,1,2
1985-12-03,MEX,Mexico,KOR,South Korea,2,1
1985-12-04,AUS,Australia,SCO,Scotland,0,0
1985-12-07,MEX,Mexico,ALG,Algeria,2,0
1985-12-10,MEX,Mexico,KOR,South Korea,2,1
1985-12-13,ALG,Algeria,KOR,South Korea,0,2
1985-12-29,SEN,Senegal,CIV,Ivory Coast,2,0
1986-01-24,QAT,Qatar,TUN,Tunisia,2,1
1986-01-29,CAN,Canada,PAR,Paraguay,0,0
1986-01-29,EGY,Egypt,ENG,England,0,4
1986-02-02,CAN,Canada,URU,Uruguay,1,3
1986-02-14,KOR,South Korea,PAR,Paraguay,1,3
1986-02-17,KSA,Saudi Arabia,ALG,Algeria,0,0
1986-02-19,ESP,Spain,BEL,Belgium,3,0
1986-02-20,IRN,Iran,GHA,Ghana,2,0
1986-02-21,KSA,Saudi Arabia,ALG,Algeria,1,1
1986-02-26,QAT,Qatar,PAR,Paraguay,1,1
1986-03-01,QAT,Qatar,PAR,Paraguay,0,3
1986-03-07,EGY,Egypt,SEN,Senegal,0,1
1986-03-08,ALG,Algeria,MAR,Morocco,0,0
1986-03-10,EGY,Egypt,CIV,Ivory Coast,2,0
1986-03-12,GER,Germany,BRA,Brazil,2,0
1986-03-12,KSA,Saudi Arabia,PAR,Paraguay,0,0
1986-03-12,TUR,Turkey,SUI,Switzerland,1,0
1986-03-13,CIV,Ivory Coast,SEN,Senegal,1,0
1986-03-17,EGY,Egypt,MAR,Morocco,1,0
1986-03-20,CIV,Ivory Coast,MAR,Morocco,3,2
1986-03-26,FRA,France,ARG,Argentina,2,0
1986-03-27,QAT,Qatar,IRQ,Iraq,1,1
1986-03-30,IRQ,Iraq,KSA,Saudi Arabia,1,2
1986-04-05,QAT,Qatar,KSA,Saudi Arabia,0,2
1986-04-09,SUI,Switzerland,GER,Germany,0,1
1986-04-13,MEX,Mexico,URU,Uruguay,1,0
1986-04-23,ENG,England,SCO,Scotland,2,1
1986-04-27,MEX,Mexico,CAN,Canada,3,0
1986-04-29,NED,Netherlands,SCO,Scotland,0,0
1986-04-30,NOR,Norway,ARG,Argentina,1,0
1986-05-06,SUI,Switzerland,ALG,Algeria,2,0
1986-05-11,JPN,Japan,ALG,Algeria,2,1
1986-05-14,AUT,Austria,SWE,Sweden,1,0
1986-05-14,GER,Germany,NED,Netherlands,3,1
1986-05-17,MEX,Mexico,ENG,England,0,3
1986-05-24,CAN,Canada,ENG,England,0,1
1986-06-01,CAN,Canada,FRA,France,0,1
1986-06-01,ESP,Spain,BRA,Brazil,0,1
1986-06-02,ARG,Argentina,KOR,South Korea,3,1
1986-06-03,MEX,Mexico,BEL,Belgium,2,1
1986-06-03,POR,Portugal,ENG,England,1,0
1986-06-04,PAR,Paraguay,IRQ,Iraq,1,0
1986-06-04,URU,Uruguay,GER,Germany,1,1
1986-06-06,BRA,Brazil,ALG,Algeria,1,0
1986-06-06,ENG,England,MAR,Morocco,0,0
1986-06-07,MEX,Mexico,PAR,Paraguay,1,1
1986-06-08,GER,Germany,SCO,Scotland,2,1
1986-06-08,IRQ,Iraq,BEL,Belgium,1,2
1986-06-11,MEX,Mexico,IRQ,Iraq,1,0
1986-06-11,PAR,Paraguay,BEL,Belgium,2,2
1986-06-11,POR,Portugal,MAR,Morocco,1,3
1986-06-12,ALG,Algeria,ESP,Spain,0,3
1986-06-13,SCO,Scotland,URU,Uruguay,0,0
1986-06-16,ARG,Argentina,URU,Uruguay,1,0
1986-06-17,MAR,Morocco,GER,Germany,0,1
1986-06-18,ENG,England,PAR,Paraguay,3,0
1986-06-21,BRA,Brazil,FRA,France,1,1
1986-06-21,MEX,Mexico,GER,Germany,0,0
1986-06-22,ARG,Argentina,ENG,England,2,1
1986-06-22,ESP,Spain,BEL,Belgium,1,1
1986-06-25,ARG,Argentina,BEL,Belgium,2,0
1986-06-25,FRA,France,GER,Germany,0,2
1986-06-28,FRA,France,BEL,Belgium,4,2
1986-06-29,ARG,Argentina,GER,Germany,3,2
1986-08-02,GHA,Ghana,CIV,Ivory Coast,0,1
1986-08-19,SUI,Switzerland,FRA,France,2,0
1986-08-27,AUT,Austria,SUI,Switzerland,1,1
1986-09-10,SWE,Sweden,ENG,England,1,0
1986-09-22,JPN,Japan,IRN,Iran,0,2
1986-09-24,SWE,Sweden,SUI,Switzerland,2,0
1986-09-29,QAT,Qatar,KSA,Saudi Arabia,0,1
1986-10-01,KSA,Saudi Arabia,IRQ,Iraq,1,1
1986-10-01,KOR,South Korea,IRN,Iran,1,1
1986-10-05,KOR,South Korea,KSA,Saudi Arabia,2,0
1986-10-12,POR,Portugal,SWE,Sweden,1,1
1986-10-15,GER,Germany,ESP,Spain,2,2
1986-10-25,NZL,New Zealand,AUS,Australia,1,1
1986-10-29,AUT,Austria,GER,Germany,4,1
1986-10-29,SUI,Switzerland,POR,Portugal,1,1
1986-11-02,AUS,Australia,NZL,New Zealand,2,1
1986-12-11,ALG,Algeria,CIV,Ivory Coast,2,1
1986-12-14,ALG,Algeria,CIV,Ivory Coast,2,1
1987-01-21,ESP,Spain,NED,Netherlands,1,1
1987-01-31,CIV,Ivory Coast,GHA,Ghana,0,2
1987-02-04,POR,Portugal,BEL,Belgium,1,0
1987-02-07,TUN,Tunisia,AUT,Austria,1,3
1987-02-18,ESP,Spain,ENG,England,2,4
1987-02-25,CPV,Cape Verde,SEN,Senegal,0,2
1987-03-18,CIV,Ivory Coast,COD,DR Congo,2,1
1987-03-22,CIV,Ivory Coast,COD,DR Congo,1,3
1987-03-27,ALG,Algeria,TUN,Tunisia,1,0
1987-04-01,AUT,Austria,ESP,Spain,2,3
1987-04-01,BEL,Belgium,SCO,Scotland,4,1
1987-04-14,TUN,Tunisia,ALG,Algeria,1,1
1987-04-29,TUR,Turkey,ENG,England,0,0
1987-05-19,ENG,England,BRA,Brazil,1,1
1987-05-23,SCO,Scotland,ENG,England,0,0
1987-05-26,SCO,Scotland,BRA,Brazil,0,2
1987-05-27,JPN,Japan,SEN,Senegal,2,2
1987-06-08,EGY,Egypt,USA,United States,3,1
1987-06-09,AUS,Australia,MAR,Morocco,1,0
1987-06-10,KOR,South Korea,EGY,Egypt,0,0
1987-06-11,COL,Colombia,ECU,Ecuador,1,0
1987-06-12,KOR,South Korea,USA,United States,1,0
1987-06-14,ECU,Ecuador,COL,Colombia,3,0
1987-06-16,NOR,Norway,FRA,France,2,0
1987-06-17,SUI,Switzerland,SWE,Sweden,1,1
1987-06-19,AUS,Australia,EGY,Egypt,0,0
1987-06-19,URU,Uruguay,ECU,Ecuador,2,1
1987-06-20,ARG,Argentina,PAR,Paraguay,0,1
1987-06-21,BRA,Brazil,ECU,Ecuador,4,1
1987-06-21,KOR,South Korea,AUS,Australia,1,1
1987-07-02,ARG,Argentina,ECU,Ecuador,3,0
1987-07-05,COL,Colombia,PAR,Paraguay,3,0
1987-07-05,SEN,Senegal,COD,DR Congo,0,0
1987-07-09,ARG,Argentina,URU,Uruguay,0,1
1987-07-11,ARG,Argentina,COL,Colombia,1,2
1987-07-19,COD,DR Congo,SEN,Senegal,0,0
1987-08-02,EGY,Egypt,SEN,Senegal,1,0
1987-08-04,EGY,Egypt,CIV,Ivory Coast,2,1
1987-08-06,CIV,Ivory Coast,SEN,Senegal,1,0
1987-08-07,ALG,Algeria,KOR,South Korea,2,0
1987-08-08,SEN,Senegal,TUN,Tunisia,1,0
1987-08-12,GER,Germany,FRA,France,2,1
1987-08-12,NOR,Norway,SWE,Sweden,0,0
1987-08-18,SUI,Switzerland,AUT,Austria,2,2
1987-09-02,AUS,Australia,NZL,New Zealand,1,1
1987-09-09,GER,Germany,ENG,England,3,1
1987-09-09,NED,Netherlands,BEL,Belgium,0,0
1987-09-09,NZL,New Zealand,AUS,Australia,1,0
1987-09-23,SWE,Sweden,POR,Portugal,0,1
1987-10-06,MEX,Mexico,CAN,Canada,4,0
1987-10-14,ENG,England,TUR,Turkey,8,0
1987-10-14,FRA,France,NOR,Norway,1,1
1987-10-14,GER,Germany,SWE,Sweden,1,1
1987-10-14,SCO,Scotland,BEL,Belgium,2,0
1987-10-14,ESP,Spain,AUT,Austria,2,0
1987-11-11,POR,Portugal,SUI,Switzerland,0,0
1987-12-11,ALG,Algeria,TUN,Tunisia,0,0
1987-12-12,BRA,Brazil,GER,Germany,1,1
1987-12-16,ARG,Argentina,GER,Germany,1,0
1987-12-19,CIV,Ivory Coast,SEN,Senegal,1,0
1988-01-06,KOR,South Korea,EGY,Egypt,1,1
1988-02-02,AUT,Austria,MAR,Morocco,1,3
1988-02-02,FRA,France,SUI,Switzerland,2,1
1988-02-05,AUT,Austria,SUI,Switzerland,1,2
1988-02-05,FRA,France,MAR,Morocco,2,1
1988-02-17,KSA,Saudi Arabia,SCO,Scotland,2,2
1988-02-25,IRQ,Iraq,TUN,Tunisia,2,0
1988-03-05,KSA,Saudi Arabia,QAT,Qatar,0,0
1988-03-13,ALG,Algeria,CIV,Ivory Coast,1,1
1988-03-13,MAR,Morocco,COD,DR Congo,1,1
1988-03-13,QAT,Qatar,IRQ,Iraq,0,3
1988-03-16,CIV,Ivory Coast,COD,DR Congo,1,1
1988-03-16,MAR,Morocco,ALG,Algeria,1,0
1988-03-16,KSA,Saudi Arabia,IRQ,Iraq,0,2
1988-03-19,ALG,Algeria,COD,DR Congo,1,0
1988-03-19,MAR,Morocco,CIV,Ivory Coast,0,0
1988-03-23,ENG,England,NED,Netherlands,2,2
1988-03-23,FRA,France,ESP,Spain,2,1
1988-03-26,MAR,Morocco,ALG,Algeria,1,1
1988-03-30,COL,Colombia,CAN,Canada,3,0
1988-03-31,GER,Germany,SWE,Sweden,1,1
1988-04-02,GER,Germany,ARG,Argentina,1,0
1988-04-16,JPN,Japan,JOR,Jordan,1,1
1988-04-27,GER,Germany,SUI,Switzerland,1,0
1988-04-27,ESP,Spain,SCO,Scotland,0,0
1988-05-17,SCO,Scotland,COL,Colombia,0,0
1988-05-21,ENG,England,SCO,Scotland,1,0
1988-05-24,ENG,England,COL,Colombia,1,1
1988-05-28,SUI,Switzerland,ENG,England,0,1
1988-06-01,ESP,Spain,SWE,Sweden,1,3
1988-06-05,SUI,Switzerland,ESP,Spain,1,1
1988-06-07,USA,United States,ECU,Ecuador,0,1
1988-06-10,USA,United States,ECU,Ecuador,0,2
1988-06-12,USA,United States,ECU,Ecuador,0,0
1988-06-15,ENG,England,NED,Netherlands,1,3
1988-06-17,GER,Germany,ESP,Spain,2,0
1988-06-21,GER,Germany,NED,Netherlands,1,2
1988-06-21,KSA,Saudi Arabia,NZL,New Zealand,0,2
1988-06-23,KSA,Saudi Arabia,NZL,New Zealand,2,3
1988-07-06,ARG,Argentina,KSA,Saudi Arabia,2,2
1988-07-07,AUS,Australia,BRA,Brazil,0,1
1988-07-09,AUS,Australia,KSA,Saudi Arabia,3,0
1988-07-09,IRQ,Iraq,TUN,Tunisia,1,1
1988-07-10,ARG,Argentina,BRA,Brazil,0,0
1988-07-13,BRA,Brazil,KSA,Saudi Arabia,4,1
1988-07-13,EGY,Egypt,TUN,Tunisia,1,0
1988-07-14,AUS,Australia,ARG,Argentina,4,1
1988-07-16,ARG,Argentina,KSA,Saudi Arabia,2,0
1988-07-17,AUS,Australia,BRA,Brazil,0,2
1988-07-17,EGY,Egypt,IRQ,Iraq,0,0
1988-07-19,JOR,Jordan,IRQ,Iraq,0,3
1988-07-21,JOR,Jordan,EGY,Egypt,0,2
1988-07-28,NOR,Norway,BRA,Brazil,1,1
1988-08-03,AUT,Austria,BRA,Brazil,0,2
1988-08-07,COL,Colombia,URU,Uruguay,2,1
1988-09-07,ECU,Ecuador,PAR,Paraguay,1,5
1988-09-14,NOR,Norway,SCO,Scotland,1,2
1988-09-27,ECU,Ecuador,URU,Uruguay,1,2
1988-09-28,FRA,France,NOR,Norway,1,0
1988-09-29,PAR,Paraguay,URU,Uruguay,3,1
1988-10-12,BEL,Belgium,BRA,Brazil,1,2
1988-10-12,NZL,New Zealand,AUS,Australia,1,2
1988-10-12,ESP,Spain,ARG,Argentina,1,1
1988-10-12,SWE,Sweden,POR,Portugal,0,0
1988-10-12,URU,Uruguay,PAR,Paraguay,2,0
1988-10-16,AUS,Australia,NZL,New Zealand,2,0
1988-10-19,BEL,Belgium,SUI,Switzerland,1,0
1988-10-19,ENG,England,SWE,Sweden,0,0
1988-10-19,GER,Germany,NED,Netherlands,0,0
1988-10-26,JPN,Japan,KOR,South Korea,0,1
1988-11-02,AUT,Austria,TUR,Turkey,3,2
1988-11-14,KSA,Saudi Arabia,EGY,Egypt,0,0
1988-11-16,KSA,Saudi Arabia,ENG,England,1,1
1988-11-17,CPV,Cape Verde,SEN,Senegal,0,1
1988-11-29,KSA,Saudi Arabia,TUN,Tunisia,1,0
1988-12-02,QAT,Qatar,IRN,Iran,0,2
1988-12-04,JPN,Japan,IRN,Iran,0,0
1988-12-06,KOR,South Korea,JPN,Japan,2,0
1988-12-06,MAR,Morocco,EGY,Egypt,0,0
1988-12-09,QAT,Qatar,KOR,South Korea,2,3
1988-12-10,CIV,Ivory Coast,TUN,Tunisia,1,0
1988-12-11,KOR,South Korea,IRN,Iran,3,0
1988-12-12,QAT,Qatar,JPN,Japan,3,0
1988-12-14,EGY,Egypt,SUI,Switzerland,1,3
1988-12-15,KSA,Saudi Arabia,IRN,Iran,1,0
1988-12-18,CIV,Ivory Coast,TUN,Tunisia,1,1
1988-12-18,KOR,South Korea,KSA,Saudi Arabia,0,0
1989-01-06,QAT,Qatar,JOR,Jordan,1,0
1989-01-08,COD,DR Congo,TUN,Tunisia,3,1
1989-01-13,JOR,Jordan,IRQ,Iraq,0,1
1989-01-20,IRN,Iran,JPN,Japan,2,2
1989-01-20,QAT,Qatar,IRQ,Iraq,1,0
1989-01-22,TUN,Tunisia,MAR,Morocco,2,1
1989-01-27,JOR,Jordan,QAT,Qatar,1,1
1989-01-29,SEN,Senegal,COD,DR Congo,1,1
1989-01-31,SEN,Senegal,COD,DR Congo,2,1
1989-02-03,IRQ,Iraq,JOR,Jordan,4,0
1989-02-10,IRQ,Iraq,QAT,Qatar,2,2
1989-02-15,POR,Portugal,BEL,Belgium,1,1
1989-03-08,SCO,Scotland,FRA,France,2,0
1989-03-09,COL,Colombia,ARG,Argentina,1,0
1989-03-12,AUS,Australia,NZL,New Zealand,4,1
1989-03-15,BRA,Brazil,ECU,Ecuador,1,0
1989-03-15,TUN,Tunisia,EGY,Egypt,0,0
1989-03-22,ALG,Algeria,MAR,Morocco,1,1
1989-04-02,NZL,New Zealand,AUS,Australia,2,0
1989-04-04,ALG,Algeria,TUN,Tunisia,2,0
1989-04-12,BRA,Brazil,PAR,Paraguay,2,0
1989-04-13,ECU,Ecuador,ARG,Argentina,2,2
1989-04-26,NED,Netherlands,GER,Germany,1,1
1989-04-26,POR,Portugal,SUI,Switzerland,3,1
1989-05-03,URU,Uruguay,ECU,Ecuador,3,1
1989-05-05,KOR,South Korea,JPN,Japan,1,0
1989-05-23,ECU,Ecuador,URU,Uruguay,1,1
1989-05-24,MAR,Morocco,ALG,Algeria,1,0
1989-05-27,SCO,Scotland,ENG,England,0,2
1989-05-30,CPV,Cape Verde,SEN,Senegal,2,1
1989-05-31,NOR,Norway,AUT,Austria,4,1
1989-05-31,SWE,Sweden,ALG,Algeria,2,0
1989-06-01,CIV,Ivory Coast,COD,DR Congo,1,1
1989-06-08,BRA,Brazil,POR,Portugal,4,0
1989-06-08,CAN,Canada,BEL,Belgium,0,2
1989-06-11,COD,DR Congo,MAR,Morocco,0,0
1989-06-11,CIV,Ivory Coast,ALG,Algeria,0,0
1989-06-16,BRA,Brazil,SWE,Sweden,1,2
1989-06-21,SUI,Switzerland,BRA,Brazil,1,0
1989-06-24,USA,United States,COL,Colombia,0,1
1989-06-25,TUN,Tunisia,COD,DR Congo,1,0
1989-06-27,HAI,Haiti,COL,Colombia,0,4
1989-07-02,URU,Uruguay,ECU,Ecuador,0,1
1989-07-04,ARG,Argentina,ECU,Ecuador,0,0
1989-07-05,COL,Colombia,PAR,Paraguay,0,1
1989-07-07,BRA,Brazil,COL,Colombia,0,0
1989-07-08,URU,Uruguay,ARG,Argentina,0,1
1989-07-09,BRA,Brazil,PAR,Paraguay,2,0
1989-07-12,BRA,Brazil,ARG,Argentina,2,0
1989-07-12,PAR,Paraguay,URU,Uruguay,0,3
1989-07-14,ARG,Argentina,URU,Uruguay,0,2
1989-07-14,BRA,Brazil,PAR,Paraguay,3,0
1989-07-16,BRA,Brazil,URU,Uruguay,1,0
1989-07-16,EGY,Egypt,COD,DR Congo,2,0
1989-07-16,PAR,Paraguay,ARG,Argentina,0,0
1989-07-16,SEN,Senegal,TUN,Tunisia,3,0
1989-07-23,BRA,Brazil,JPN,Japan,1,0
1989-07-26,ALG,Algeria,QAT,Qatar,1,1
1989-07-28,COD,DR Congo,EGY,Egypt,0,0
1989-07-30,TUN,Tunisia,SEN,Senegal,0,1
1989-08-06,URU,Uruguay,COL,Colombia,0,0
1989-08-10,MEX,Mexico,KOR,South Korea,4,2
1989-08-13,MAR,Morocco,TUN,Tunisia,0,0
1989-08-13,USA,United States,KOR,South Korea,1,2
1989-08-16,SWE,Sweden,FRA,France,2,4
1989-08-20,COL,Colombia,ECU,Ecuador,2,0
1989-08-25,ALG,Algeria,CIV,Ivory Coast,1,0
1989-08-27,MAR,Morocco,COD,DR Congo,1,1
1989-08-27,PAR,Paraguay,COL,Colombia,2,1
1989-09-03,ECU,Ecuador,COL,Colombia,0,0
1989-09-05,NOR,Norway,FRA,France,1,1
1989-09-06,BEL,Belgium,POR,Portugal,3,0
1989-09-06,SWE,Sweden,ENG,England,0,0
1989-09-10,PAR,Paraguay,ECU,Ecuador,2,1
1989-09-16,KOR,South Korea,EGY,Egypt,0,1
1989-09-17,COL,Colombia,PAR,Paraguay,2,1
1989-09-20,SUI,Switzerland,POR,Portugal,1,2
1989-09-24,ECU,Ecuador,PAR,Paraguay,3,1
1989-10-08,ALG,Algeria,EGY,Egypt,0,0
1989-10-11,FRA,France,SCO,Scotland,3,0
1989-10-11,SUI,Switzerland,BEL,Belgium,2,2
1989-10-13,KOR,South Korea,QAT,Qatar,0,0
1989-10-16,QAT,Qatar,KSA,Saudi Arabia,1,1
1989-10-25,KSA,Saudi Arabia,KOR,South Korea,0,2
1989-10-25,TUR,Turkey,AUT,Austria,3,0
1989-11-01,TUN,Tunisia,ALG,Algeria,0,0
1989-11-03,QAT,Qatar,EGY,Egypt,0,2
1989-11-05,IRN,Iran,IRQ,Iraq,0,0
1989-11-15,SCO,Scotland,NOR,Norway,1,1
1989-11-17,EGY,Egypt,ALG,Algeria,1,0
1989-12-13,ESP,Spain,SUI,Switzerland,2,1
1989-12-20,NED,Netherlands,BRA,Brazil,0,1
1989-12-31,SEN,Senegal,ALG,Algeria,0,0
1990-01-17,MEX,Mexico,ARG,Argentina,2,0
1990-02-02,COL,Colombia,URU,Uruguay,0,2
1990-02-04,KOR,South Korea,NOR,Norway,2,3
1990-02-04,USA,United States,COL,Colombia,1,1
1990-02-15,IRQ,Iraq,KOR,South Korea,0,0
1990-02-18,EGY,Egypt,KOR,South Korea,0,0
1990-02-21,BEL,Belgium,SWE,Sweden,0,0
1990-02-21,MAR,Morocco,CIV,Ivory Coast,2,1
1990-02-28,EGY,Egypt,AUT,Austria,0,0
1990-02-28,FRA,France,GER,Germany,2,1
1990-03-02,CIV,Ivory Coast,EGY,Egypt,3,1
1990-03-05,ALG,Algeria,CIV,Ivory Coast,3,0
1990-03-08,ALG,Algeria,EGY,Egypt,2,0
1990-03-12,ALG,Algeria,SEN,Senegal,2,1
1990-03-20,MEX,Mexico,URU,Uruguay,2,1
1990-03-28,ENG,England,BRA,Brazil,1,0
1990-03-28,SCO,Scotland,ARG,Argentina,1,0
1990-03-28,ESP,Spain,AUT,Austria,2,3
1990-04-11,ALG,Algeria,SWE,Sweden,1,1
1990-04-17,MEX,Mexico,COL,Colombia,2,0
1990-04-22,USA,United States,COL,Colombia,0,1
1990-04-25,GER,Germany,URU,Uruguay,3,3
1990-05-03,AUT,Austria,ARG,Argentina,1,1
1990-05-08,SUI,Switzerland,ARG,Argentina,1,1
1990-05-13,CAN,Canada,MEX,Mexico,2,1
1990-05-16,SCO,Scotland,EGY,Egypt,1,3
1990-05-22,ENG,England,URU,Uruguay,1,2
1990-05-26,EGY,Egypt,COL,Colombia,1,1
1990-05-30,AUT,Austria,NED,Netherlands,3,2
1990-06-01,JOR,Jordan,IRQ,Iraq,0,2
1990-06-02,BEL,Belgium,MEX,Mexico,3,0
1990-06-02,SUI,Switzerland,USA,United States,2,1
1990-06-02,TUN,Tunisia,ENG,England,1,1
1990-06-10,BRA,Brazil,SWE,Sweden,2,1
1990-06-12,BEL,Belgium,KOR,South Korea,2,0
1990-06-12,NED,Netherlands,EGY,Egypt,1,1
1990-06-13,URU,Uruguay,ESP,Spain,0,0
1990-06-16,ENG,England,NED,Netherlands,0,0
1990-06-16,SWE,Sweden,SCO,Scotland,1,2
1990-06-17,BEL,Belgium,URU,Uruguay,3,1
1990-06-17,KOR,South Korea,ESP,Spain,1,3
1990-06-19,AUT,Austria,USA,United States,2,1
1990-06-19,GER,Germany,COL,Colombia,1,1
1990-06-20,BRA,Brazil,SCO,Scotland,1,0
1990-06-21,BEL,Belgium,ESP,Spain,1,2
1990-06-21,ENG,England,EGY,Egypt,1,0
1990-06-21,KOR,South Korea,URU,Uruguay,0,1
1990-06-24,BRA,Brazil,ARG,Argentina,0,1
1990-06-24,GER,Germany,NED,Netherlands,2,1
1990-06-26,ENG,England,BEL,Belgium,1,0
1990-07-04,GER,Germany,ENG,England,1,1
1990-07-08,GER,Germany,ARG,Argentina,1,0
1990-07-27,JPN,Japan,KOR,South Korea,0,2
1990-08-09,TUN,Tunisia,MAR,Morocco,0,0
1990-08-21,AUT,Austria,SUI,Switzerland,1,3
1990-08-22,NOR,Norway,SWE,Sweden,1,2
1990-08-29,POR,Portugal,GER,Germany,1,1
1990-09-06,KOR,South Korea,AUS,Australia,1,0
1990-09-09,KOR,South Korea,AUS,Australia,1,0
1990-09-12,ESP,Spain,BRA,Brazil,3,0
1990-09-28,JPN,Japan,KSA,Saudi Arabia,0,2
1990-10-01,IRN,Iran,JPN,Japan,1,0
1990-10-03,KOR,South Korea,IRN,Iran,0,1
1990-10-10,SWE,Sweden,GER,Germany,1,3
1990-10-17,CRO,Croatia,USA,United States,2,1
1990-10-17,POR,Portugal,NED,Netherlands,1,0
1990-10-17,SCO,Scotland,SUI,Switzerland,2,1
1990-11-07,TUN,Tunisia,NOR,Norway,1,3
1990-12-12,MEX,Mexico,BRA,Brazil,0,0
1990-12-18,ALG,Algeria,SEN,Senegal,1,0
1990-12-19,GER,Germany,SUI,Switzerland,4,0
1990-12-19,POR,Portugal,USA,United States,1,0
1991-01-13,MAR,Morocco,CIV,Ivory Coast,3,1
1991-01-16,ESP,Spain,POR,Portugal,1,1
1991-01-21,SEN,Senegal,CIV,Ivory Coast,0,0
1991-01-22,SEN,Senegal,ALG,Algeria,2,2
1991-01-29,MEX,Mexico,COL,Colombia,0,0
1991-02-01,USA,United States,SUI,Switzerland,0,1
1991-02-03,COL,Colombia,SUI,Switzerland,2,3
1991-02-15,SEN,Senegal,CIV,Ivory Coast,0,0
1991-02-17,SEN,Senegal,ALG,Algeria,1,3
1991-02-20,FRA,France,ESP,Spain,3,1
1991-02-27,BRA,Brazil,PAR,Paraguay,1,1
1991-03-05,ALG,Algeria,TUN,Tunisia,2,1
1991-03-12,USA,United States,MEX,Mexico,2,2
1991-03-13,ARG,Argentina,MEX,Mexico,0,0
1991-03-14,CAN,Canada,MEX,Mexico,0,3
1991-03-16,USA,United States,CAN,Canada,2,0
1991-03-27,ARG,Argentina,BRA,Brazil,3,3
1991-03-27,TUN,Tunisia,TUR,Turkey,0,0
1991-04-03,ALG,Algeria,MAR,Morocco,2,2
1991-04-07,TUN,Tunisia,ALG,Algeria,0,0
1991-04-14,TUN,Tunisia,EGY,Egypt,2,2
1991-04-17,AUT,Austria,NOR,Norway,0,0
1991-05-01,GER,Germany,BEL,Belgium,1,0
1991-05-01,SWE,Sweden,AUT,Austria,6,0
1991-05-01,TUR,Turkey,ENG,England,0,1
1991-05-05,SEN,Senegal,CIV,Ivory Coast,0,0
1991-05-05,USA,United States,URU,Uruguay,1,0
1991-05-07,MEX,Mexico,URU,Uruguay,0,2
1991-05-12,NZL,New Zealand,AUS,Australia,0,1
1991-05-15,AUS,Australia,NZL,New Zealand,2,1
1991-05-19,USA,United States,ARG,Argentina,0,1
1991-05-25,ENG,England,ARG,Argentina,2,2
1991-06-01,AUS,Australia,ENG,England,0,1
1991-06-03,NZL,New Zealand,ENG,England,0,1
1991-06-05,SWE,Sweden,COL,Colombia,2,2
1991-06-07,KOR,South Korea,EGY,Egypt,0,0
1991-06-08,NZL,New Zealand,ENG,England,0,2
1991-06-09,CIV,Ivory Coast,SEN,Senegal,2,0
1991-06-14,KOR,South Korea,AUS,Australia,0,0
1991-06-16,KOR,South Korea,EGY,Egypt,2,0
1991-06-27,BRA,Brazil,ARG,Argentina,1,1
1991-06-30,CAN,Canada,MEX,Mexico,1,3
1991-07-05,USA,United States,MEX,Mexico,2,0
1991-07-07,COL,Colombia,ECU,Ecuador,1,0
1991-07-09,ECU,Ecuador,URU,Uruguay,1,1
1991-07-11,BRA,Brazil,URU,Uruguay,1,1
1991-07-12,ARG,Argentina,PAR,Paraguay,4,1
1991-07-13,BRA,Brazil,COL,Colombia,0,2
1991-07-15,BRA,Brazil,ECU,Ecuador,3,1
1991-07-15,COL,Colombia,URU,Uruguay,0,1
1991-07-17,ARG,Argentina,BRA,Brazil,3,2
1991-07-19,BRA,Brazil,COL,Colombia,2,0
1991-07-21,ARG,Argentina,COL,Colombia,2,1
1991-07-26,EGY,Egypt,TUN,Tunisia,2,2
1991-07-27,JPN,Japan,KOR,South Korea,0,1
1991-07-28,CIV,Ivory Coast,MAR,Morocco,2,0
1991-08-08,NOR,Norway,SWE,Sweden,1,2
1991-09-04,POR,Portugal,AUT,Austria,1,1
1991-09-04,ESP,Spain,URU,Uruguay,2,1
1991-09-04,TUR,Turkey,USA,United States,1,1
1991-09-11,ENG,England,GER,Germany,0,1
1991-09-11,SUI,Switzerland,SCO,Scotland,2,2
1991-10-09,SUI,Switzerland,SWE,Sweden,3,1
1991-10-12,ESP,Spain,FRA,France,1,2
1991-10-13,ALG,Algeria,IRN,Iran,1,0
1991-10-16,ENG,England,TUR,Turkey,1,0
1991-10-16,NED,Netherlands,POR,Portugal,1,0
1991-10-31,GHA,Ghana,SEN,Senegal,2,3
1991-11-02,CIV,Ivory Coast,SEN,Senegal,1,0
1991-11-20,BEL,Belgium,GER,Germany,0,1
1991-11-20,MEX,Mexico,URU,Uruguay,1,1
1991-11-27,SEN,Senegal,CPV,Cape Verde,0,0
1991-11-27,TUN,Tunisia,CIV,Ivory Coast,5,3
1991-12-02,SEN,Senegal,CPV,Cape Verde,1,0
1991-12-16,ALG,Algeria,SEN,Senegal,3,1
1991-12-26,MAR,Morocco,ALG,Algeria,1,1
1992-01-05,COD,DR Congo,CIV,Ivory Coast,2,0
1992-01-07,EGY,Egypt,NOR,Norway,0,0
1992-01-13,ALG,Algeria,CIV,Ivory Coast,0,3
1992-01-14,MAR,Morocco,COD,DR Congo,1,1
1992-01-15,POR,Portugal,ESP,Spain,0,0
1992-01-17,EGY,Egypt,GHA,Ghana,0,1
1992-01-26,AUS,Australia,SWE,Sweden,0,0
1992-01-26,GHA,Ghana,CIV,Ivory Coast,0,0
1992-01-29,AUS,Australia,SWE,Sweden,1,0
1992-02-02,AUS,Australia,SWE,Sweden,1,0
1992-02-12,POR,Portugal,NED,Netherlands,2,0
1992-02-19,ENG,England,FRA,France,2,0
1992-02-26,BRA,Brazil,USA,United States,3,0
1992-02-26,TUN,Tunisia,BEL,Belgium,2,1
1992-03-11,ESP,Spain,USA,United States,2,0
1992-03-18,MAR,Morocco,USA,United States,3,1
1992-03-25,FRA,France,BEL,Belgium,3,3
1992-04-22,TUN,Tunisia,SWE,Sweden,0,1
1992-04-30,URU,Uruguay,BRA,Brazil,1,0
1992-05-17,ENG,England,BRA,Brazil,1,1
1992-05-17,USA,United States,SCO,Scotland,0,1
1992-05-20,CAN,Canada,SCO,Scotland,1,3
1992-05-27,NED,Netherlands,AUT,Austria,3,2
1992-05-27,SUI,Switzerland,FRA,France,2,1
1992-05-30,GER,Germany,TUR,Turkey,1,0
1992-05-30,JPN,Japan,ARG,Argentina,0,1
1992-06-03,NOR,Norway,SCO,Scotland,0,0
1992-06-03,USA,United States,POR,Portugal,1,0
1992-06-05,FRA,France,NED,Netherlands,1,1
1992-06-10,SWE,Sweden,FRA,France,1,1
1992-06-12,NED,Netherlands,SCO,Scotland,1,0
1992-06-13,USA,United States,AUS,Australia,0,1
1992-06-14,FRA,France,ENG,England,0,0
1992-06-15,SCO,Scotland,GER,Germany,0,2
1992-06-17,SWE,Sweden,ENG,England,2,1
1992-06-18,ARG,Argentina,AUS,Australia,2,0
1992-06-18,NED,Netherlands,GER,Germany,3,1
1992-06-21,SWE,Sweden,GER,Germany,2,3
1992-06-21,URU,Uruguay,AUS,Australia,2,0
1992-07-04,URU,Uruguay,ECU,Ecuador,3,1
1992-07-05,AUS,Australia,CRO,Croatia,1,0
1992-07-08,AUS,Australia,CRO,Croatia,3,1
1992-07-12,AUS,Australia,CRO,Croatia,0,0
1992-07-26,CIV,Ivory Coast,EGY,Egypt,2,0
1992-07-28,CIV,Ivory Coast,EGY,Egypt,2,2
1992-07-31,BRA,Brazil,MEX,Mexico,5,0
1992-07-31,USA,United States,COL,Colombia,0,1
1992-08-02,MEX,Mexico,COL,Colombia,0,0
1992-08-02,USA,United States,BRA,Brazil,0,1
1992-08-22,JPN,Japan,KOR,South Korea,0,0
1992-08-26,FRA,France,BRA,Brazil,0,2
1992-08-26,NOR,Norway,SWE,Sweden,2,2
1992-08-28,JOR,Jordan,IRQ,Iraq,2,0
1992-08-29,JPN,Japan,KOR,South Korea,2,2
1992-09-02,AUT,Austria,POR,Portugal,1,1
1992-09-03,CAN,Canada,USA,United States,0,2
1992-09-08,EGY,Egypt,JOR,Jordan,1,1
1992-09-09,ESP,Spain,ENG,England,1,0
1992-09-09,SUI,Switzerland,SCO,Scotland,3,1
1992-09-17,EGY,Egypt,KSA,Saudi Arabia,3,2
1992-09-23,NOR,Norway,NED,Netherlands,2,1
1992-09-23,URU,Uruguay,ARG,Argentina,0,0
1992-10-09,USA,United States,CAN,Canada,0,0
1992-10-14,ENG,England,NOR,Norway,1,1
1992-10-14,FRA,France,AUT,Austria,2,0
1992-10-14,GER,Germany,MEX,Mexico,1,1
1992-10-14,SCO,Scotland,POR,Portugal,0,0
1992-10-15,KSA,Saudi Arabia,USA,United States,3,0
1992-10-16,ARG,Argentina,CIV,Ivory Coast,4,0
1992-10-19,USA,United States,CIV,Ivory Coast,5,2
1992-10-20,KSA,Saudi Arabia,ARG,Argentina,1,3
1992-10-22,CRO,Croatia,MEX,Mexico,3,0
1992-10-31,KSA,Saudi Arabia,QAT,Qatar,1,1
1992-11-03,JPN,Japan,IRN,Iran,1,0
1992-11-08,JPN,Japan,KSA,Saudi Arabia,1,0
1992-11-08,MAR,Morocco,EGY,Egypt,0,0
1992-11-18,ENG,England,TUR,Turkey,4,0
1992-11-18,GER,Germany,AUT,Austria,0,0
1992-11-25,BRA,Brazil,URU,Uruguay,1,2
1992-12-10,QAT,Qatar,KSA,Saudi Arabia,0,1
1992-12-16,BRA,Brazil,GER,Germany,3,1
1992-12-16,TUR,Turkey,NED,Netherlands,1,3
1992-12-20,GHA,Ghana,ALG,Algeria,2,0
1992-12-20,TUN,Tunisia,MAR,Morocco,1,1
1992-12-20,URU,Uruguay,GER,Germany,1,4
1993-01-10,SEN,Senegal,ALG,Algeria,1,2
1993-01-23,JPN,Japan,SUI,Switzerland,1,1
1993-01-27,ESP,Spain,MEX,Mexico,1,1
1993-02-10,POR,Portugal,NOR,Norway,1,1
1993-02-18,ARG,Argentina,BRA,Brazil,1,1
1993-02-24,NED,Netherlands,TUR,Turkey,3,1
1993-02-26,ALG,Algeria,GHA,Ghana,2,1
1993-02-28,MAR,Morocco,TUN,Tunisia,0,0
1993-03-09,CAN,Canada,KOR,South Korea,0,2
1993-03-11,CAN,Canada,KOR,South Korea,2,0
1993-03-12,QAT,Qatar,JOR,Jordan,1,2
1993-03-14,JPN,Japan,USA,United States,3,1
1993-03-17,TUN,Tunisia,SUI,Switzerland,0,1
1993-03-24,SCO,Scotland,GER,Germany,0,1
1993-03-27,AUT,Austria,FRA,France,0,1
1993-03-30,QAT,Qatar,NOR,Norway,1,6
1993-03-31,SUI,Switzerland,POR,Portugal,1,1
1993-03-31,TUR,Turkey,ENG,England,0,2
1993-04-14,GER,Germany,GHA,Ghana,6,1
1993-04-16,ALG,Algeria,CIV,Ivory Coast,1,1
1993-04-18,MAR,Morocco,SEN,Senegal,1,0
1993-04-18,KSA,Saudi Arabia,NZL,New Zealand,3,1
1993-04-24,KSA,Saudi Arabia,NZL,New Zealand,1,0
1993-04-25,KOR,South Korea,IRQ,Iraq,1,1
1993-04-25,MEX,Mexico,CAN,Canada,4,0
1993-04-28,ENG,England,NED,Netherlands,2,2
1993-04-28,FRA,France,SWE,Sweden,2,1
1993-04-28,KOR,South Korea,IRQ,Iraq,2,2
1993-04-28,NOR,Norway,TUR,Turkey,3,1
1993-04-28,POR,Portugal,SCO,Scotland,5,0
1993-05-08,USA,United States,COL,Colombia,1,2
1993-05-09,CAN,Canada,MEX,Mexico,1,2
1993-05-19,SWE,Sweden,AUT,Austria,1,0
1993-05-24,JOR,Jordan,IRQ,Iraq,1,1
1993-05-30,NZL,New Zealand,AUS,Australia,0,1
1993-06-02,NOR,Norway,ENG,England,2,0
1993-06-06,AUS,Australia,NZL,New Zealand,3,0
1993-06-06,USA,United States,BRA,Brazil,0,2
1993-06-09,NED,Netherlands,NOR,Norway,0,0
1993-06-09,USA,United States,ENG,England,2,0
1993-06-10,BRA,Brazil,GER,Germany,3,3
1993-06-10,MEX,Mexico,PAR,Paraguay,3,1
1993-06-13,BRA,Brazil,ENG,England,1,1
1993-06-13,USA,United States,GER,Germany,3,4
1993-06-14,IRQ,Iraq,JOR,Jordan,4,0
1993-06-16,COL,Colombia,MEX,Mexico,2,1
1993-06-16,URU,Uruguay,USA,United States,1,0
1993-06-19,ECU,Ecuador,USA,United States,2,0
1993-06-19,ENG,England,GER,Germany,1,2
1993-06-19,KOR,South Korea,EGY,Egypt,1,2
1993-06-20,ARG,Argentina,MEX,Mexico,1,1
1993-06-22,ECU,Ecuador,URU,Uruguay,2,1
1993-06-23,ARG,Argentina,COL,Colombia,1,1
1993-06-24,BRA,Brazil,PAR,Paraguay,3,0
1993-06-26,COL,Colombia,URU,Uruguay,1,1
1993-06-26,ECU,Ecuador,PAR,Paraguay,3,0
1993-06-27,BRA,Brazil,ARG,Argentina,1,1
1993-06-28,KOR,South Korea,EGY,Egypt,0,1
1993-06-30,ECU,Ecuador,MEX,Mexico,0,2
1993-07-01,COL,Colombia,ARG,Argentina,0,0
1993-07-03,ECU,Ecuador,COL,Colombia,0,1
1993-07-04,ARG,Argentina,MEX,Mexico,2,1
1993-07-11,EGY,Egypt,MAR,Morocco,1,1
1993-07-14,BRA,Brazil,PAR,Paraguay,2,0
1993-07-14,USA,United States,PAN,Panama,2,1
1993-07-17,SEN,Senegal,MAR,Morocco,1,3
1993-07-18,ECU,Ecuador,BRA,Brazil,0,0
1993-07-18,CIV,Ivory Coast,ALG,Algeria,1,0
1993-07-18,MEX,Mexico,CAN,Canada,8,0
1993-07-25,ALG,Algeria,SEN,Senegal,4,0
1993-07-25,MEX,Mexico,USA,United States,4,0
1993-07-31,CAN,Canada,AUS,Australia,2,1
1993-08-01,COL,Colombia,PAR,Paraguay,0,0
1993-08-01,URU,Uruguay,ECU,Ecuador,0,0
1993-08-08,BRA,Brazil,MEX,Mexico,1,1
1993-08-08,PAR,Paraguay,ARG,Argentina,1,3
1993-08-11,SWE,Sweden,SUI,Switzerland,1,2
1993-08-15,AUS,Australia,CAN,Canada,2,1
1993-08-15,COL,Colombia,ARG,Argentina,2,1
1993-08-15,URU,Uruguay,BRA,Brazil,1,1
1993-08-22,BRA,Brazil,ECU,Ecuador,2,0
1993-08-22,PAR,Paraguay,COL,Colombia,1,1
1993-08-22,SWE,Sweden,FRA,France,1,1
1993-08-29,ARG,Argentina,PAR,Paraguay,0,0
1993-09-05,ARG,Argentina,COL,Colombia,0,5
1993-09-05,ECU,Ecuador,URU,Uruguay,0,1
1993-09-08,NOR,Norway,USA,United States,1,0
1993-09-08,SCO,Scotland,SUI,Switzerland,1,1
1993-09-19,BRA,Brazil,URU,Uruguay,2,0
1993-09-22,TUN,Tunisia,GER,Germany,1,1
1993-09-24,KOR,South Korea,AUS,Australia,1,1
1993-09-26,KOR,South Korea,AUS,Australia,1,0
1993-10-04,JPN,Japan,CIV,Ivory Coast,1,0
1993-10-06,MEX,Mexico,RSA,South Africa,4,0
1993-10-13,GER,Germany,URU,Uruguay,5,0
1993-10-13,NED,Netherlands,ENG,England,2,0
1993-10-13,POR,Portugal,SUI,Switzerland,1,0
1993-10-13,USA,United States,MEX,Mexico,1,1
1993-10-15,KSA,Saudi Arabia,JPN,Japan,0,0
1993-10-16,IRN,Iran,KOR,South Korea,0,3
1993-10-18,JPN,Japan,IRN,Iran,1,2
1993-10-19,IRQ,Iraq,KOR,South Korea,2,2
1993-10-22,IRN,Iran,IRQ,Iraq,1,2
1993-10-22,KOR,South Korea,KSA,Saudi Arabia,1,1
1993-10-24,IRQ,Iraq,KSA,Saudi Arabia,1,1
1993-10-25,JPN,Japan,KOR,South Korea,1,0
1993-10-28,IRQ,Iraq,JPN,Japan,2,2
1993-10-28,KSA,Saudi Arabia,IRN,Iran,4,3
1993-10-31,AUS,Australia,ARG,Argentina,1,1
1993-11-07,TUN,Tunisia,EGY,Egypt,2,1
1993-11-10,AUT,Austria,SWE,Sweden,1,1
1993-11-10,TUR,Turkey,NOR,Norway,2,1
1993-11-17,ARG,Argentina,AUS,Australia,1,0
1993-11-17,GER,Germany,BRA,Brazil,2,1
1993-12-15,ARG,Argentina,GER,Germany,2,1
1993-12-16,MEX,Mexico,BRA,Brazil,0,1
1993-12-18,USA,United States,GER,Germany,0,3
1993-12-22,MEX,Mexico,GER,Germany,0,0
1993-12-29,GHA,Ghana,EGY,Egypt,0,0
1993-12-31,GHA,Ghana,TUN,Tunisia,1,1
1994-01-02,GHA,Ghana,EGY,Egypt,2,1
1994-01-15,USA,United States,NOR,Norway,2,1
1994-01-19,ESP,Spain,POR,Portugal,2,2
1994-01-19,TUN,Tunisia,NED,Netherlands,2,2
1994-01-22,USA,United States,SUI,Switzerland,1,1
1994-01-26,MEX,Mexico,SUI,Switzerland,1,5
1994-02-02,EGY,Egypt,MAR,Morocco,1,1
1994-02-06,KSA,Saudi Arabia,COL,Colombia,1,1
1994-02-18,COL,Colombia,SWE,Sweden,0,0
1994-02-20,USA,United States,SWE,Sweden,1,3
1994-02-23,TUR,Turkey,CZE,Czech Republic,1,4
1994-02-24,MEX,Mexico,SWE,Sweden,2,1
1994-02-26,COL,Colombia,KOR,South Korea,2,2
1994-03-02,MEX,Mexico,COL,Colombia,0,0
1994-03-05,USA,United States,KOR,South Korea,1,0
1994-03-12,USA,United States,KOR,South Korea,1,1
1994-03-23,BRA,Brazil,ARG,Argentina,2,0
1994-03-23,SCO,Scotland,NED,Netherlands,0,1
1994-03-23,ESP,Spain,CRO,Croatia,0,2
1994-03-30,TUN,Tunisia,COD,DR Congo,1,1
1994-03-31,GHA,Ghana,SEN,Senegal,1,0
1994-04-03,GHA,Ghana,CIV,Ivory Coast,1,2
1994-04-18,TUN,Tunisia,KSA,Saudi Arabia,2,0
1994-04-20,ARG,Argentina,MAR,Morocco,3,1
1994-04-20,AUT,Austria,SCO,Scotland,1,2
1994-04-20,NOR,Norway,POR,Portugal,0,0
1994-04-20,SUI,Switzerland,CZE,Czech Republic,3,0
1994-05-22,ENG,England,NOR,Norway,0,0
1994-05-22,JPN,Japan,AUS,Australia,1,1
1994-05-25,ECU,Ecuador,ARG,Argentina,1,0
1994-05-25,USA,United States,KSA,Saudi Arabia,0,0
1994-05-26,AUS,Australia,FRA,France,0,1
1994-05-27,NED,Netherlands,SCO,Scotland,3,1
1994-05-29,JPN,Japan,FRA,France,1,4
1994-06-01,CAN,Canada,MAR,Morocco,1,1
1994-06-02,AUT,Austria,GER,Germany,1,5
1994-06-04,CRO,Croatia,ARG,Argentina,0,0
1994-06-04,USA,United States,MEX,Mexico,1,0
1994-06-05,CAN,Canada,BRA,Brazil,1,1
1994-06-05,ECU,Ecuador,KOR,South Korea,2,1
1994-06-05,SWE,Sweden,NOR,Norway,2,0
1994-06-08,AUS,Australia,RSA,South Africa,1,0
1994-06-08,CAN,Canada,GER,Germany,0,2
1994-06-10,CAN,Canada,ESP,Spain,0,2
1994-06-12,AUS,Australia,RSA,South Africa,1,0
1994-06-12,CAN,Canada,NED,Netherlands,0,3
1994-06-17,ESP,Spain,KOR,South Korea,2,2
1994-06-18,USA,United States,SUI,Switzerland,1,1
1994-06-19,BEL,Belgium,MAR,Morocco,1,0
1994-06-19,NOR,Norway,MEX,Mexico,1,0
1994-06-20,NED,Netherlands,KSA,Saudi Arabia,2,1
1994-06-21,GER,Germany,ESP,Spain,1,1
1994-06-22,USA,United States,COL,Colombia,2,1
1994-06-25,BEL,Belgium,NED,Netherlands,1,0
1994-06-25,KSA,Saudi Arabia,MAR,Morocco,2,1
1994-06-26,SUI,Switzerland,COL,Colombia,0,2
1994-06-27,GER,Germany,KOR,South Korea,3,2
1994-06-28,BRA,Brazil,SWE,Sweden,1,1
1994-06-29,BEL,Belgium,KSA,Saudi Arabia,0,1
1994-06-29,MAR,Morocco,NED,Netherlands,1,2
1994-07-02,GER,Germany,BEL,Belgium,3,2
1994-07-02,ESP,Spain,SUI,Switzerland,3,0
1994-07-03,KSA,Saudi Arabia,SWE,Sweden,1,3
1994-07-04,USA,United States,BRA,Brazil,0,1
1994-07-08,JPN,Japan,GHA,Ghana,3,2
1994-07-09,NED,Netherlands,BRA,Brazil,2,3
1994-07-13,SWE,Sweden,BRA,Brazil,0,1
1994-07-14,JPN,Japan,GHA,Ghana,2,1
1994-08-17,FRA,France,CZE,Czech Republic,2,2
1994-08-23,EGY,Egypt,GHA,Ghana,2,0
1994-09-07,ENG,England,USA,United States,2,0
1994-09-27,JPN,Japan,AUS,Australia,0,0
1994-10-01,KSA,Saudi Arabia,UZB,Uzbekistan,1,4
1994-10-05,JPN,Japan,QAT,Qatar,1,1
1994-10-11,JPN,Japan,KOR,South Korea,2,3
1994-10-12,NOR,Norway,NED,Netherlands,1,1
1994-10-12,SUI,Switzerland,SWE,Sweden,4,2
1994-10-13,UZB,Uzbekistan,KOR,South Korea,1,0
1994-10-19,KSA,Saudi Arabia,USA,United States,2,1
1994-11-08,TUN,Tunisia,CIV,Ivory Coast,2,0
1994-11-12,QAT,Qatar,KSA,Saudi Arabia,1,2
1994-11-13,MAR,Morocco,CIV,Ivory Coast,1,0
1994-11-13,POR,Portugal,AUT,Austria,1,0
1994-11-16,NED,Netherlands,CZE,Czech Republic,0,0
1994-11-30,RSA,South Africa,CIV,Ivory Coast,0,0
1994-12-04,GHA,Ghana,CIV,Ivory Coast,1,1
1994-12-14,TUR,Turkey,SUI,Switzerland,1,2
1994-12-16,TUN,Tunisia,ALG,Algeria,1,0
1994-12-17,BEL,Belgium,ESP,Spain,1,4
1995-01-02,TUN,Tunisia,EGY,Egypt,2,0
1995-01-06,KSA,Saudi Arabia,MEX,Mexico,0,2
1995-01-07,SEN,Senegal,TUN,Tunisia,0,0
1995-01-08,ALG,Algeria,EGY,Egypt,1,0
1995-01-08,JPN,Japan,ARG,Argentina,1,5
1995-01-18,NED,Netherlands,FRA,France,0,1
1995-01-18,ESP,Spain,URU,Uruguay,2,2
1995-01-26,CAN,Canada,POR,Portugal,1,1
1995-01-31,KOR,South Korea,COL,Colombia,1,0
1995-02-01,MEX,Mexico,URU,Uruguay,1,0
1995-02-11,AUS,Australia,COL,Colombia,0,1
1995-02-15,AUS,Australia,JPN,Japan,2,1
1995-02-21,JPN,Japan,KOR,South Korea,1,1
1995-02-22,NED,Netherlands,POR,Portugal,0,1
1995-02-22,ESP,Spain,GER,Germany,0,0
1995-02-26,JPN,Japan,KOR,South Korea,2,2
1995-03-01,MAR,Morocco,SEN,Senegal,2,0
1995-03-08,IRQ,Iraq,UZB,Uzbekistan,3,1
1995-03-22,COL,Colombia,URU,Uruguay,2,1
1995-03-25,USA,United States,URU,Uruguay,2,2
1995-03-29,ENG,England,URU,Uruguay,0,0
1995-03-29,ESP,Spain,BEL,Belgium,1,1
1995-03-29,TUR,Turkey,SWE,Sweden,2,1
1995-04-14,EGY,Egypt,TUN,Tunisia,1,0
1995-04-22,BEL,Belgium,USA,United States,1,0
1995-04-26,CZE,Czech Republic,NED,Netherlands,3,1
1995-04-26,SUI,Switzerland,TUR,Turkey,1,2
1995-05-13,RSA,South Africa,ARG,Argentina,1,1
1995-05-18,MAR,Morocco,EGY,Egypt,0,0
1995-05-21,JPN,Japan,SCO,Scotland,0,0
1995-05-24,ECU,Ecuador,SCO,Scotland,1,2
1995-05-25,NOR,Norway,GHA,Ghana,3,2
1995-05-28,JPN,Japan,ECU,Ecuador,3,0
1995-06-03,ENG,England,JPN,Japan,2,1
1995-06-04,BRA,Brazil,SWE,Sweden,1,0
1995-06-04,CAN,Canada,TUR,Turkey,1,3
1995-06-04,CIV,Ivory Coast,MAR,Morocco,2,0
1995-06-06,BRA,Brazil,JPN,Japan,3,0
1995-06-07,CAN,Canada,TUR,Turkey,0,3
1995-06-08,ENG,England,SWE,Sweden,3,3
1995-06-10,SWE,Sweden,JPN,Japan,2,2
1995-06-11,ENG,England,BRA,Brazil,1,3
1995-06-14,ARG,Argentina,PAR,Paraguay,2,1
1995-06-18,AUS,Australia,GHA,Ghana,2,1
1995-06-18,USA,United States,MEX,Mexico,4,0
1995-06-20,NZL,New Zealand,TUR,Turkey,1,2
1995-06-21,AUS,Australia,GHA,Ghana,1,0
1995-06-21,MEX,Mexico,COL,Colombia,0,0
1995-06-22,PAR,Paraguay,NZL,New Zealand,3,2
1995-06-23,SUI,Switzerland,GER,Germany,1,2
1995-06-24,AUS,Australia,GHA,Ghana,0,1
1995-06-25,URU,Uruguay,NZL,New Zealand,7,0
1995-06-25,USA,United States,COL,Colombia,0,0
1995-06-28,URU,Uruguay,NZL,New Zealand,2,2
1995-06-30,ARG,Argentina,AUS,Australia,2,0
1995-06-30,PAR,Paraguay,ECU,Ecuador,1,0
1995-07-01,CIV,Ivory Coast,GHA,Ghana,2,0
1995-07-06,MEX,Mexico,PAR,Paraguay,1,2
1995-07-07,BRA,Brazil,ECU,Ecuador,1,0
1995-07-09,URU,Uruguay,PAR,Paraguay,1,0
1995-07-10,COL,Colombia,ECU,Ecuador,1,0
1995-07-13,BRA,Brazil,COL,Colombia,3,0
1995-07-13,URU,Uruguay,MEX,Mexico,1,1
1995-07-14,ARG,Argentina,USA,United States,0,3
1995-07-14,EGY,Egypt,ALG,Algeria,1,1
1995-07-15,TUN,Tunisia,SEN,Senegal,4,0
1995-07-16,PAR,Paraguay,COL,Colombia,1,1
1995-07-17,BRA,Brazil,ARG,Argentina,2,2
1995-07-17,USA,United States,MEX,Mexico,0,0
1995-07-19,URU,Uruguay,COL,Colombia,2,0
1995-07-20,USA,United States,BRA,Brazil,0,1
1995-07-22,ALG,Algeria,TUN,Tunisia,2,1
1995-07-22,COL,Colombia,USA,United States,4,1
1995-07-22,NOR,Norway,FRA,France,0,0
1995-07-23,URU,Uruguay,BRA,Brazil,1,1
1995-08-09,JPN,Japan,BRA,Brazil,1,5
1995-08-12,KOR,South Korea,BRA,Brazil,0,1
1995-08-16,NOR,Norway,CZE,Czech Republic,1,1
1995-08-16,SWE,Sweden,USA,United States,1,0
1995-08-23,BEL,Belgium,GER,Germany,1,2
1995-09-06,CZE,Czech Republic,NOR,Norway,2,0
1995-09-06,ENG,England,COL,Colombia,0,0
1995-09-06,SWE,Sweden,SUI,Switzerland,0,0
1995-09-20,JPN,Japan,PAR,Paraguay,1,2
1995-09-20,ESP,Spain,ARG,Argentina,2,1
1995-10-08,USA,United States,KSA,Saudi Arabia,4,3
1995-10-11,ARG,Argentina,COL,Colombia,0,0
1995-10-11,AUT,Austria,POR,Portugal,1,1
1995-10-11,BRA,Brazil,URU,Uruguay,2,0
1995-10-11,MEX,Mexico,KSA,Saudi Arabia,2,1
1995-10-11,NOR,Norway,ENG,England,0,0
1995-10-11,SWE,Sweden,SCO,Scotland,2,0
1995-10-24,JPN,Japan,KSA,Saudi Arabia,2,1
1995-10-28,JPN,Japan,KSA,Saudi Arabia,2,1
1995-10-31,KOR,South Korea,KSA,Saudi Arabia,1,1
1995-11-05,TUN,Tunisia,ALG,Algeria,2,0
1995-11-08,ARG,Argentina,BRA,Brazil,0,1
1995-11-10,NZL,New Zealand,AUS,Australia,0,0
1995-11-15,AUS,Australia,NZL,New Zealand,3,0
1995-11-15,ENG,England,SUI,Switzerland,3,1
1995-11-15,NED,Netherlands,NOR,Norway,3,0
1995-11-15,SWE,Sweden,TUR,Turkey,2,2
1995-11-24,RSA,South Africa,EGY,Egypt,2,0
1995-11-26,ALG,Algeria,CIV,Ivory Coast,0,0
1995-11-29,MEX,Mexico,COL,Colombia,2,2
1995-12-02,ALG,Algeria,CIV,Ivory Coast,0,0
1995-12-12,ENG,England,POR,Portugal,1,1
1995-12-15,RSA,South Africa,GER,Germany,0,0
1995-12-20,BRA,Brazil,COL,Colombia,3,1
1995-12-29,EGY,Egypt,GHA,Ghana,1,2
1996-01-03,MAR,Morocco,TUN,Tunisia,3,1
1996-01-05,KSA,Saudi Arabia,GHA,Ghana,1,1
1996-01-08,EGY,Egypt,TUN,Tunisia,2,1
1996-01-12,BRA,Brazil,CAN,Canada,4,1
1996-01-14,CIV,Ivory Coast,GHA,Ghana,0,2
1996-01-18,USA,United States,BRA,Brazil,0,1
1996-01-19,GHA,Ghana,TUN,Tunisia,2,1
1996-01-21,MEX,Mexico,BRA,Brazil,2,0
1996-01-24,RSA,South Africa,EGY,Egypt,0,1
1996-01-25,TUN,Tunisia,CIV,Ivory Coast,3,1
1996-01-27,RSA,South Africa,ALG,Algeria,2,1
1996-01-28,GHA,Ghana,COD,DR Congo,1,0
1996-01-31,RSA,South Africa,GHA,Ghana,3,0
1996-02-03,RSA,South Africa,TUN,Tunisia,2,0
1996-02-07,ESP,Spain,NOR,Norway,1,0
1996-02-10,AUS,Australia,JPN,Japan,1,4
1996-02-14,AUS,Australia,JPN,Japan,3,0
1996-02-18,QAT,Qatar,ECU,Ecuador,1,1
1996-02-21,POR,Portugal,GER,Germany,1,2
1996-02-22,JPN,Japan,SWE,Sweden,1,1
1996-02-25,AUS,Australia,SWE,Sweden,0,2
1996-02-25,QAT,Qatar,ECU,Ecuador,1,2
1996-02-28,AUS,Australia,SWE,Sweden,0,0
1996-03-13,CRO,Croatia,KOR,South Korea,3,0
1996-03-20,EGY,Egypt,MAR,Morocco,0,2
1996-03-23,KOR,South Korea,MAR,Morocco,2,2
1996-03-25,EGY,Egypt,KOR,South Korea,1,1
1996-03-26,CZE,Czech Republic,TUR,Turkey,3,0
1996-03-27,AUT,Austria,SUI,Switzerland,1,0
1996-03-27,BEL,Belgium,FRA,France,0,2
1996-03-27,BRA,Brazil,GHA,Ghana,8,2
1996-03-27,SCO,Scotland,AUS,Australia,1,0
1996-04-21,PAR,Paraguay,BIH,Bosnia and Herzegovina,3,0
1996-04-24,COL,Colombia,PAR,Paraguay,1,0
1996-04-24,ENG,England,CRO,Croatia,0,0
1996-04-24,NED,Netherlands,GER,Germany,0,1
1996-04-24,NOR,Norway,ESP,Spain,0,0
1996-04-24,RSA,South Africa,BRA,Brazil,2,3
1996-05-16,KOR,South Korea,SWE,Sweden,0,2
1996-05-17,IRN,Iran,QAT,Qatar,2,0
1996-05-26,GHA,Ghana,EGY,Egypt,0,2
1996-05-26,TUN,Tunisia,SEN,Senegal,2,0
1996-05-26,USA,United States,SCO,Scotland,2,1
1996-05-29,AUT,Austria,CZE,Czech Republic,1,0
1996-05-29,COL,Colombia,SCO,Scotland,1,0
1996-05-29,JPN,Japan,MEX,Mexico,3,2
1996-06-01,GER,Germany,FRA,France,0,1
1996-06-01,QAT,Qatar,IRN,Iran,0,1
1996-06-01,SUI,Switzerland,CZE,Czech Republic,1,2
1996-06-02,ECU,Ecuador,ARG,Argentina,2,0
1996-06-02,URU,Uruguay,PAR,Paraguay,0,2
1996-06-08,ENG,England,SUI,Switzerland,1,1
1996-06-09,GER,Germany,CZE,Czech Republic,2,0
1996-06-10,NED,Netherlands,SCO,Scotland,0,0
1996-06-11,TUR,Turkey,CRO,Croatia,0,1
1996-06-13,SUI,Switzerland,NED,Netherlands,0,2
1996-06-14,POR,Portugal,TUR,Turkey,1,0
1996-06-15,ENG,England,SCO,Scotland,2,0
1996-06-15,FRA,France,ESP,Spain,1,1
1996-06-16,USA,United States,MEX,Mexico,2,2
1996-06-18,ENG,England,NED,Netherlands,4,1
1996-06-18,SCO,Scotland,SUI,Switzerland,1,0
1996-06-19,CRO,Croatia,POR,Portugal,0,3
1996-06-22,ENG,England,ESP,Spain,0,0
1996-06-22,FRA,France,NED,Netherlands,0,0
1996-06-23,CZE,Czech Republic,POR,Portugal,1,0
1996-06-23,GER,Germany,CRO,Croatia,2,1
1996-06-26,ENG,England,GER,Germany,1,1
1996-06-26,FRA,France,CZE,Czech Republic,0,0
1996-06-30,CZE,Czech Republic,GER,Germany,1,2
1996-07-07,COL,Colombia,URU,Uruguay,3,1
1996-08-13,JOR,Jordan,IRQ,Iraq,0,1
1996-08-25,JPN,Japan,URU,Uruguay,5,3
1996-08-29,MAR,Morocco,COD,DR Congo,7,0
1996-08-30,CAN,Canada,PAN,Panama,3,1
1996-08-31,AUT,Austria,SCO,Scotland,0,0
1996-08-31,BEL,Belgium,TUR,Turkey,2,1
1996-08-31,FRA,France,MEX,Mexico,2,0
1996-08-31,NED,Netherlands,BRA,Brazil,2,2
1996-09-01,ARG,Argentina,PAR,Paraguay,1,1
1996-09-11,JPN,Japan,UZB,Uzbekistan,1,0
1996-09-14,AUS,Australia,GHA,Ghana,2,0
1996-09-18,RSA,South Africa,AUS,Australia,2,0
1996-09-21,RSA,South Africa,GHA,Ghana,0,0
1996-10-03,KSA,Saudi Arabia,NZL,New Zealand,3,0
1996-10-05,QAT,Qatar,NZL,New Zealand,3,2
1996-10-06,ALG,Algeria,CIV,Ivory Coast,4,1
1996-10-08,BIH,Bosnia and Herzegovina,CRO,Croatia,1,4
1996-10-09,CZE,Czech Republic,ESP,Spain,0,0
1996-10-09,ECU,Ecuador,COL,Colombia,0,1
1996-10-09,FRA,France,TUR,Turkey,4,0
1996-10-09,KSA,Saudi Arabia,AUS,Australia,0,0
1996-10-09,SWE,Sweden,AUT,Austria,0,1
1996-10-13,JPN,Japan,TUN,Tunisia,1,0
1996-10-19,QAT,Qatar,KSA,Saudi Arabia,2,2
1996-10-23,MEX,Mexico,ECU,Ecuador,0,1
1996-10-27,PAN,Panama,CAN,Canada,0,0
1996-11-09,RSA,South Africa,COD,DR Congo,1,0
1996-11-10,PAR,Paraguay,ECU,Ecuador,1,0
1996-11-10,SCO,Scotland,SWE,Sweden,1,0
1996-11-10,SUI,Switzerland,NOR,Norway,0,1
1996-11-23,KOR,South Korea,COL,Colombia,4,1
1996-12-05,IRN,Iran,IRQ,Iraq,1,2
1996-12-08,KSA,Saudi Arabia,IRQ,Iraq,1,0
1996-12-09,JPN,Japan,UZB,Uzbekistan,4,0
1996-12-11,MAR,Morocco,CRO,Croatia,2,2
1996-12-11,KSA,Saudi Arabia,IRN,Iran,0,3
1996-12-12,CRO,Croatia,CZE,Czech Republic,1,1
1996-12-14,BEL,Belgium,NED,Netherlands,0,3
1996-12-14,POR,Portugal,GER,Germany,0,0
1996-12-16,KOR,South Korea,IRN,Iran,2,6
1996-12-18,BRA,Brazil,BIH,Bosnia and Herzegovina,1,0
1996-12-19,IRN,Iran,KSA,Saudi Arabia,0,0
1997-01-04,TUN,Tunisia,ALG,Algeria,0,0
1997-01-12,GHA,Ghana,MAR,Morocco,2,2
1997-01-12,TUN,Tunisia,EGY,Egypt,1,0
1997-01-12,URU,Uruguay,ARG,Argentina,0,0
1997-01-18,AUS,Australia,NZL,New Zealand,1,0
1997-01-18,KOR,South Korea,NOR,Norway,1,0
1997-01-19,USA,United States,MEX,Mexico,0,2
1997-01-22,AUS,Australia,KOR,South Korea,2,1
1997-01-22,NZL,New Zealand,NOR,Norway,0,3
1997-01-22,POR,Portugal,FRA,France,0,2
1997-01-25,AUS,Australia,NOR,Norway,1,0
1997-01-25,KOR,South Korea,NZL,New Zealand,3,1
1997-02-05,MEX,Mexico,ECU,Ecuador,3,1
1997-02-11,ECU,Ecuador,URU,Uruguay,4,0
1997-02-12,COL,Colombia,ARG,Argentina,0,1
1997-02-13,JPN,Japan,SWE,Sweden,0,1
1997-02-16,IRQ,Iraq,JOR,Jordan,1,0
1997-02-26,FRA,France,NED,Netherlands,2,1
1997-03-02,MEX,Mexico,CAN,Canada,4,0
1997-03-16,USA,United States,CAN,Canada,3,0
1997-03-29,ENG,England,MEX,Mexico,2,0
1997-04-02,FRA,France,SWE,Sweden,1,0
1997-04-02,PAR,Paraguay,COL,Colombia,2,1
1997-04-02,SCO,Scotland,AUT,Austria,2,0
1997-04-02,TUR,Turkey,NED,Netherlands,1,0
1997-04-20,USA,United States,MEX,Mexico,2,2
1997-04-27,COD,DR Congo,RSA,South Africa,1,2
1997-04-30,ARG,Argentina,ECU,Ecuador,2,1
1997-04-30,BRA,Brazil,MEX,Mexico,4,0
1997-04-30,PAR,Paraguay,URU,Uruguay,3,1
1997-04-30,SWE,Sweden,SCO,Scotland,2,1
1997-04-30,TUR,Turkey,BEL,Belgium,1,3
1997-05-08,CIV,Ivory Coast,SEN,Senegal,4,1
1997-05-21,JPN,Japan,KOR,South Korea,1,1
1997-05-24,ENG,England,RSA,South Africa,2,1
1997-05-30,NOR,Norway,BRA,Brazil,4,2
1997-05-31,TUN,Tunisia,ALG,Algeria,0,1
1997-06-03,FRA,France,BRA,Brazil,1,1
1997-06-04,RSA,South Africa,NED,Netherlands,0,2
1997-06-04,USA,United States,PAR,Paraguay,0,0
1997-06-05,SEN,Senegal,ALG,Algeria,0,0
1997-06-07,FRA,France,ENG,England,0,1
1997-06-08,MAR,Morocco,GHA,Ghana,1,0
1997-06-08,EGY,Egypt,TUN,Tunisia,0,0
1997-06-08,JPN,Japan,CRO,Croatia,4,3
1997-06-08,ESP,Spain,CZE,Czech Republic,1,0
1997-06-08,URU,Uruguay,COL,Colombia,1,1
1997-06-10,ENG,England,BRA,Brazil,0,1
1997-06-11,ARG,Argentina,ECU,Ecuador,0,0
1997-06-12,CRO,Croatia,TUR,Turkey,1,1
1997-06-12,KOR,South Korea,EGY,Egypt,3,1
1997-06-13,MEX,Mexico,COL,Colombia,2,1
1997-06-14,KOR,South Korea,GHA,Ghana,3,0
1997-06-14,PAR,Paraguay,ECU,Ecuador,0,2
1997-06-15,JPN,Japan,TUR,Turkey,1,0
1997-06-16,BRA,Brazil,MEX,Mexico,3,2
1997-06-16,EGY,Egypt,GHA,Ghana,2,0
1997-06-17,ARG,Argentina,PAR,Paraguay,1,1
1997-06-19,BRA,Brazil,COL,Colombia,2,0
1997-06-21,MAR,Morocco,EGY,Egypt,1,0
1997-06-22,BRA,Brazil,PAR,Paraguay,2,0
1997-06-22,ECU,Ecuador,MEX,Mexico,1,1
1997-06-22,CIV,Ivory Coast,ALG,Algeria,2,1
1997-06-28,NZL,New Zealand,AUS,Australia,0,3
1997-07-06,AUS,Australia,NZL,New Zealand,2,0
1997-07-06,PAR,Paraguay,ARG,Argentina,1,2
1997-07-13,EGY,Egypt,SEN,Senegal,2,0
1997-07-20,COL,Colombia,ECU,Ecuador,1,0
1997-07-27,MAR,Morocco,SEN,Senegal,3,0
1997-08-07,USA,United States,ECU,Ecuador,0,1
1997-08-10,KOR,South Korea,BRA,Brazil,1,2
1997-08-13,JPN,Japan,BRA,Brazil,0,3
1997-08-17,CAN,Canada,IRN,Iran,0,1
1997-08-20,ECU,Ecuador,PAR,Paraguay,2,1
1997-09-06,AUT,Austria,SWE,Sweden,1,0
1997-09-06,CRO,Croatia,BIH,Bosnia and Herzegovina,3,2
1997-09-06,GER,Germany,POR,Portugal,1,1
1997-09-06,NED,Netherlands,BEL,Belgium,3,1
1997-09-07,JPN,Japan,UZB,Uzbekistan,6,3
1997-09-10,BRA,Brazil,ECU,Ecuador,4,2
1997-09-10,NOR,Norway,SUI,Switzerland,5,0
1997-09-12,KOR,South Korea,UZB,Uzbekistan,2,1
1997-09-19,IRN,Iran,KSA,Saudi Arabia,1,1
1997-09-28,JPN,Japan,KOR,South Korea,1,2
1997-10-03,IRN,Iran,QAT,Qatar,3,0
1997-10-08,NOR,Norway,COL,Colombia,0,0
1997-10-09,BRA,Brazil,MAR,Morocco,2,0
1997-10-11,FRA,France,RSA,South Africa,2,1
1997-10-11,NED,Netherlands,TUR,Turkey,0,0
1997-10-11,KSA,Saudi Arabia,QAT,Qatar,1,0
1997-10-11,UZB,Uzbekistan,JPN,Japan,1,1
1997-10-12,ARG,Argentina,URU,Uruguay,0,0
1997-10-12,CAN,Canada,MEX,Mexico,2,2
1997-10-18,UZB,Uzbekistan,KOR,South Korea,1,5
1997-10-24,KSA,Saudi Arabia,IRN,Iran,1,0
1997-11-01,KOR,South Korea,JPN,Japan,0,2
1997-11-02,MEX,Mexico,USA,United States,0,0
1997-11-05,TUN,Tunisia,BIH,Bosnia and Herzegovina,2,1
1997-11-07,QAT,Qatar,IRN,Iran,2,0
1997-11-09,CAN,Canada,USA,United States,0,3
1997-11-12,FRA,France,SCO,Scotland,2,1
1997-11-12,QAT,Qatar,KSA,Saudi Arabia,0,1
1997-11-15,GER,Germany,RSA,South Africa,3,0
1997-11-16,ARG,Argentina,COL,Colombia,1,1
1997-11-16,JPN,Japan,IRN,Iran,3,2
1997-11-16,URU,Uruguay,ECU,Ecuador,5,3
1997-11-22,IRN,Iran,AUS,Australia,1,1
1997-11-29,AUS,Australia,IRN,Iran,2,2
1997-11-30,SEN,Senegal,CPV,Cape Verde,2,0
1997-12-03,EGY,Egypt,GHA,Ghana,3,2
1997-12-07,RSA,South Africa,BRA,Brazil,1,2
1997-12-12,MEX,Mexico,AUS,Australia,1,3
1997-12-12,KSA,Saudi Arabia,BRA,Brazil,0,3
1997-12-13,RSA,South Africa,CZE,Czech Republic,2,2
1997-12-14,AUS,Australia,BRA,Brazil,0,0
1997-12-14,KSA,Saudi Arabia,MEX,Mexico,0,5
1997-12-15,CZE,Czech Republic,URU,Uruguay,1,2
1997-12-16,BRA,Brazil,MEX,Mexico,3,2
1997-12-16,KSA,Saudi Arabia,AUS,Australia,1,0
1997-12-17,URU,Uruguay,RSA,South Africa,4,3
1997-12-19,BRA,Brazil,CZE,Czech Republic,2,0
1997-12-19,URU,Uruguay,AUS,Australia,0,1
1997-12-20,EGY,Egypt,ALG,Algeria,1,2
1997-12-21,BRA,Brazil,AUS,Australia,6,0
1997-12-21,CZE,Czech Republic,URU,Uruguay,1,0
1997-12-24,EGY,Egypt,ALG,Algeria,1,2
1998-01-24,USA,United States,SWE,Sweden,1,0
1998-01-27,EGY,Egypt,KOR,South Korea,0,2
1998-01-28,FRA,France,ESP,Spain,1,0
1998-01-31,EGY,Egypt,KOR,South Korea,1,1
1998-02-07,NZL,New Zealand,KOR,South Korea,0,1
1998-02-09,GHA,Ghana,TUN,Tunisia,2,0
1998-02-10,USA,United States,BRA,Brazil,1,0
1998-02-11,AUS,Australia,KOR,South Korea,1,0
1998-02-11,RSA,South Africa,CIV,Ivory Coast,1,1
1998-02-12,TUN,Tunisia,COD,DR Congo,2,1
1998-02-15,AUS,Australia,JPN,Japan,0,3
1998-02-15,USA,United States,MEX,Mexico,0,1
1998-02-16,GHA,Ghana,COD,DR Congo,0,1
1998-02-17,EGY,Egypt,MAR,Morocco,0,1
1998-02-21,CIV,Ivory Coast,EGY,Egypt,0,0
1998-02-21,USA,United States,NED,Netherlands,0,2
1998-02-22,MAR,Morocco,RSA,South Africa,1,2
1998-02-22,KSA,Saudi Arabia,GER,Germany,0,3
1998-02-24,MEX,Mexico,NED,Netherlands,2,3
1998-02-25,BEL,Belgium,USA,United States,2,0
1998-02-25,COD,DR Congo,RSA,South Africa,1,2
1998-02-25,FRA,France,NOR,Norway,3,3
1998-02-28,RSA,South Africa,EGY,Egypt,0,2
1998-03-01,JPN,Japan,KOR,South Korea,2,1
1998-03-14,USA,United States,PAR,Paraguay,2,2
1998-03-18,MEX,Mexico,PAR,Paraguay,1,1
1998-03-25,BEL,Belgium,NOR,Norway,2,2
1998-03-25,GER,Germany,BRA,Brazil,1,2
1998-03-25,ESP,Spain,SWE,Sweden,4,0
1998-03-25,SUI,Switzerland,ENG,England,1,1
1998-03-29,COL,Colombia,PAR,Paraguay,1,1
1998-04-01,KOR,South Korea,JPN,Japan,2,1
1998-04-22,AUT,Austria,USA,United States,0,3
1998-04-22,ENG,England,POR,Portugal,3,0
1998-04-22,SWE,Sweden,FRA,France,0,0
1998-04-29,BRA,Brazil,ARG,Argentina,0,1
1998-05-14,ARG,Argentina,BIH,Bosnia and Herzegovina,5,0
1998-05-17,JPN,Japan,PAR,Paraguay,1,1
1998-05-20,NOR,Norway,MEX,Mexico,5,2
1998-05-21,CZE,Czech Republic,PAR,Paraguay,1,0
1998-05-23,ENG,England,KSA,Saudi Arabia,0,0
1998-05-24,JPN,Japan,CZE,Czech Republic,0,0
1998-05-25,ARG,Argentina,RSA,South Africa,2,0
1998-05-27,AUT,Austria,TUN,Tunisia,2,1
1998-05-27,BEL,Belgium,FRA,France,0,1
1998-05-27,KOR,South Korea,CZE,Czech Republic,2,2
1998-05-27,MAR,Morocco,ENG,England,0,1
1998-05-27,NOR,Norway,KSA,Saudi Arabia,6,0
1998-05-29,BEL,Belgium,ENG,England,0,0
1998-05-29,MAR,Morocco,FRA,France,2,2
1998-05-30,GER,Germany,COL,Colombia,3,1
1998-05-30,USA,United States,SCO,Scotland,0,0
1998-05-31,JPN,Japan,MEX,Mexico,1,2
1998-06-01,NED,Netherlands,PAR,Paraguay,5,1
1998-06-03,BEL,Belgium,COL,Colombia,2,0
1998-06-03,CRO,Croatia,IRN,Iran,2,0
1998-06-03,KSA,Saudi Arabia,MEX,Mexico,0,0
1998-06-06,BEL,Belgium,PAR,Paraguay,1,0
1998-06-06,CRO,Croatia,AUS,Australia,7,0
1998-06-10,BRA,Brazil,SCO,Scotland,2,1
1998-06-10,MAR,Morocco,NOR,Norway,2,2
1998-06-12,FRA,France,RSA,South Africa,3,0
1998-06-13,KOR,South Korea,MEX,Mexico,1,3
1998-06-13,NED,Netherlands,BEL,Belgium,0,0
1998-06-14,ARG,Argentina,JPN,Japan,1,0
1998-06-15,ENG,England,TUN,Tunisia,2,0
1998-06-15,GER,Germany,USA,United States,2,0
1998-06-16,BRA,Brazil,MAR,Morocco,3,0
1998-06-16,SCO,Scotland,NOR,Norway,1,1
1998-06-18,FRA,France,KSA,Saudi Arabia,4,0
1998-06-19,ESP,Spain,PAR,Paraguay,0,0
1998-06-20,BEL,Belgium,MEX,Mexico,2,2
1998-06-20,JPN,Japan,CRO,Croatia,0,1
1998-06-20,NED,Netherlands,KOR,South Korea,5,0
1998-06-21,USA,United States,IRN,Iran,1,2
1998-06-22,COL,Colombia,TUN,Tunisia,1,0
1998-06-23,BRA,Brazil,NOR,Norway,1,2
1998-06-23,SCO,Scotland,MAR,Morocco,0,3
1998-06-24,RSA,South Africa,KSA,Saudi Arabia,2,2
1998-06-25,BEL,Belgium,KOR,South Korea,1,1
1998-06-25,GER,Germany,IRN,Iran,2,0
1998-06-25,NED,Netherlands,MEX,Mexico,2,2
1998-06-26,ARG,Argentina,CRO,Croatia,1,0
1998-06-26,COL,Colombia,ENG,England,0,2
1998-06-28,FRA,France,PAR,Paraguay,1,0
1998-06-29,GER,Germany,MEX,Mexico,2,1
1998-06-30,ARG,Argentina,ENG,England,2,2
1998-07-04,GER,Germany,CRO,Croatia,0,3
1998-07-04,NED,Netherlands,ARG,Argentina,2,1
1998-07-07,BRA,Brazil,NED,Netherlands,1,1
1998-07-08,FRA,France,CRO,Croatia,2,1
1998-07-11,NED,Netherlands,CRO,Croatia,1,2
1998-07-12,FRA,France,BRA,Brazil,3,0
1998-07-22,CUW,Curaçao,HAI,Haiti,0,4
1998-07-22,SEN,Senegal,CPV,Cape Verde,1,0
1998-08-19,AUT,Austria,FRA,France,2,2
1998-09-02,MAR,Morocco,SEN,Senegal,2,0
1998-09-05,SWE,Sweden,ENG,England,2,1
1998-09-16,EGY,Egypt,CIV,Ivory Coast,0,0
1998-09-17,KSA,Saudi Arabia,SEN,Senegal,3,2
1998-09-26,QAT,Qatar,JOR,Jordan,2,0
1998-10-01,QAT,Qatar,KSA,Saudi Arabia,1,3
1998-10-04,AUS,Australia,NZL,New Zealand,0,1
1998-10-10,BIH,Bosnia and Herzegovina,CZE,Czech Republic,1,3
1998-10-10,TUR,Turkey,GER,Germany,1,0
1998-10-13,NED,Netherlands,GHA,Ghana,0,0
1998-10-14,BRA,Brazil,ECU,Ecuador,5,1
1998-10-28,JPN,Japan,EGY,Egypt,1,0
1998-11-06,USA,United States,AUS,Australia,0,0
1998-11-11,QAT,Qatar,KSA,Saudi Arabia,0,0
1998-11-18,EGY,Egypt,NOR,Norway,1,1
1998-11-18,ENG,England,CZE,Czech Republic,2,0
1998-11-18,GER,Germany,NED,Netherlands,1,1
1998-12-07,JPN,Japan,KOR,South Korea,0,2
1998-12-14,UZB,Uzbekistan,IRN,Iran,0,4
1998-12-16,RSA,South Africa,EGY,Egypt,2,1
1999-01-20,FRA,France,MAR,Morocco,1,0
1999-02-06,USA,United States,GER,Germany,3,0
1999-02-09,BEL,Belgium,CZE,Czech Republic,0,1
1999-02-09,COL,Colombia,GER,Germany,3,3
1999-02-10,ENG,England,FRA,France,0,2
1999-02-10,MEX,Mexico,ARG,Argentina,0,1
1999-02-10,POR,Portugal,NED,Netherlands,0,0
1999-02-10,TUN,Tunisia,SWE,Sweden,0,1
1999-02-19,EGY,Egypt,MEX,Mexico,0,3
1999-03-10,SUI,Switzerland,AUT,Austria,2,4
1999-03-13,USA,United States,MEX,Mexico,1,2
1999-03-27,ESP,Spain,AUT,Austria,9,0
1999-03-28,KOR,South Korea,BRA,Brazil,1,0
1999-03-30,BEL,Belgium,EGY,Egypt,0,1
1999-03-31,JPN,Japan,BRA,Brazil,0,2
1999-03-31,NED,Netherlands,ARG,Argentina,1,1
1999-03-31,SCO,Scotland,CZE,Czech Republic,1,2
1999-04-14,MEX,Mexico,ECU,Ecuador,0,0
1999-04-22,PAR,Paraguay,COL,Colombia,0,2
1999-04-28,GER,Germany,SCO,Scotland,0,1
1999-04-28,NED,Netherlands,MAR,Morocco,1,2
1999-04-28,PAR,Paraguay,MEX,Mexico,2,1
1999-05-05,ESP,Spain,CRO,Croatia,3,1
1999-06-02,ECU,Ecuador,IRN,Iran,1,1
1999-06-03,JPN,Japan,BEL,Belgium,0,0
1999-06-04,CAN,Canada,IRN,Iran,0,1
1999-06-05,BRA,Brazil,NED,Netherlands,2,2
1999-06-05,ENG,England,SWE,Sweden,0,0
1999-06-05,KOR,South Korea,BEL,Belgium,1,2
1999-06-06,CAN,Canada,ECU,Ecuador,1,2
1999-06-06,TUN,Tunisia,ALG,Algeria,2,0
1999-06-08,BRA,Brazil,NED,Netherlands,3,1
1999-06-09,CZE,Czech Republic,SCO,Scotland,3,2
1999-06-09,MEX,Mexico,ARG,Argentina,2,2
1999-06-12,KOR,South Korea,MEX,Mexico,1,1
1999-06-13,CRO,Croatia,EGY,Egypt,2,2
1999-06-13,USA,United States,ARG,Argentina,1,0
1999-06-16,CRO,Croatia,MEX,Mexico,2,1
1999-06-16,KOR,South Korea,EGY,Egypt,0,0
1999-06-17,PAR,Paraguay,URU,Uruguay,2,3
1999-06-18,EGY,Egypt,MEX,Mexico,0,2
1999-06-18,KSA,Saudi Arabia,JOR,Jordan,2,1
1999-06-19,KOR,South Korea,CRO,Croatia,1,1
1999-06-22,KSA,Saudi Arabia,JOR,Jordan,2,0
1999-06-24,PAR,Paraguay,COL,Colombia,2,1
1999-06-28,JOR,Jordan,IRQ,Iraq,0,1
1999-06-30,JOR,Jordan,IRQ,Iraq,1,1
1999-07-01,ARG,Argentina,ECU,Ecuador,3,1
1999-07-01,URU,Uruguay,COL,Colombia,0,1
1999-07-02,PAR,Paraguay,JPN,Japan,4,0
1999-07-03,BRA,Brazil,MEX,Mexico,2,1
1999-07-04,ARG,Argentina,COL,Colombia,0,3
1999-07-04,URU,Uruguay,ECU,Ecuador,2,1
1999-07-07,COL,Colombia,ECU,Ecuador,2,1
1999-07-07,URU,Uruguay,ARG,Argentina,0,2
1999-07-09,CAN,Canada,KSA,Saudi Arabia,0,2
1999-07-10,EGY,Egypt,NZL,New Zealand,1,1
1999-07-10,PAR,Paraguay,URU,Uruguay,1,1
1999-07-11,BRA,Brazil,ARG,Argentina,2,1
1999-07-14,MEX,Mexico,BRA,Brazil,0,2
1999-07-15,EGY,Egypt,NZL,New Zealand,1,0
1999-07-18,BRA,Brazil,URU,Uruguay,3,0
1999-07-24,BRA,Brazil,GER,Germany,4,0
1999-07-24,NZL,New Zealand,USA,United States,1,2
1999-07-25,MEX,Mexico,KSA,Saudi Arabia,5,1
1999-07-27,MEX,Mexico,EGY,Egypt,2,2
1999-07-28,BRA,Brazil,USA,United States,1,0
1999-07-28,GER,Germany,NZL,New Zealand,2,0
1999-07-29,EGY,Egypt,KSA,Saudi Arabia,1,5
1999-07-30,NZL,New Zealand,BRA,Brazil,0,2
1999-07-30,USA,United States,GER,Germany,2,0
1999-08-01,BRA,Brazil,KSA,Saudi Arabia,8,2
1999-08-01,MEX,Mexico,USA,United States,1,0
1999-08-03,USA,United States,KSA,Saudi Arabia,2,0
1999-08-04,MEX,Mexico,BRA,Brazil,4,3
1999-08-18,CZE,Czech Republic,SUI,Switzerland,3,0
1999-08-18,SWE,Sweden,AUT,Austria,0,0
1999-09-04,ARG,Argentina,BRA,Brazil,2,0
1999-09-04,AUT,Austria,ESP,Spain,1,3
1999-09-04,BIH,Bosnia and Herzegovina,SCO,Scotland,1,2
1999-09-04,NED,Netherlands,BEL,Belgium,5,5
1999-09-07,BEL,Belgium,MAR,Morocco,4,0
1999-09-07,BRA,Brazil,ARG,Argentina,4,2
1999-09-08,CZE,Czech Republic,BIH,Bosnia and Herzegovina,3,0
1999-09-08,JPN,Japan,IRN,Iran,1,1
1999-09-19,RSA,South Africa,KSA,Saudi Arabia,1,0
1999-09-30,KSA,Saudi Arabia,RSA,South Africa,0,0
1999-10-05,SCO,Scotland,BIH,Bosnia and Herzegovina,1,0
1999-10-09,GER,Germany,TUR,Turkey,0,0
1999-10-09,NED,Netherlands,BRA,Brazil,2,2
1999-10-10,CAN,Canada,HAI,Haiti,2,1
1999-10-10,ENG,England,BEL,Belgium,2,1
1999-10-12,URU,Uruguay,ECU,Ecuador,0,0
1999-10-13,ARG,Argentina,COL,Colombia,2,1
1999-10-13,MEX,Mexico,PAR,Paraguay,0,1
1999-10-20,MEX,Mexico,COL,Colombia,0,0
1999-10-27,MEX,Mexico,ECU,Ecuador,0,0
1999-11-12,EGY,Egypt,GHA,Ghana,1,2
1999-11-13,FRA,France,CRO,Croatia,3,0
1999-11-13,NED,Netherlands,CZE,Czech Republic,1,1
1999-11-13,SCO,Scotland,ENG,England,0,2
1999-11-13,ESP,Spain,BRA,Brazil,0,0
1999-11-14,NOR,Norway,GER,Germany,0,1
1999-11-17,ENG,England,SCO,Scotland,0,1
1999-11-17,MAR,Morocco,USA,United States,2,1
1999-11-17,ESP,Spain,ARG,Argentina,0,2
1999-11-17,URU,Uruguay,PAR,Paraguay,0,1
1999-11-20,SEN,Senegal,CIV,Ivory Coast,3,0
1999-11-27,RSA,South Africa,SWE,Sweden,1,0
1999-12-21,MAR,Morocco,SEN,Senegal,0,0
1999-12-22,TUN,Tunisia,GHA,Ghana,2,0
2000-01-09,CIV,Ivory Coast,EGY,Egypt,2,0
2000-01-09,MEX,Mexico,IRN,Iran,2,1
2000-01-16,USA,United States,IRN,Iran,1,1
2000-01-18,GHA,Ghana,TUN,Tunisia,2,0
2000-01-21,NZL,New Zealand,KOR,South Korea,0,1
2000-01-23,NZL,New Zealand,KOR,South Korea,0,0
2000-01-24,COD,DR Congo,ALG,Algeria,0,0
2000-01-24,QAT,Qatar,BIH,Bosnia and Herzegovina,2,0
2000-01-27,RSA,South Africa,COD,DR Congo,1,0
2000-01-28,EGY,Egypt,SEN,Senegal,1,0
2000-01-29,TUN,Tunisia,MAR,Morocco,0,0
2000-01-31,GHA,Ghana,CIV,Ivory Coast,0,2
2000-02-02,RSA,South Africa,ALG,Algeria,1,1
2000-02-04,NOR,Norway,SWE,Sweden,1,1
2000-02-05,JPN,Japan,MEX,Mexico,0,1
2000-02-06,GHA,Ghana,RSA,South Africa,0,1
2000-02-07,EGY,Egypt,TUN,Tunisia,0,1
2000-02-08,MEX,Mexico,CZE,Czech Republic,1,2
2000-02-12,RSA,South Africa,TUN,Tunisia,2,2
2000-02-12,USA,United States,HAI,Haiti,3,0
2000-02-15,CAN,Canada,KOR,South Korea,0,0
2000-02-19,USA,United States,COL,Colombia,2,2
2000-02-20,MEX,Mexico,CAN,Canada,1,2
2000-02-23,BEL,Belgium,POR,Portugal,1,1
2000-02-23,CRO,Croatia,ESP,Spain,0,0
2000-02-23,ENG,England,ARG,Argentina,0,0
2000-02-23,NED,Netherlands,GER,Germany,2,1
2000-02-23,TUR,Turkey,NOR,Norway,0,2
2000-02-27,CAN,Canada,COL,Colombia,2,0
2000-03-11,JOR,Jordan,BIH,Bosnia and Herzegovina,0,0
2000-03-12,USA,United States,TUN,Tunisia,1,1
2000-03-15,JOR,Jordan,BIH,Bosnia and Herzegovina,1,2
2000-03-28,COL,Colombia,BRA,Brazil,0,0
2000-03-29,AUT,Austria,SWE,Sweden,1,1
2000-03-29,BEL,Belgium,NED,Netherlands,2,2
2000-03-29,CRO,Croatia,GER,Germany,1,1
2000-03-29,CZE,Czech Republic,AUS,Australia,3,1
2000-03-29,SCO,Scotland,FRA,France,0,2
2000-03-29,SUI,Switzerland,NOR,Norway,2,2
2000-04-08,QAT,Qatar,JOR,Jordan,2,2
2000-04-09,CPV,Cape Verde,ALG,Algeria,0,0
2000-04-21,ALG,Algeria,CPV,Cape Verde,2,0
2000-04-26,AUT,Austria,CRO,Croatia,1,2
2000-04-26,BRA,Brazil,ECU,Ecuador,3,2
2000-04-26,GER,Germany,SUI,Switzerland,1,1
2000-04-26,KOR,South Korea,JPN,Japan,1,0
2000-04-26,NED,Netherlands,SCO,Scotland,0,0
2000-04-26,NOR,Norway,BEL,Belgium,0,2
2000-04-26,PAR,Paraguay,URU,Uruguay,1,0
2000-05-08,CPV,Cape Verde,SEN,Senegal,2,2
2000-05-14,CPV,Cape Verde,SEN,Senegal,1,0
2000-05-25,JOR,Jordan,IRQ,Iraq,0,0
2000-05-27,ENG,England,BRA,Brazil,1,1
2000-05-28,CRO,Croatia,FRA,France,0,2
2000-05-31,JOR,Jordan,IRN,Iran,0,1
2000-06-02,JOR,Jordan,IRQ,Iraq,1,4
2000-06-03,GER,Germany,CZE,Czech Republic,3,2
2000-06-03,PAR,Paraguay,ECU,Ecuador,3,1
2000-06-03,SWE,Sweden,ESP,Spain,1,1
2000-06-03,USA,United States,RSA,South Africa,4,0
2000-06-04,FRA,France,JPN,Japan,2,2
2000-06-06,MAR,Morocco,FRA,France,1,5
2000-06-07,IRN,Iran,EGY,Egypt,1,1
2000-06-07,MEX,Mexico,RSA,South Africa,4,2
2000-06-09,AUS,Australia,PAR,Paraguay,0,0
2000-06-09,EGY,Egypt,KOR,South Korea,0,1
2000-06-10,BEL,Belgium,SWE,Sweden,2,1
2000-06-11,NED,Netherlands,CZE,Czech Republic,1,0
2000-06-11,TUN,Tunisia,SEN,Senegal,4,1
2000-06-11,USA,United States,MEX,Mexico,3,0
2000-06-12,AUS,Australia,PAR,Paraguay,0,0
2000-06-12,POR,Portugal,ENG,England,3,2
2000-06-13,ESP,Spain,NOR,Norway,0,1
2000-06-15,AUS,Australia,PAR,Paraguay,2,1
2000-06-15,SWE,Sweden,TUR,Turkey,0,0
2000-06-16,ALG,Algeria,SEN,Senegal,1,1
2000-06-16,CZE,Czech Republic,FRA,France,1,2
2000-06-17,EGY,Egypt,GHA,Ghana,2,0
2000-06-17,ENG,England,GER,Germany,1,0
2000-06-18,CIV,Ivory Coast,TUN,Tunisia,2,2
2000-06-19,BEL,Belgium,TUR,Turkey,0,2
2000-06-20,POR,Portugal,GER,Germany,3,0
2000-06-21,NED,Netherlands,FRA,France,3,2
2000-06-24,TUR,Turkey,POR,Portugal,0,2
2000-06-25,ECU,Ecuador,PAN,Panama,5,0
2000-06-25,ESP,Spain,FRA,France,1,2
2000-06-28,AUS,Australia,NZL,New Zealand,2,0
2000-06-28,BRA,Brazil,URU,Uruguay,1,1
2000-06-28,FRA,France,POR,Portugal,2,1
2000-06-28,TUN,Tunisia,ALG,Algeria,2,2
2000-06-29,COL,Colombia,ARG,Argentina,1,3
2000-07-09,MAR,Morocco,ALG,Algeria,2,1
2000-07-09,SEN,Senegal,EGY,Egypt,0,0
2000-07-16,PAN,Panama,MEX,Mexico,0,1
2000-07-18,PAR,Paraguay,BRA,Brazil,2,1
2000-07-19,ARG,Argentina,ECU,Ecuador,2,0
2000-07-23,PAN,Panama,CAN,Canada,0,0
2000-07-25,ECU,Ecuador,COL,Colombia,0,0
2000-07-26,BRA,Brazil,ARG,Argentina,3,1
2000-08-11,PAN,Panama,ECU,Ecuador,0,0
2000-08-15,COL,Colombia,URU,Uruguay,1,0
2000-08-15,MEX,Mexico,CAN,Canada,2,0
2000-08-16,ARG,Argentina,PAR,Paraguay,1,1
2000-08-16,BIH,Bosnia and Herzegovina,TUR,Turkey,2,0
2000-08-16,GER,Germany,ESP,Spain,4,1
2000-09-01,AUT,Austria,IRN,Iran,5,1
2000-09-02,BEL,Belgium,CRO,Croatia,0,0
2000-09-02,BIH,Bosnia and Herzegovina,ESP,Spain,1,2
2000-09-02,EGY,Egypt,CIV,Ivory Coast,1,0
2000-09-02,FRA,France,ENG,England,1,1
2000-09-02,IRQ,Iraq,UZB,Uzbekistan,2,0
2000-09-03,MEX,Mexico,PAN,Panama,7,1
2000-09-03,URU,Uruguay,ECU,Ecuador,4,0
2000-09-20,MEX,Mexico,ECU,Ecuador,2,0
2000-09-27,QAT,Qatar,IRN,Iran,1,2
2000-10-02,JOR,Jordan,KSA,Saudi Arabia,1,0
2000-10-02,QAT,Qatar,EGY,Egypt,0,1
2000-10-07,AUS,Australia,KOR,South Korea,2,4
2000-10-07,COL,Colombia,PAR,Paraguay,0,2
2000-10-07,ENG,England,GER,Germany,0,1
2000-10-07,RSA,South Africa,FRA,France,0,0
2000-10-07,SWE,Sweden,TUR,Turkey,1,1
2000-10-08,ARG,Argentina,URU,Uruguay,2,1
2000-10-09,CAN,Canada,PAN,Panama,1,0
2000-10-11,AUT,Austria,ESP,Spain,1,1
2000-10-11,CRO,Croatia,SCO,Scotland,1,1
2000-10-11,NED,Netherlands,POR,Portugal,0,2
2000-10-14,QAT,Qatar,UZB,Uzbekistan,1,1
2000-10-14,KSA,Saudi Arabia,JPN,Japan,1,4
2000-10-17,JPN,Japan,UZB,Uzbekistan,8,1
2000-10-17,KSA,Saudi Arabia,QAT,Qatar,0,0
2000-10-18,IRN,Iran,IRQ,Iraq,1,0
2000-10-20,JPN,Japan,QAT,Qatar,1,1
2000-10-20,KSA,Saudi Arabia,UZB,Uzbekistan,5,0
2000-10-23,IRN,Iran,KOR,South Korea,1,2
2000-10-24,JPN,Japan,IRQ,Iraq,4,1
2000-10-25,USA,United States,MEX,Mexico,2,0
2000-10-26,KOR,South Korea,KSA,Saudi Arabia,1,2
2000-10-29,JPN,Japan,KSA,Saudi Arabia,1,0
2000-11-15,BRA,Brazil,COL,Colombia,1,0
2000-11-15,CAN,Canada,MEX,Mexico,0,0
2000-11-15,SCO,Scotland,AUS,Australia,0,2
2000-11-15,ESP,Spain,NED,Netherlands,1,2
2000-11-15,TUN,Tunisia,SUI,Switzerland,1,1
2000-11-15,TUR,Turkey,FRA,France,0,4
2000-12-20,JPN,Japan,KOR,South Korea,1,1
2000-12-20,MEX,Mexico,ARG,Argentina,0,2
2001-01-13,TUN,Tunisia,MAR,Morocco,0,1
2001-01-14,COD,DR Congo,GHA,Ghana,2,1
2001-01-24,KOR,South Korea,NOR,Norway,2,3
2001-01-27,KOR,South Korea,PAR,Paraguay,1,1
2001-01-28,EGY,Egypt,MAR,Morocco,0,0
2001-01-31,MEX,Mexico,COL,Colombia,2,3
2001-02-03,USA,United States,COL,Colombia,0,1
2001-02-08,MAR,Morocco,KOR,South Korea,1,1
2001-02-14,SWE,Sweden,QAT,Qatar,0,0
2001-02-24,MAR,Morocco,SEN,Senegal,0,0
2001-02-25,TUN,Tunisia,COD,DR Congo,6,0
2001-02-27,FRA,France,GER,Germany,1,0
2001-02-28,COL,Colombia,AUS,Australia,3,2
2001-02-28,CRO,Croatia,AUT,Austria,1,0
2001-02-28,ENG,England,ESP,Spain,3,0
2001-02-28,NED,Netherlands,TUR,Turkey,0,0
2001-02-28,USA,United States,MEX,Mexico,2,0
2001-03-03,USA,United States,BRA,Brazil,1,2
2001-03-07,MEX,Mexico,BRA,Brazil,3,3
2001-03-10,COD,DR Congo,CIV,Ivory Coast,1,2
2001-03-11,EGY,Egypt,ALG,Algeria,5,2
2001-03-24,BIH,Bosnia and Herzegovina,AUT,Austria,1,1
2001-03-24,FRA,France,JPN,Japan,5,0
2001-03-24,MAR,Morocco,TUN,Tunisia,2,0
2001-03-24,SCO,Scotland,BEL,Belgium,2,2
2001-03-25,GHA,Ghana,COD,DR Congo,3,0
2001-03-28,ECU,Ecuador,BRA,Brazil,1,0
2001-03-28,POR,Portugal,NED,Netherlands,2,2
2001-03-28,ESP,Spain,FRA,France,2,1
2001-03-28,URU,Uruguay,PAR,Paraguay,0,1
2001-04-05,HAI,Haiti,PAN,Panama,1,1
2001-04-07,HAI,Haiti,PAN,Panama,0,0
2001-04-21,SEN,Senegal,ALG,Algeria,3,0
2001-04-24,ECU,Ecuador,PAR,Paraguay,2,1
2001-04-24,EGY,Egypt,CAN,Canada,3,0
2001-04-24,IRN,Iran,KOR,South Korea,0,1
2001-04-24,PAN,Panama,HAI,Haiti,2,0
2001-04-25,CZE,Czech Republic,BEL,Belgium,1,1
2001-04-25,FRA,France,POR,Portugal,4,0
2001-04-25,ESP,Spain,JPN,Japan,1,0
2001-04-25,SUI,Switzerland,SWE,Sweden,0,2
2001-04-26,CAN,Canada,IRN,Iran,1,0
2001-04-26,EGY,Egypt,KOR,South Korea,1,2
2001-04-27,UZB,Uzbekistan,JOR,Jordan,2,2
2001-05-04,ALG,Algeria,MAR,Morocco,1,2
2001-05-06,EGY,Egypt,SEN,Senegal,1,0
2001-05-07,JOR,Jordan,UZB,Uzbekistan,1,1
2001-05-20,TUN,Tunisia,CIV,Ivory Coast,1,1
2001-05-25,ENG,England,MEX,Mexico,4,0
2001-05-30,KOR,South Korea,FRA,France,0,5
2001-05-30,MEX,Mexico,AUS,Australia,0,2
2001-05-31,JPN,Japan,CAN,Canada,3,0
2001-06-01,AUS,Australia,FRA,France,1,0
2001-06-01,KOR,South Korea,MEX,Mexico,2,1
2001-06-02,CAN,Canada,BRA,Brazil,0,0
2001-06-02,ESP,Spain,BIH,Bosnia and Herzegovina,4,1
2001-06-03,ARG,Argentina,COL,Colombia,3,0
2001-06-03,FRA,France,MEX,Mexico,4,0
2001-06-03,KOR,South Korea,AUS,Australia,1,0
2001-06-04,JPN,Japan,BRA,Brazil,0,0
2001-06-07,FRA,France,BRA,Brazil,2,1
2001-06-07,JPN,Japan,AUS,Australia,1,0
2001-06-07,USA,United States,ECU,Ecuador,0,0
2001-06-09,AUS,Australia,BRA,Brazil,1,0
2001-06-10,JPN,Japan,FRA,France,0,1
2001-06-17,CIV,Ivory Coast,EGY,Egypt,2,2
2001-06-20,NZL,New Zealand,AUS,Australia,0,2
2001-06-24,AUS,Australia,NZL,New Zealand,4,1
2001-06-30,BIH,Bosnia and Herzegovina,UZB,Uzbekistan,1,2
2001-06-30,MAR,Morocco,EGY,Egypt,1,0
2001-07-01,JPN,Japan,PAR,Paraguay,2,0
2001-07-01,MEX,Mexico,USA,United States,1,0
2001-07-01,URU,Uruguay,BRA,Brazil,1,0
2001-07-12,BRA,Brazil,MEX,Mexico,0,1
2001-07-14,COL,Colombia,ECU,Ecuador,1,0
2001-07-14,SEN,Senegal,MAR,Morocco,1,0
2001-07-15,COD,DR Congo,TUN,Tunisia,0,3
2001-07-15,PAR,Paraguay,MEX,Mexico,0,0
2001-07-18,BRA,Brazil,PAR,Paraguay,3,1
2001-07-21,ALG,Algeria,EGY,Egypt,1,1
2001-07-22,BIH,Bosnia and Herzegovina,IRN,Iran,2,2
2001-07-25,MEX,Mexico,URU,Uruguay,2,1
2001-07-29,COL,Colombia,MEX,Mexico,1,0
2001-07-29,CIV,Ivory Coast,COD,DR Congo,1,2
2001-08-01,QAT,Qatar,IRN,Iran,2,1
2001-08-05,KSA,Saudi Arabia,QAT,Qatar,1,2
2001-08-09,BRA,Brazil,PAN,Panama,5,0
2001-08-10,IRN,Iran,BIH,Bosnia and Herzegovina,4,0
2001-08-15,AUT,Austria,SUI,Switzerland,1,2
2001-08-15,BRA,Brazil,PAR,Paraguay,2,0
2001-08-15,CZE,Czech Republic,KOR,South Korea,5,0
2001-08-15,ECU,Ecuador,ARG,Argentina,0,2
2001-08-15,ENG,England,NED,Netherlands,0,2
2001-08-15,JPN,Japan,AUS,Australia,3,0
2001-08-15,NOR,Norway,TUR,Turkey,1,1
2001-08-15,SWE,Sweden,RSA,South Africa,3,0
2001-08-24,IRN,Iran,KSA,Saudi Arabia,2,0
2001-08-26,UZB,Uzbekistan,QAT,Qatar,2,1
2001-08-31,KSA,Saudi Arabia,IRQ,Iraq,1,0
2001-09-01,GER,Germany,ENG,England,1,5
2001-09-01,SCO,Scotland,CRO,Croatia,0,0
2001-09-01,ESP,Spain,AUT,Austria,4,0
2001-09-05,ARG,Argentina,BRA,Brazil,2,1
2001-09-05,AUT,Austria,BIH,Bosnia and Herzegovina,2,0
2001-09-05,BEL,Belgium,SCO,Scotland,2,0
2001-09-05,COL,Colombia,ECU,Ecuador,0,0
2001-09-05,TUR,Turkey,SWE,Sweden,1,2
2001-09-07,IRQ,Iraq,IRN,Iran,1,2
2001-09-14,QAT,Qatar,IRQ,Iraq,0,0
2001-09-28,QAT,Qatar,UZB,Uzbekistan,2,2
2001-09-28,KSA,Saudi Arabia,IRN,Iran,2,2
2001-10-04,JPN,Japan,SEN,Senegal,0,2
2001-10-05,IRQ,Iraq,KSA,Saudi Arabia,1,2
2001-10-06,CRO,Croatia,BEL,Belgium,1,0
2001-10-06,FRA,France,ALG,Algeria,4,1
2001-10-07,PAR,Paraguay,ARG,Argentina,2,2
2001-10-07,URU,Uruguay,COL,Colombia,1,1
2001-10-12,IRN,Iran,IRQ,Iraq,2,1
2001-11-07,ECU,Ecuador,URU,Uruguay,1,1
2001-11-08,KOR,South Korea,SEN,Senegal,0,1
2001-11-10,AUT,Austria,TUR,Turkey,0,1
2001-11-10,BEL,Belgium,CZE,Czech Republic,1,0
2001-11-10,ENG,England,SWE,Sweden,1,1
2001-11-10,KOR,South Korea,CRO,Croatia,2,0
2001-11-10,RSA,South Africa,EGY,Egypt,1,0
2001-11-11,AUS,Australia,FRA,France,1,1
2001-11-13,KOR,South Korea,CRO,Croatia,1,1
2001-11-14,CZE,Czech Republic,BEL,Belgium,0,1
2001-11-14,PAR,Paraguay,COL,Colombia,0,4
2001-11-14,ESP,Spain,MEX,Mexico,1,0
2001-11-14,TUR,Turkey,AUT,Austria,5,0
2001-11-14,URU,Uruguay,ARG,Argentina,1,1
2001-11-20,AUS,Australia,URU,Uruguay,1,0
2001-11-25,URU,Uruguay,AUS,Australia,3,0
2001-12-05,ALG,Algeria,GHA,Ghana,1,1
2001-12-09,KOR,South Korea,USA,United States,1,0
2001-12-30,QAT,Qatar,EGY,Egypt,2,2
2001-12-30,SEN,Senegal,ALG,Algeria,1,0
2002-01-04,EGY,Egypt,GHA,Ghana,2,0
2002-01-13,QAT,Qatar,IRQ,Iraq,1,3
2002-01-18,HAI,Haiti,CAN,Canada,0,2
2002-01-19,USA,United States,KOR,South Korea,2,1
2002-01-20,ECU,Ecuador,HAI,Haiti,0,2
2002-01-20,EGY,Egypt,SEN,Senegal,0,1
2002-01-21,MAR,Morocco,GHA,Ghana,0,0
2002-01-22,CAN,Canada,ECU,Ecuador,0,2
2002-01-24,RSA,South Africa,GHA,Ghana,0,0
2002-01-25,EGY,Egypt,TUN,Tunisia,1,0
2002-01-27,MEX,Mexico,KOR,South Korea,0,0
2002-01-29,COD,DR Congo,CIV,Ivory Coast,3,1
2002-01-30,RSA,South Africa,MAR,Morocco,3,1
2002-01-30,USA,United States,CAN,Canada,0,0
2002-01-30,KSA,Saudi Arabia,QAT,Qatar,3,1
2002-01-31,SEN,Senegal,TUN,Tunisia,0,0
2002-02-02,CAN,Canada,KOR,South Korea,2,1
2002-02-04,SEN,Senegal,COD,DR Congo,2,0
2002-02-06,KSA,Saudi Arabia,BRA,Brazil,0,1
2002-02-12,TUR,Turkey,ECU,Ecuador,0,1
2002-02-13,BEL,Belgium,NOR,Norway,1,0
2002-02-13,NED,Netherlands,ENG,England,1,1
2002-02-13,ESP,Spain,POR,Portugal,1,1
2002-02-13,URU,Uruguay,KOR,South Korea,2,1
2002-03-10,USA,United States,ECU,Ecuador,1,0
2002-03-13,TUN,Tunisia,KOR,South Korea,0,0
2002-03-20,KSA,Saudi Arabia,RSA,South Africa,1,0
2002-03-26,KOR,South Korea,TUR,Turkey,0,0
2002-03-27,FRA,France,SCO,Scotland,5,0
2002-03-27,GER,Germany,USA,United States,4,2
2002-03-27,NED,Netherlands,ESP,Spain,1,0
2002-03-27,KSA,Saudi Arabia,URU,Uruguay,3,2
2002-03-27,SWE,Sweden,SUI,Switzerland,1,1
2002-03-27,TUN,Tunisia,NOR,Norway,0,0
2002-04-17,CRO,Croatia,BIH,Bosnia and Herzegovina,2,0
2002-04-17,ECU,Ecuador,RSA,South Africa,0,0
2002-04-17,ENG,England,PAR,Paraguay,4,0
2002-04-17,GER,Germany,ARG,Argentina,0,1
2002-04-17,NOR,Norway,SWE,Sweden,0,0
2002-04-17,POR,Portugal,BRA,Brazil,1,1
2002-05-12,MEX,Mexico,COL,Colombia,2,1
2002-05-12,USA,United States,URU,Uruguay,2,1
2002-05-14,BEL,Belgium,ALG,Algeria,0,0
2002-05-14,NOR,Norway,JPN,Japan,3,0
2002-05-14,KSA,Saudi Arabia,SEN,Senegal,3,2
2002-05-15,SUI,Switzerland,CAN,Canada,1,3
2002-05-16,KOR,South Korea,SCO,Scotland,4,1
2002-05-17,SWE,Sweden,PAR,Paraguay,1,2
2002-05-18,FRA,France,BEL,Belgium,1,2
2002-05-18,GER,Germany,AUT,Austria,6,2
2002-05-19,USA,United States,NED,Netherlands,0,2
2002-05-20,SCO,Scotland,RSA,South Africa,0,2
2002-05-21,KOR,South Korea,ENG,England,1,1
2002-05-23,ECU,Ecuador,SEN,Senegal,0,1
2002-05-23,RSA,South Africa,TUR,Turkey,2,0
2002-05-25,JPN,Japan,SWE,Sweden,1,1
2002-05-26,KOR,South Korea,FRA,France,2,3
2002-05-31,FRA,France,SEN,Senegal,0,1
2002-06-01,GER,Germany,KSA,Saudi Arabia,8,0
2002-06-02,ENG,England,SWE,Sweden,1,1
2002-06-02,PAR,Paraguay,RSA,South Africa,2,2
2002-06-03,BRA,Brazil,TUR,Turkey,2,1
2002-06-03,CRO,Croatia,MEX,Mexico,0,1
2002-06-04,JPN,Japan,BEL,Belgium,2,2
2002-06-05,USA,United States,POR,Portugal,3,2
2002-06-06,FRA,France,URU,Uruguay,0,0
2002-06-07,ARG,Argentina,ENG,England,0,1
2002-06-07,ESP,Spain,PAR,Paraguay,3,1
2002-06-09,MEX,Mexico,ECU,Ecuador,2,1
2002-06-10,KOR,South Korea,USA,United States,1,1
2002-06-10,TUN,Tunisia,BEL,Belgium,1,1
2002-06-11,SEN,Senegal,URU,Uruguay,3,3
2002-06-12,RSA,South Africa,ESP,Spain,2,3
2002-06-12,SWE,Sweden,ARG,Argentina,1,1
2002-06-13,ECU,Ecuador,CRO,Croatia,1,0
2002-06-14,JPN,Japan,TUN,Tunisia,2,0
2002-06-14,KOR,South Korea,POR,Portugal,1,0
2002-06-15,GER,Germany,PAR,Paraguay,1,0
2002-06-16,SWE,Sweden,SEN,Senegal,1,2
2002-06-17,BRA,Brazil,BEL,Belgium,2,0
2002-06-17,MEX,Mexico,USA,United States,0,2
2002-06-18,JPN,Japan,TUR,Turkey,0,1
2002-06-21,ENG,England,BRA,Brazil,1,2
2002-06-21,GER,Germany,USA,United States,1,0
2002-06-22,KOR,South Korea,ESP,Spain,0,0
2002-06-22,SEN,Senegal,TUR,Turkey,0,1
2002-06-25,KOR,South Korea,GER,Germany,0,1
2002-06-26,BRA,Brazil,TUR,Turkey,1,0
2002-06-29,KOR,South Korea,TUR,Turkey,2,3
2002-06-30,GER,Germany,BRA,Brazil,0,2
2002-07-14,NZL,New Zealand,AUS,Australia,1,0
2002-08-20,ALG,Algeria,COD,DR Congo,1,1
2002-08-21,BRA,Brazil,PAR,Paraguay,0,1
2002-08-21,NOR,Norway,NED,Netherlands,0,1
2002-08-21,SUI,Switzerland,AUT,Austria,3,2
2002-08-21,TUN,Tunisia,FRA,France,1,1
2002-08-30,JOR,Jordan,IRN,Iran,1,0
2002-09-05,IRQ,Iraq,IRN,Iran,0,0
2002-09-07,ENG,England,POR,Portugal,1,1
2002-09-07,JOR,Jordan,IRQ,Iraq,2,3
2002-09-08,CIV,Ivory Coast,RSA,South Africa,0,0
2002-09-17,IRN,Iran,MAR,Morocco,1,1
2002-09-19,IRN,Iran,PAR,Paraguay,1,1
2002-10-11,BIH,Bosnia and Herzegovina,GER,Germany,1,1
2002-10-12,POR,Portugal,TUN,Tunisia,1,1
2002-10-15,SCO,Scotland,CAN,Canada,3,1
2002-10-16,AUT,Austria,NED,Netherlands,0,3
2002-10-16,NOR,Norway,BIH,Bosnia and Herzegovina,2,0
2002-10-16,ESP,Spain,PAR,Paraguay,0,0
2002-10-16,SWE,Sweden,POR,Portugal,2,3
2002-11-19,RSA,South Africa,SEN,Senegal,1,1
2002-11-20,AUT,Austria,NOR,Norway,0,1
2002-11-20,CZE,Czech Republic,SWE,Sweden,3,3
2002-11-20,GER,Germany,NED,Netherlands,1,3
2002-11-20,JPN,Japan,ARG,Argentina,0,2
2002-11-20,KOR,South Korea,BRA,Brazil,2,3
2002-11-20,POR,Portugal,SCO,Scotland,2,0
2002-11-20,QAT,Qatar,IRQ,Iraq,2,1
2002-11-20,TUN,Tunisia,EGY,Egypt,0,0
2002-11-22,HAI,Haiti,CUW,Curaçao,3,0
2002-12-22,EGY,Egypt,GHA,Ghana,0,0
2003-01-18,USA,United States,CAN,Canada,4,0
2003-02-04,MEX,Mexico,ARG,Argentina,0,1
2003-02-04,URU,Uruguay,IRN,Iran,1,1
2003-02-08,USA,United States,ARG,Argentina,0,1
2003-02-12,ALG,Algeria,BEL,Belgium,1,3
2003-02-12,ENG,England,AUS,Australia,1,3
2003-02-12,FRA,France,CZE,Czech Republic,0,2
2003-02-12,MEX,Mexico,COL,Colombia,0,0
2003-02-12,MAR,Morocco,SEN,Senegal,1,0
2003-02-12,NED,Netherlands,ARG,Argentina,1,0
2003-02-12,ESP,Spain,GER,Germany,3,1
2003-02-12,TUN,Tunisia,SWE,Sweden,1,0
2003-02-16,QAT,Qatar,SWE,Sweden,2,3
2003-03-19,EGY,Egypt,QAT,Qatar,6,0
2003-03-26,MEX,Mexico,PAR,Paraguay,1,1
2003-03-27,TUN,Tunisia,GHA,Ghana,2,2
2003-03-28,JPN,Japan,URU,Uruguay,2,2
2003-03-29,CRO,Croatia,BEL,Belgium,4,0
2003-03-29,KOR,South Korea,COL,Colombia,0,0
2003-03-29,NED,Netherlands,CZE,Czech Republic,1,1
2003-03-29,POR,Portugal,BRA,Brazil,2,1
2003-04-02,CZE,Czech Republic,AUT,Austria,4,0
2003-04-02,ENG,England,TUR,Turkey,2,0
2003-04-16,KOR,South Korea,JPN,Japan,0,1
2003-04-30,CZE,Czech Republic,TUR,Turkey,4,0
2003-04-30,FRA,France,EGY,Egypt,5,0
2003-04-30,MEX,Mexico,BRA,Brazil,0,0
2003-04-30,MAR,Morocco,CIV,Ivory Coast,0,1
2003-04-30,NED,Netherlands,POR,Portugal,1,1
2003-04-30,SCO,Scotland,AUT,Austria,0,2
2003-04-30,ESP,Spain,ECU,Ecuador,4,0
2003-04-30,SWE,Sweden,CRO,Croatia,1,2
2003-04-30,TUN,Tunisia,SEN,Senegal,1,0
2003-05-08,USA,United States,MEX,Mexico,0,0
2003-05-22,RSA,South Africa,ENG,England,1,2
2003-05-27,SCO,Scotland,NZL,New Zealand,1,1
2003-05-31,JPN,Japan,KOR,South Korea,0,1
2003-05-31,SEN,Senegal,CPV,Cape Verde,2,1
2003-06-01,GER,Germany,CAN,Canada,4,1
2003-06-06,POR,Portugal,PAR,Paraguay,0,0
2003-06-07,SCO,Scotland,GER,Germany,1,1
2003-06-08,COL,Colombia,ECU,Ecuador,0,0
2003-06-08,JPN,Japan,ARG,Argentina,1,4
2003-06-08,KOR,South Korea,URU,Uruguay,0,2
2003-06-08,USA,United States,NZL,New Zealand,2,1
2003-06-11,JPN,Japan,PAR,Paraguay,0,0
2003-06-11,KOR,South Korea,ARG,Argentina,0,1
2003-06-18,FRA,France,COL,Colombia,1,0
2003-06-18,NZL,New Zealand,JPN,Japan,0,3
2003-06-19,TUR,Turkey,USA,United States,2,1
2003-06-20,COL,Colombia,NZL,New Zealand,3,1
2003-06-20,FRA,France,JPN,Japan,2,1
2003-06-21,BRA,Brazil,USA,United States,1,0
2003-06-22,FRA,France,NZL,New Zealand,5,0
2003-06-22,JPN,Japan,COL,Colombia,0,1
2003-06-22,RSA,South Africa,CIV,Ivory Coast,2,1
2003-06-23,BRA,Brazil,TUR,Turkey,2,2
2003-06-26,FRA,France,TUR,Turkey,3,2
2003-06-28,COL,Colombia,TUR,Turkey,1,2
2003-07-06,USA,United States,PAR,Paraguay,2,0
2003-07-13,MEX,Mexico,BRA,Brazil,1,0
2003-07-16,ARG,Argentina,URU,Uruguay,2,2
2003-07-19,COL,Colombia,BRA,Brazil,0,2
2003-07-23,USA,United States,BRA,Brazil,1,2
2003-07-27,MEX,Mexico,BRA,Brazil,1,0
2003-08-13,IRN,Iran,IRQ,Iraq,0,1
2003-08-15,IRQ,Iraq,URU,Uruguay,2,5
2003-08-20,ARG,Argentina,URU,Uruguay,3,2
2003-08-20,BEL,Belgium,NED,Netherlands,1,1
2003-08-20,ENG,England,CRO,Croatia,3,1
2003-08-20,NOR,Norway,SCO,Scotland,0,0
2003-08-20,PAN,Panama,PAR,Paraguay,1,2
2003-08-20,SUI,Switzerland,FRA,France,0,2
2003-08-26,JOR,Jordan,IRQ,Iraq,2,1
2003-09-04,ALG,Algeria,QAT,Qatar,1,0
2003-09-05,IRN,Iran,JOR,Jordan,4,1
2003-09-06,BIH,Bosnia and Herzegovina,NOR,Norway,1,0
2003-09-06,NED,Netherlands,AUT,Austria,3,1
2003-09-06,POR,Portugal,ESP,Spain,0,3
2003-09-07,COL,Colombia,BRA,Brazil,1,2
2003-09-10,BEL,Belgium,CRO,Croatia,2,1
2003-09-10,BRA,Brazil,ECU,Ecuador,1,0
2003-09-10,CZE,Czech Republic,NED,Netherlands,3,1
2003-09-10,GER,Germany,SCO,Scotland,2,1
2003-09-10,JPN,Japan,SEN,Senegal,0,1
2003-09-10,NOR,Norway,POR,Portugal,0,1
2003-09-10,PAR,Paraguay,URU,Uruguay,4,1
2003-09-10,TUN,Tunisia,CIV,Ivory Coast,3,2
2003-09-26,JOR,Jordan,IRN,Iran,3,2
2003-10-08,TUN,Tunisia,JPN,Japan,0,1
2003-10-10,EGY,Egypt,SEN,Senegal,1,0
2003-10-11,AUT,Austria,CZE,Czech Republic,2,3
2003-10-11,TUN,Tunisia,MAR,Morocco,0,0
2003-10-11,TUR,Turkey,ENG,England,0,0
2003-10-12,IRN,Iran,NZL,New Zealand,3,0
2003-10-15,MEX,Mexico,URU,Uruguay,0,2
2003-11-15,CZE,Czech Republic,CAN,Canada,5,1
2003-11-15,EGY,Egypt,RSA,South Africa,2,1
2003-11-15,GER,Germany,FRA,France,0,3
2003-11-15,PAR,Paraguay,ECU,Ecuador,2,1
2003-11-15,SCO,Scotland,NED,Netherlands,1,0
2003-11-15,SEN,Senegal,CIV,Ivory Coast,1,0
2003-11-15,ESP,Spain,NOR,Norway,2,1
2003-11-18,EGY,Egypt,SWE,Sweden,1,0
2003-11-19,BRA,Brazil,URU,Uruguay,3,3
2003-11-19,COL,Colombia,ARG,Argentina,1,1
2003-11-19,NED,Netherlands,SCO,Scotland,6,0
2003-11-19,NOR,Norway,ESP,Spain,0,3
2003-11-19,TUN,Tunisia,RSA,South Africa,2,0
2003-12-10,JPN,Japan,KOR,South Korea,0,0
2003-12-18,EGY,Egypt,IRQ,Iraq,2,0
2003-12-21,QAT,Qatar,IRQ,Iraq,0,0
2003-12-29,KSA,Saudi Arabia,QAT,Qatar,0,0
2004-01-14,EGY,Egypt,COD,DR Congo,2,2
2004-01-18,SEN,Senegal,RSA,South Africa,2,1
2004-01-22,SWE,Sweden,NOR,Norway,0,3
2004-01-28,TUN,Tunisia,COD,DR Congo,3,0
2004-01-29,ALG,Algeria,EGY,Egypt,2,1
2004-02-04,MAR,Morocco,RSA,South Africa,1,1
2004-02-07,TUN,Tunisia,SEN,Senegal,1,0
2004-02-08,MAR,Morocco,ALG,Algeria,3,1
2004-02-12,JPN,Japan,IRQ,Iraq,2,0
2004-02-14,TUN,Tunisia,MAR,Morocco,2,1
2004-02-18,BEL,Belgium,FRA,France,0,2
2004-02-18,CRO,Croatia,GER,Germany,1,2
2004-02-18,IRN,Iran,QAT,Qatar,3,1
2004-02-18,MAR,Morocco,SUI,Switzerland,2,1
2004-02-18,NED,Netherlands,USA,United States,1,0
2004-02-18,POR,Portugal,ENG,England,1,1
2004-02-18,UZB,Uzbekistan,IRQ,Iraq,1,1
2004-03-10,MEX,Mexico,ECU,Ecuador,2,1
2004-03-13,USA,United States,HAI,Haiti,1,1
2004-03-30,ARG,Argentina,ECU,Ecuador,1,0
2004-03-30,AUS,Australia,RSA,South Africa,1,0
2004-03-31,CRO,Croatia,TUR,Turkey,2,2
2004-03-31,GER,Germany,BEL,Belgium,3,0
2004-03-31,JOR,Jordan,QAT,Qatar,1,0
2004-03-31,NED,Netherlands,FRA,France,0,0
2004-03-31,PAR,Paraguay,BRA,Brazil,0,0
2004-03-31,SWE,Sweden,ENG,England,1,0
2004-03-31,TUN,Tunisia,CIV,Ivory Coast,0,2
2004-04-28,BEL,Belgium,TUR,Turkey,2,3
2004-04-28,CZE,Czech Republic,JPN,Japan,0,1
2004-04-28,KOR,South Korea,PAR,Paraguay,0,0
2004-04-28,MAR,Morocco,ARG,Argentina,0,1
2004-04-28,POR,Portugal,SWE,Sweden,2,2
2004-04-28,USA,United States,MEX,Mexico,1,0
2004-05-20,FRA,France,BRA,Brazil,0,0
2004-05-21,AUS,Australia,TUR,Turkey,1,3
2004-05-24,AUS,Australia,TUR,Turkey,0,1
2004-05-29,AUS,Australia,NZL,New Zealand,1,0
2004-05-29,NED,Netherlands,BEL,Belgium,0,1
2004-05-30,ALG,Algeria,JOR,Jordan,1,1
2004-06-01,ENG,England,JPN,Japan,1,1
2004-06-02,BRA,Brazil,ARG,Argentina,3,1
2004-06-02,ECU,Ecuador,COL,Colombia,2,1
2004-06-02,KOR,South Korea,TUR,Turkey,0,1
2004-06-02,SUI,Switzerland,GER,Germany,0,2
2004-06-05,KOR,South Korea,TUR,Turkey,2,1
2004-06-05,RSA,South Africa,CPV,Cape Verde,2,1
2004-06-06,ARG,Argentina,PAR,Paraguay,0,0
2004-06-06,COL,Colombia,URU,Uruguay,5,0
2004-06-09,IRN,Iran,JOR,Jordan,0,1
2004-06-13,CPV,Cape Verde,SEN,Senegal,1,3
2004-06-13,FRA,France,ENG,England,2,1
2004-06-13,SUI,Switzerland,CRO,Croatia,0,0
2004-06-15,GER,Germany,NED,Netherlands,1,1
2004-06-17,CRO,Croatia,FRA,France,2,2
2004-06-17,ENG,England,SUI,Switzerland,3,0
2004-06-19,NED,Netherlands,CZE,Czech Republic,2,3
2004-06-20,EGY,Egypt,CIV,Ivory Coast,1,2
2004-06-20,GHA,Ghana,RSA,South Africa,3,0
2004-06-20,POR,Portugal,ESP,Spain,1,0
2004-06-21,CRO,Croatia,ENG,England,2,4
2004-06-21,JOR,Jordan,IRQ,Iraq,2,0
2004-06-21,SUI,Switzerland,FRA,France,1,3
2004-06-23,GER,Germany,CZE,Czech Republic,1,2
2004-06-23,IRN,Iran,IRQ,Iraq,2,1
2004-06-24,POR,Portugal,ENG,England,2,2
2004-06-25,IRQ,Iraq,JOR,Jordan,1,3
2004-06-26,SWE,Sweden,NED,Netherlands,0,0
2004-06-27,ARG,Argentina,COL,Colombia,0,2
2004-06-30,POR,Portugal,NED,Netherlands,2,1
2004-07-03,CPV,Cape Verde,COD,DR Congo,1,1
2004-07-07,ARG,Argentina,ECU,Ecuador,6,1
2004-07-07,MEX,Mexico,URU,Uruguay,2,2
2004-07-10,ARG,Argentina,MEX,Mexico,0,1
2004-07-10,URU,Uruguay,ECU,Ecuador,2,1
2004-07-13,ARG,Argentina,URU,Uruguay,4,2
2004-07-13,MEX,Mexico,ECU,Ecuador,2,1
2004-07-14,BRA,Brazil,PAR,Paraguay,1,2
2004-07-18,IRQ,Iraq,UZB,Uzbekistan,0,1
2004-07-18,MEX,Mexico,BRA,Brazil,0,4
2004-07-18,PAR,Paraguay,URU,Uruguay,1,3
2004-07-19,KOR,South Korea,JOR,Jordan,0,0
2004-07-20,ARG,Argentina,COL,Colombia,3,0
2004-07-21,URU,Uruguay,BRA,Brazil,1,1
2004-07-22,UZB,Uzbekistan,KSA,Saudi Arabia,1,0
2004-07-24,COL,Colombia,URU,Uruguay,1,2
2004-07-25,ARG,Argentina,BRA,Brazil,2,2
2004-07-26,KSA,Saudi Arabia,IRQ,Iraq,1,2
2004-07-28,JPN,Japan,IRN,Iran,0,0
2004-07-31,JPN,Japan,JOR,Jordan,1,1
2004-07-31,KOR,South Korea,IRN,Iran,3,4
2004-08-18,AUT,Austria,GER,Germany,1,3
2004-08-18,FRA,France,BIH,Bosnia and Herzegovina,1,1
2004-08-18,HAI,Haiti,BRA,Brazil,0,6
2004-08-18,JPN,Japan,ARG,Argentina,1,2
2004-08-18,NOR,Norway,BEL,Belgium,2,2
2004-08-18,SEN,Senegal,CIV,Ivory Coast,1,2
2004-08-18,SWE,Sweden,NED,Netherlands,2,2
2004-08-18,TUN,Tunisia,RSA,South Africa,0,2
2004-09-03,ESP,Spain,SCO,Scotland,1,1
2004-09-04,AUT,Austria,ENG,England,2,2
2004-09-04,MAR,Morocco,TUN,Tunisia,1,1
2004-09-05,COD,DR Congo,RSA,South Africa,1,0
2004-09-05,GHA,Ghana,CPV,Cape Verde,2,0
2004-09-05,URU,Uruguay,ECU,Ecuador,1,0
2004-09-08,BIH,Bosnia and Herzegovina,ESP,Spain,1,1
2004-09-08,GER,Germany,BRA,Brazil,1,1
2004-09-08,JOR,Jordan,IRN,Iran,0,2
2004-09-08,NED,Netherlands,CZE,Czech Republic,2,0
2004-09-08,PAN,Panama,USA,United States,1,1
2004-09-08,SWE,Sweden,CRO,Croatia,0,1
2004-10-09,ARG,Argentina,URU,Uruguay,4,2
2004-10-09,COL,Colombia,PAR,Paraguay,1,1
2004-10-09,IRN,Iran,GER,Germany,0,2
2004-10-09,SCO,Scotland,NOR,Norway,0,1
2004-10-09,ESP,Spain,BEL,Belgium,2,0
2004-10-10,GHA,Ghana,COD,DR Congo,0,0
2004-10-13,BRA,Brazil,COL,Colombia,0,0
2004-10-13,IRQ,Iraq,UZB,Uzbekistan,1,2
2004-10-13,QAT,Qatar,IRN,Iran,2,3
2004-10-13,USA,United States,PAN,Panama,6,0
2004-10-20,ECU,Ecuador,JOR,Jordan,0,3
2004-10-27,MEX,Mexico,ECU,Ecuador,2,1
2004-11-16,AUS,Australia,NOR,Norway,2,2
2004-11-17,ALG,Algeria,SEN,Senegal,1,2
2004-11-17,ECU,Ecuador,BRA,Brazil,1,0
2004-11-17,QAT,Qatar,JOR,Jordan,2,0
2004-11-17,SCO,Scotland,SWE,Sweden,1,4
2004-11-17,ESP,Spain,ENG,England,1,0
2004-11-17,URU,Uruguay,PAR,Paraguay,1,0
2004-12-13,QAT,Qatar,IRQ,Iraq,3,3
2004-12-16,JPN,Japan,GER,Germany,0,3
2004-12-18,IRN,Iran,PAN,Panama,1,0
2004-12-19,KOR,South Korea,GER,Germany,3,1
2005-01-15,COL,Colombia,KOR,South Korea,2,1
2005-01-19,PAR,Paraguay,KOR,South Korea,1,1
2005-01-22,SWE,Sweden,KOR,South Korea,1,1
2005-01-26,ECU,Ecuador,PAN,Panama,2,0
2005-01-26,MEX,Mexico,SWE,Sweden,0,0
2005-01-28,JOR,Jordan,NOR,Norway,0,0
2005-01-29,ECU,Ecuador,PAN,Panama,2,0
2005-02-02,IRN,Iran,BIH,Bosnia and Herzegovina,2,1
2005-02-04,KOR,South Korea,EGY,Egypt,0,1
2005-02-08,CIV,Ivory Coast,COD,DR Congo,2,2
2005-02-09,EGY,Egypt,BEL,Belgium,4,0
2005-02-09,ENG,England,NED,Netherlands,0,0
2005-02-09,FRA,France,SWE,Sweden,1,1
2005-02-09,GER,Germany,ARG,Argentina,2,2
2005-02-09,RSA,South Africa,AUS,Australia,1,1
2005-02-09,UZB,Uzbekistan,KSA,Saudi Arabia,1,1
2005-02-23,MEX,Mexico,COL,Colombia,1,1
2005-03-09,MEX,Mexico,ARG,Argentina,1,1
2005-03-09,USA,United States,COL,Colombia,3,0
2005-03-14,KSA,Saudi Arabia,EGY,Egypt,0,1
2005-03-25,IRN,Iran,JPN,Japan,2,1
2005-03-25,KSA,Saudi Arabia,KOR,South Korea,2,0
2005-03-26,AUS,Australia,IRQ,Iraq,2,1
2005-03-26,BEL,Belgium,BIH,Bosnia and Herzegovina,4,1
2005-03-26,FRA,France,SUI,Switzerland,0,0
2005-03-26,POR,Portugal,CAN,Canada,4,1
2005-03-27,COD,DR Congo,GHA,Ghana,1,1
2005-03-27,ECU,Ecuador,PAR,Paraguay,5,2
2005-03-27,MEX,Mexico,USA,United States,2,1
2005-03-30,ARG,Argentina,COL,Colombia,1,0
2005-03-30,KOR,South Korea,UZB,Uzbekistan,2,1
2005-03-30,PAN,Panama,MEX,Mexico,1,1
2005-03-30,URU,Uruguay,BRA,Brazil,1,1
2005-05-04,ECU,Ecuador,PAR,Paraguay,1,0
2005-05-28,USA,United States,ENG,England,1,2
2005-05-31,COL,Colombia,ENG,England,2,3
2005-06-03,UZB,Uzbekistan,KOR,South Korea,1,1
2005-06-04,CPV,Cape Verde,RSA,South Africa,1,2
2005-06-04,ECU,Ecuador,ARG,Argentina,2,0
2005-06-05,BRA,Brazil,PAR,Paraguay,4,1
2005-06-08,ARG,Argentina,BRA,Brazil,3,1
2005-06-08,COL,Colombia,ECU,Ecuador,3,0
2005-06-08,JOR,Jordan,IRQ,Iraq,0,1
2005-06-08,PAN,Panama,USA,United States,0,3
2005-06-08,KSA,Saudi Arabia,UZB,Uzbekistan,3,0
2005-06-08,ESP,Spain,BIH,Bosnia and Herzegovina,1,1
2005-06-08,SWE,Sweden,NOR,Norway,2,3
2005-06-09,AUS,Australia,NZL,New Zealand,1,0
2005-06-15,ARG,Argentina,TUN,Tunisia,2,1
2005-06-15,GER,Germany,AUS,Australia,4,3
2005-06-16,JPN,Japan,MEX,Mexico,1,2
2005-06-18,AUS,Australia,ARG,Argentina,2,4
2005-06-18,GER,Germany,TUN,Tunisia,3,0
2005-06-18,RSA,South Africa,GHA,Ghana,0,2
2005-06-19,CIV,Ivory Coast,EGY,Egypt,2,0
2005-06-19,MEX,Mexico,BRA,Brazil,1,0
2005-06-21,AUS,Australia,TUN,Tunisia,0,2
2005-06-21,GER,Germany,ARG,Argentina,2,2
2005-06-22,JPN,Japan,BRA,Brazil,2,2
2005-06-25,GER,Germany,BRA,Brazil,2,3
2005-06-26,MEX,Mexico,ARG,Argentina,1,1
2005-06-29,BRA,Brazil,ARG,Argentina,4,1
2005-06-29,GER,Germany,MEX,Mexico,4,3
2005-07-06,COL,Colombia,PAN,Panama,0,1
2005-07-08,RSA,South Africa,MEX,Mexico,2,1
2005-07-09,USA,United States,CAN,Canada,2,0
2005-07-17,MEX,Mexico,COL,Colombia,1,2
2005-07-17,RSA,South Africa,PAN,Panama,1,1
2005-07-21,COL,Colombia,PAN,Panama,2,3
2005-07-24,USA,United States,PAN,Panama,0,0
2005-08-07,KOR,South Korea,JPN,Japan,0,1
2005-08-17,AUT,Austria,SCO,Scotland,2,2
2005-08-17,CRO,Croatia,BRA,Brazil,1,1
2005-08-17,FRA,France,CIV,Ivory Coast,3,0
2005-08-17,JPN,Japan,IRN,Iran,2,1
2005-08-17,KOR,South Korea,KSA,Saudi Arabia,0,1
2005-08-17,NED,Netherlands,GER,Germany,2,2
2005-08-17,NOR,Norway,SUI,Switzerland,0,2
2005-08-17,POR,Portugal,EGY,Egypt,2,0
2005-08-17,SEN,Senegal,GHA,Ghana,0,0
2005-08-17,ESP,Spain,URU,Uruguay,2,0
2005-08-17,SWE,Sweden,CZE,Czech Republic,2,1
2005-09-03,BIH,Bosnia and Herzegovina,BEL,Belgium,1,0
2005-09-03,PAR,Paraguay,ARG,Argentina,1,0
2005-09-03,ESP,Spain,CAN,Canada,2,1
2005-09-03,USA,United States,MEX,Mexico,2,0
2005-09-04,COD,DR Congo,CPV,Cape Verde,2,1
2005-09-04,URU,Uruguay,COL,Colombia,3,2
2005-09-07,GER,Germany,RSA,South Africa,4,2
2005-09-07,MEX,Mexico,PAN,Panama,5,0
2005-09-07,NOR,Norway,SCO,Scotland,1,2
2005-10-08,BEL,Belgium,ESP,Spain,0,2
2005-10-08,CPV,Cape Verde,GHA,Ghana,0,4
2005-10-08,CRO,Croatia,SWE,Sweden,1,0
2005-10-08,CZE,Czech Republic,NED,Netherlands,0,2
2005-10-08,ECU,Ecuador,URU,Uruguay,0,0
2005-10-08,ENG,England,AUT,Austria,1,0
2005-10-08,RSA,South Africa,COD,DR Congo,2,2
2005-10-08,SUI,Switzerland,FRA,France,1,1
2005-10-08,TUN,Tunisia,MAR,Morocco,2,2
2005-10-08,TUR,Turkey,GER,Germany,2,1
2005-10-11,QAT,Qatar,IRQ,Iraq,0,0
2005-10-12,KOR,South Korea,IRN,Iran,2,0
2005-10-12,PAR,Paraguay,COL,Colombia,0,1
2005-10-12,URU,Uruguay,ARG,Argentina,1,0
2005-10-12,USA,United States,PAN,Panama,2,0
2005-10-26,MEX,Mexico,URU,Uruguay,3,1
2005-11-11,COD,DR Congo,TUN,Tunisia,2,2
2005-11-12,ENG,England,ARG,Argentina,3,2
2005-11-12,FRA,France,GER,Germany,0,0
2005-11-12,KOR,South Korea,SWE,Sweden,2,2
2005-11-12,NOR,Norway,CZE,Czech Republic,0,1
2005-11-12,POR,Portugal,CRO,Croatia,2,0
2005-11-12,SCO,Scotland,USA,United States,1,1
2005-11-12,RSA,South Africa,SEN,Senegal,2,3
2005-11-12,SUI,Switzerland,TUR,Turkey,2,0
2005-11-12,URU,Uruguay,AUS,Australia,1,0
2005-11-14,KSA,Saudi Arabia,GHA,Ghana,1,3
2005-11-16,AUS,Australia,URU,Uruguay,1,0
2005-11-16,CZE,Czech Republic,NOR,Norway,1,0
2005-11-16,EGY,Egypt,TUN,Tunisia,1,2
2005-11-16,QAT,Qatar,ARG,Argentina,0,3
2005-11-16,TUR,Turkey,SUI,Switzerland,4,2
2005-12-05,IRQ,Iraq,KSA,Saudi Arabia,5,1
2005-12-08,IRQ,Iraq,KSA,Saudi Arabia,2,0
2005-12-27,ECU,Ecuador,SEN,Senegal,1,2
2005-12-29,EGY,Egypt,SEN,Senegal,4,2
2006-01-09,MAR,Morocco,COD,DR Congo,3,0
2006-01-14,EGY,Egypt,RSA,South Africa,1,2
2006-01-14,SEN,Senegal,COD,DR Congo,0,0
2006-01-15,TUN,Tunisia,GHA,Ghana,2,0
2006-01-17,CIV,Ivory Coast,JOR,Jordan,2,0
2006-01-18,KSA,Saudi Arabia,SWE,Sweden,1,1
2006-01-21,MAR,Morocco,CIV,Ivory Coast,0,1
2006-01-22,USA,United States,CAN,Canada,0,0
2006-01-23,JOR,Jordan,SWE,Sweden,0,0
2006-01-24,EGY,Egypt,MAR,Morocco,0,0
2006-01-25,MEX,Mexico,NOR,Norway,2,1
2006-01-26,TUN,Tunisia,RSA,South Africa,2,0
2006-01-27,GHA,Ghana,SEN,Senegal,1,0
2006-01-28,EGY,Egypt,CIV,Ivory Coast,3,1
2006-01-29,KOR,South Korea,CRO,Croatia,2,0
2006-01-29,USA,United States,NOR,Norway,5,0
2006-02-03,EGY,Egypt,COD,DR Congo,4,1
2006-02-07,EGY,Egypt,SEN,Senegal,2,1
2006-02-10,EGY,Egypt,CIV,Ivory Coast,0,0
2006-02-10,USA,United States,JPN,Japan,3,2
2006-02-15,MEX,Mexico,KOR,South Korea,0,1
2006-02-28,BIH,Bosnia and Herzegovina,JPN,Japan,2,2
2006-03-01,ARG,Argentina,CRO,Croatia,2,3
2006-03-01,AUT,Austria,CAN,Canada,0,2
2006-03-01,ENG,England,URU,Uruguay,2,1
2006-03-01,MEX,Mexico,GHA,Ghana,1,0
2006-03-01,NED,Netherlands,ECU,Ecuador,1,0
2006-03-01,QAT,Qatar,UZB,Uzbekistan,2,1
2006-03-01,KSA,Saudi Arabia,POR,Portugal,0,3
2006-03-01,SCO,Scotland,SUI,Switzerland,1,3
2006-03-01,SEN,Senegal,NOR,Norway,2,1
2006-03-01,ESP,Spain,CIV,Ivory Coast,3,2
2006-03-01,TUR,Turkey,CZE,Czech Republic,2,2
2006-03-15,KSA,Saudi Arabia,IRQ,Iraq,2,2
2006-03-22,GER,Germany,USA,United States,4,1
2006-03-29,MEX,Mexico,PAR,Paraguay,2,1
2006-03-30,JPN,Japan,ECU,Ecuador,1,0
2006-05-11,BEL,Belgium,KSA,Saudi Arabia,2,1
2006-05-12,MEX,Mexico,COD,DR Congo,2,1
2006-05-13,JPN,Japan,SCO,Scotland,0,0
2006-05-23,AUT,Austria,CRO,Croatia,1,4
2006-05-23,KOR,South Korea,SEN,Senegal,1,1
2006-05-23,USA,United States,MAR,Morocco,0,1
2006-05-24,BEL,Belgium,TUR,Turkey,3,3
2006-05-24,COL,Colombia,ECU,Ecuador,1,1
2006-05-24,NOR,Norway,PAR,Paraguay,2,2
2006-05-26,CZE,Czech Republic,KSA,Saudi Arabia,2,0
2006-05-26,KOR,South Korea,BIH,Bosnia and Herzegovina,2,0
2006-05-26,TUR,Turkey,GHA,Ghana,1,1
2006-05-27,FRA,France,MEX,Mexico,1,0
2006-05-27,POR,Portugal,CPV,Cape Verde,4,1
2006-05-27,SUI,Switzerland,CIV,Ivory Coast,1,1
2006-05-28,CRO,Croatia,IRN,Iran,2,2
2006-05-30,GER,Germany,JPN,Japan,2,2
2006-05-31,IRN,Iran,BIH,Bosnia and Herzegovina,5,2
2006-05-31,KSA,Saudi Arabia,TUR,Turkey,0,1
2006-06-01,NED,Netherlands,MEX,Mexico,2,1
2006-06-01,NOR,Norway,KOR,South Korea,0,0
2006-06-02,GER,Germany,COL,Colombia,3,0
2006-06-02,TUN,Tunisia,URU,Uruguay,0,0
2006-06-03,ESP,Spain,EGY,Egypt,2,0
2006-06-04,BRA,Brazil,NZL,New Zealand,4,0
2006-06-04,COL,Colombia,MAR,Morocco,2,0
2006-06-04,GHA,Ghana,KOR,South Korea,3,1
2006-06-04,NED,Netherlands,AUS,Australia,1,1
2006-06-07,ESP,Spain,CRO,Croatia,2,1
2006-06-10,ARG,Argentina,CIV,Ivory Coast,2,1
2006-06-10,ENG,England,PAR,Paraguay,1,0
2006-06-11,MEX,Mexico,IRN,Iran,3,1
2006-06-12,AUS,Australia,JPN,Japan,3,1
2006-06-12,USA,United States,CZE,Czech Republic,0,3
2006-06-13,BRA,Brazil,CRO,Croatia,1,0
2006-06-13,FRA,France,SUI,Switzerland,0,0
2006-06-14,TUN,Tunisia,KSA,Saudi Arabia,2,2
2006-06-15,SWE,Sweden,PAR,Paraguay,1,0
2006-06-16,NED,Netherlands,CIV,Ivory Coast,2,1
2006-06-17,CZE,Czech Republic,GHA,Ghana,0,2
2006-06-17,POR,Portugal,IRN,Iran,2,0
2006-06-18,BRA,Brazil,AUS,Australia,2,0
2006-06-18,FRA,France,KOR,South Korea,1,1
2006-06-18,JPN,Japan,CRO,Croatia,0,0
2006-06-19,ESP,Spain,TUN,Tunisia,3,1
2006-06-20,GER,Germany,ECU,Ecuador,3,0
2006-06-20,SWE,Sweden,ENG,England,2,2
2006-06-21,NED,Netherlands,ARG,Argentina,0,0
2006-06-21,POR,Portugal,MEX,Mexico,2,1
2006-06-22,CRO,Croatia,AUS,Australia,2,2
2006-06-22,GHA,Ghana,USA,United States,2,1
2006-06-22,JPN,Japan,BRA,Brazil,1,4
2006-06-23,KSA,Saudi Arabia,ESP,Spain,0,1
2006-06-23,SUI,Switzerland,KOR,South Korea,2,0
2006-06-24,ARG,Argentina,MEX,Mexico,2,1
2006-06-24,GER,Germany,SWE,Sweden,2,0
2006-06-25,ENG,England,ECU,Ecuador,1,0
2006-06-25,POR,Portugal,NED,Netherlands,1,0
2006-06-27,BRA,Brazil,GHA,Ghana,3,0
2006-06-27,ESP,Spain,FRA,France,1,3
2006-06-30,GER,Germany,ARG,Argentina,1,1
2006-07-01,BRA,Brazil,FRA,France,0,1
2006-07-01,ENG,England,POR,Portugal,0,0
2006-07-05,POR,Portugal,FRA,France,0,1
2006-07-08,GER,Germany,POR,Portugal,3,1
2006-07-21,JOR,Jordan,IRQ,Iraq,2,1
2006-08-09,JOR,Jordan,IRQ,Iraq,0,1
2006-08-16,BIH,Bosnia and Herzegovina,FRA,France,1,2
2006-08-16,EGY,Egypt,URU,Uruguay,0,2
2006-08-16,GER,Germany,SWE,Sweden,3,0
2006-08-16,CIV,Ivory Coast,SEN,Senegal,0,1
2006-08-16,NOR,Norway,BRA,Brazil,1,1
2006-09-02,KOR,South Korea,IRN,Iran,1,1
2006-09-03,ARG,Argentina,BRA,Brazil,0,3
2006-09-03,KSA,Saudi Arabia,JPN,Japan,1,0
2006-10-04,IRN,Iran,IRQ,Iraq,2,0
2006-10-04,JPN,Japan,GHA,Ghana,0,1
2006-10-06,JOR,Jordan,IRN,Iran,0,0
2006-10-07,AUS,Australia,PAR,Paraguay,1,1
2006-10-07,SCO,Scotland,FRA,France,1,0
2006-10-07,SWE,Sweden,ESP,Spain,2,0
2006-10-08,KOR,South Korea,GHA,Ghana,1,3
2006-10-10,BRA,Brazil,ECU,Ecuador,2,1
2006-10-11,AUT,Austria,SUI,Switzerland,2,1
2006-10-11,CRO,Croatia,ENG,England,2,0
2006-10-11,ESP,Spain,ARG,Argentina,2,1
2006-11-08,KSA,Saudi Arabia,JOR,Jordan,2,1
2006-11-14,AUS,Australia,GHA,Ghana,1,1
2006-11-15,EGY,Egypt,RSA,South Africa,1,0
2006-11-15,IRN,Iran,KOR,South Korea,2,0
2006-11-15,CIV,Ivory Coast,SWE,Sweden,1,0
2006-11-15,JPN,Japan,KSA,Saudi Arabia,3,1
2006-11-15,NED,Netherlands,ENG,England,1,1
2006-11-15,SUI,Switzerland,BRA,Brazil,1,2
2006-11-15,UZB,Uzbekistan,QAT,Qatar,2,0
2007-01-18,ECU,Ecuador,SWE,Sweden,2,1
2007-01-18,QAT,Qatar,IRQ,Iraq,0,1
2007-01-21,ECU,Ecuador,SWE,Sweden,1,1
2007-01-21,KSA,Saudi Arabia,QAT,Qatar,1,1
2007-01-24,KSA,Saudi Arabia,IRQ,Iraq,1,0
2007-02-06,POR,Portugal,BRA,Brazil,2,0
2007-02-07,BEL,Belgium,CZE,Czech Republic,0,2
2007-02-07,COL,Colombia,URU,Uruguay,1,3
2007-02-07,CRO,Croatia,NOR,Norway,2,1
2007-02-07,EGY,Egypt,SWE,Sweden,2,0
2007-02-07,ENG,England,ESP,Spain,0,1
2007-02-07,FRA,France,ARG,Argentina,0,1
2007-02-07,GER,Germany,SUI,Switzerland,3,1
2007-02-07,MAR,Morocco,TUN,Tunisia,1,1
2007-02-07,USA,United States,MEX,Mexico,2,0
2007-03-24,ALG,Algeria,CPV,Cape Verde,2,0
2007-03-24,AUT,Austria,GHA,Ghana,1,1
2007-03-24,CZE,Czech Republic,GER,Germany,1,2
2007-03-24,HAI,Haiti,PAN,Panama,3,0
2007-03-24,KOR,South Korea,URU,Uruguay,0,2
2007-03-24,NOR,Norway,BIH,Bosnia and Herzegovina,1,2
2007-03-24,POR,Portugal,BEL,Belgium,4,0
2007-03-24,QAT,Qatar,IRN,Iran,0,1
2007-03-25,COL,Colombia,SUI,Switzerland,3,1
2007-03-25,MEX,Mexico,PAR,Paraguay,2,1
2007-03-25,USA,United States,ECU,Ecuador,3,1
2007-03-27,BRA,Brazil,GHA,Ghana,1,0
2007-03-28,COL,Colombia,PAR,Paraguay,2,0
2007-03-28,FRA,France,AUT,Austria,1,0
2007-03-28,MEX,Mexico,ECU,Ecuador,4,2
2007-03-28,TUR,Turkey,NOR,Norway,2,2
2007-05-09,PAN,Panama,COL,Colombia,0,4
2007-05-30,AUT,Austria,SCO,Scotland,0,1
2007-06-01,ENG,England,BRA,Brazil,1,1
2007-06-02,AUS,Australia,URU,Uruguay,1,2
2007-06-02,AUT,Austria,PAR,Paraguay,0,0
2007-06-02,BEL,Belgium,POR,Portugal,1,2
2007-06-02,BIH,Bosnia and Herzegovina,TUR,Turkey,3,2
2007-06-02,CPV,Cape Verde,ALG,Algeria,2,2
2007-06-02,KOR,South Korea,NED,Netherlands,0,2
2007-06-02,MEX,Mexico,IRN,Iran,4,0
2007-06-02,SUI,Switzerland,ARG,Argentina,1,1
2007-06-05,ALG,Algeria,ARG,Argentina,3,4
2007-06-05,JPN,Japan,COL,Colombia,0,0
2007-06-05,MEX,Mexico,PAR,Paraguay,0,1
2007-06-05,TUR,Turkey,BRA,Brazil,0,0
2007-06-08,JOR,Jordan,IRQ,Iraq,1,1
2007-06-11,HAI,Haiti,CAN,Canada,0,2
2007-06-12,JOR,Jordan,IRQ,Iraq,0,0
2007-06-13,MEX,Mexico,PAN,Panama,1,0
2007-06-16,IRN,Iran,IRQ,Iraq,0,0
2007-06-16,USA,United States,PAN,Panama,2,1
2007-06-21,USA,United States,CAN,Canada,2,1
2007-06-22,JOR,Jordan,IRN,Iran,0,1
2007-06-23,COL,Colombia,ECU,Ecuador,3,1
2007-06-24,IRQ,Iraq,IRN,Iran,1,2
2007-06-24,USA,United States,MEX,Mexico,2,1
2007-06-27,BRA,Brazil,MEX,Mexico,0,2
2007-06-28,ARG,Argentina,USA,United States,4,1
2007-06-28,PAR,Paraguay,COL,Colombia,5,0
2007-06-29,KOR,South Korea,IRQ,Iraq,3,0
2007-07-01,MEX,Mexico,ECU,Ecuador,2,1
2007-07-02,ARG,Argentina,COL,Colombia,4,2
2007-07-02,IRQ,Iraq,UZB,Uzbekistan,0,2
2007-07-02,USA,United States,PAR,Paraguay,1,3
2007-07-04,BRA,Brazil,ECU,Ecuador,1,0
2007-07-05,ARG,Argentina,PAR,Paraguay,1,0
2007-07-05,COL,Colombia,USA,United States,1,0
2007-07-05,KOR,South Korea,UZB,Uzbekistan,2,1
2007-07-08,MEX,Mexico,PAR,Paraguay,6,0
2007-07-09,JPN,Japan,QAT,Qatar,1,1
2007-07-10,URU,Uruguay,BRA,Brazil,2,2
2007-07-11,IRN,Iran,UZB,Uzbekistan,2,1
2007-07-11,KOR,South Korea,KSA,Saudi Arabia,1,1
2007-07-11,MEX,Mexico,ARG,Argentina,0,3
2007-07-13,IRQ,Iraq,AUS,Australia,3,1
2007-07-14,MEX,Mexico,URU,Uruguay,3,1
2007-07-15,BRA,Brazil,ARG,Argentina,3,0
2007-07-21,JPN,Japan,AUS,Australia,1,1
2007-07-22,IRN,Iran,KOR,South Korea,0,0
2007-07-22,KSA,Saudi Arabia,UZB,Uzbekistan,2,1
2007-07-25,IRQ,Iraq,KOR,South Korea,0,0
2007-07-25,JPN,Japan,KSA,Saudi Arabia,2,3
2007-07-28,KOR,South Korea,JPN,Japan,0,0
2007-07-29,IRQ,Iraq,KSA,Saudi Arabia,1,0
2007-08-21,GHA,Ghana,SEN,Senegal,1,1
2007-08-22,ALG,Algeria,BRA,Brazil,0,2
2007-08-22,AUT,Austria,CZE,Czech Republic,1,1
2007-08-22,BIH,Bosnia and Herzegovina,CRO,Croatia,3,5
2007-08-22,ENG,England,GER,Germany,1,2
2007-08-22,CIV,Ivory Coast,EGY,Egypt,0,0
2007-08-22,MEX,Mexico,COL,Colombia,0,1
2007-08-22,NOR,Norway,ARG,Argentina,2,1
2007-08-22,SCO,Scotland,RSA,South Africa,1,0
2007-08-22,SWE,Sweden,USA,United States,1,0
2007-08-22,SUI,Switzerland,NED,Netherlands,2,1
2007-09-07,AUT,Austria,JPN,Japan,0,0
2007-09-08,MAR,Morocco,GHA,Ghana,0,2
2007-09-09,MEX,Mexico,PAN,Panama,1,0
2007-09-09,USA,United States,BRA,Brazil,2,4
2007-09-11,AUS,Australia,ARG,Argentina,0,1
2007-09-11,KSA,Saudi Arabia,GHA,Ghana,5,0
2007-09-11,SUI,Switzerland,JPN,Japan,3,4
2007-09-12,COL,Colombia,PAR,Paraguay,1,0
2007-09-12,FRA,France,SCO,Scotland,0,1
2007-09-12,MEX,Mexico,BRA,Brazil,1,3
2007-09-12,RSA,South Africa,URU,Uruguay,0,0
2007-10-13,SUI,Switzerland,AUT,Austria,3,1
2007-10-14,COL,Colombia,BRA,Brazil,0,0
2007-10-16,QAT,Qatar,IRQ,Iraq,3,2
2007-10-17,AUT,Austria,CIV,Ivory Coast,3,2
2007-10-17,BIH,Bosnia and Herzegovina,NOR,Norway,0,2
2007-10-17,BRA,Brazil,ECU,Ecuador,5,0
2007-10-17,GER,Germany,CZE,Czech Republic,0,3
2007-10-17,JPN,Japan,EGY,Egypt,4,1
2007-10-17,PAR,Paraguay,URU,Uruguay,1,0
2007-10-17,SUI,Switzerland,USA,United States,0,1
2007-11-16,AUT,Austria,ENG,England,0,1
2007-11-16,FRA,France,MAR,Morocco,2,2
2007-11-17,NOR,Norway,TUR,Turkey,1,2
2007-11-17,PAR,Paraguay,ECU,Ecuador,5,1
2007-11-17,RSA,South Africa,USA,United States,0,1
2007-11-17,ESP,Spain,SWE,Sweden,3,0
2007-11-20,COL,Colombia,ARG,Argentina,2,1
2007-11-20,RSA,South Africa,CAN,Canada,2,0
2007-11-21,AUT,Austria,TUN,Tunisia,0,0
2007-11-21,BRA,Brazil,URU,Uruguay,2,1
2007-11-21,ENG,England,CRO,Croatia,2,3
2007-11-21,MAR,Morocco,SEN,Senegal,3,0
2007-11-21,QAT,Qatar,CIV,Ivory Coast,1,6
2007-11-21,TUR,Turkey,BIH,Bosnia and Herzegovina,1,0
2008-01-10,QAT,Qatar,IRN,Iran,0,0
2008-01-19,USA,United States,SWE,Sweden,2,0
2008-01-23,TUN,Tunisia,SEN,Senegal,2,2
2008-01-24,IRQ,Iraq,JOR,Jordan,1,1
2008-01-27,TUN,Tunisia,RSA,South Africa,3,1
2008-01-28,GHA,Ghana,MAR,Morocco,2,0
2008-01-30,JPN,Japan,BIH,Bosnia and Herzegovina,3,0
2008-01-31,SEN,Senegal,RSA,South Africa,1,1
2008-02-06,AUS,Australia,QAT,Qatar,3,0
2008-02-06,AUT,Austria,GER,Germany,0,3
2008-02-06,CRO,Croatia,NED,Netherlands,0,3
2008-02-06,ENG,England,SUI,Switzerland,2,1
2008-02-06,ESP,Spain,FRA,France,1,0
2008-02-06,TUR,Turkey,SWE,Sweden,0,0
2008-02-06,URU,Uruguay,COL,Colombia,2,2
2008-02-06,USA,United States,MEX,Mexico,2,2
2008-02-07,CIV,Ivory Coast,EGY,Egypt,1,4
2008-02-09,GHA,Ghana,CIV,Ivory Coast,4,2
2008-02-23,JPN,Japan,KOR,South Korea,1,1
2008-03-16,QAT,Qatar,JOR,Jordan,2,1
2008-03-22,UZB,Uzbekistan,JOR,Jordan,4,1
2008-03-26,ALG,Algeria,COD,DR Congo,1,1
2008-03-26,AUT,Austria,NED,Netherlands,3,4
2008-03-26,BEL,Belgium,MAR,Morocco,1,4
2008-03-26,BRA,Brazil,SWE,Sweden,1,0
2008-03-26,ECU,Ecuador,HAI,Haiti,3,1
2008-03-26,EGY,Egypt,ARG,Argentina,0,2
2008-03-26,FRA,France,ENG,England,1,0
2008-03-26,GHA,Ghana,MEX,Mexico,1,2
2008-03-26,CIV,Ivory Coast,TUN,Tunisia,0,2
2008-03-26,QAT,Qatar,IRQ,Iraq,2,0
2008-03-26,SCO,Scotland,CRO,Croatia,1,1
2008-03-26,RSA,South Africa,PAR,Paraguay,3,0
2008-03-26,SUI,Switzerland,GER,Germany,0,4
2008-03-26,UZB,Uzbekistan,KSA,Saudi Arabia,3,0
2008-05-22,CIV,Ivory Coast,PAR,Paraguay,1,1
2008-05-23,AUS,Australia,GHA,Ghana,1,0
2008-05-24,JPN,Japan,CIV,Ivory Coast,1,0
2008-05-25,TUR,Turkey,URU,Uruguay,2,3
2008-05-27,FRA,France,ECU,Ecuador,2,0
2008-05-27,JPN,Japan,PAR,Paraguay,0,0
2008-05-28,ENG,England,USA,United States,2,0
2008-05-28,NOR,Norway,URU,Uruguay,2,2
2008-05-30,CZE,Czech Republic,SCO,Scotland,3,1
2008-05-31,BRA,Brazil,CAN,Canada,3,2
2008-05-31,FRA,France,PAR,Paraguay,0,0
2008-05-31,KOR,South Korea,JOR,Jordan,2,2
2008-05-31,SEN,Senegal,ALG,Algeria,1,0
2008-06-01,AUS,Australia,IRQ,Iraq,1,0
2008-06-01,EGY,Egypt,COD,DR Congo,2,1
2008-06-03,FRA,France,COL,Colombia,1,0
2008-06-04,MEX,Mexico,ARG,Argentina,1,4
2008-06-04,PAN,Panama,CAN,Canada,2,2
2008-06-04,ESP,Spain,USA,United States,1,0
2008-06-07,IRQ,Iraq,AUS,Australia,1,0
2008-06-07,JOR,Jordan,KOR,South Korea,0,1
2008-06-07,POR,Portugal,TUR,Turkey,2,0
2008-06-07,SUI,Switzerland,CZE,Czech Republic,0,1
2008-06-08,AUT,Austria,CRO,Croatia,0,1
2008-06-08,USA,United States,ARG,Argentina,0,0
2008-06-11,CZE,Czech Republic,POR,Portugal,1,3
2008-06-11,SUI,Switzerland,TUR,Turkey,1,2
2008-06-12,CRO,Croatia,GER,Germany,2,1
2008-06-13,NED,Netherlands,FRA,France,4,1
2008-06-14,QAT,Qatar,AUS,Australia,1,3
2008-06-14,SWE,Sweden,ESP,Spain,1,2
2008-06-15,ARG,Argentina,ECU,Ecuador,1,1
2008-06-15,HAI,Haiti,CUW,Curaçao,0,0
2008-06-15,PAR,Paraguay,BRA,Brazil,2,0
2008-06-15,SUI,Switzerland,POR,Portugal,2,0
2008-06-15,TUR,Turkey,CZE,Czech Republic,3,2
2008-06-16,AUT,Austria,GER,Germany,0,1
2008-06-18,ECU,Ecuador,COL,Colombia,0,0
2008-06-18,BRA,Brazil,ARG,Argentina,0,0
2008-06-19,POR,Portugal,GER,Germany,2,3
2008-06-20,CRO,Croatia,TUR,Turkey,1,1
2008-06-22,CUW,Curaçao,HAI,Haiti,0,1
2008-06-22,IRQ,Iraq,QAT,Qatar,0,1
2008-06-22,KSA,Saudi Arabia,UZB,Uzbekistan,4,0
2008-06-25,GER,Germany,TUR,Turkey,3,2
2008-06-29,GER,Germany,ESP,Spain,0,1
2008-08-11,IRN,Iran,QAT,Qatar,6,1
2008-08-13,JOR,Jordan,QAT,Qatar,3,0
2008-08-15,IRN,Iran,JOR,Jordan,2,1
2008-08-19,AUS,Australia,RSA,South Africa,2,2
2008-08-20,COL,Colombia,ECU,Ecuador,0,1
2008-08-20,ENG,England,CZE,Czech Republic,2,2
2008-08-20,GER,Germany,BEL,Belgium,2,0
2008-08-20,JPN,Japan,URU,Uruguay,1,3
2008-08-20,KSA,Saudi Arabia,PAR,Paraguay,1,1
2008-08-20,SWE,Sweden,FRA,France,2,3
2008-08-30,KSA,Saudi Arabia,QAT,Qatar,2,1
2008-09-05,ALG,Algeria,SEN,Senegal,3,2
2008-09-05,KOR,South Korea,JOR,Jordan,1,0
2008-09-06,ARG,Argentina,PAR,Paraguay,1,1
2008-09-06,AUT,Austria,FRA,France,3,1
2008-09-06,COL,Colombia,URU,Uruguay,0,1
2008-09-06,NED,Netherlands,AUS,Australia,1,2
2008-09-06,QAT,Qatar,UZB,Uzbekistan,3,0
2008-09-06,KSA,Saudi Arabia,IRN,Iran,1,1
2008-09-06,ESP,Spain,BIH,Bosnia and Herzegovina,1,0
2008-09-07,COD,DR Congo,EGY,Egypt,0,1
2008-09-10,CRO,Croatia,ENG,England,1,4
2008-09-10,MEX,Mexico,CAN,Canada,2,1
2008-09-10,TUR,Turkey,BEL,Belgium,1,1
2008-09-10,URU,Uruguay,ECU,Ecuador,0,0
2008-09-10,UZB,Uzbekistan,AUS,Australia,0,1
2008-10-11,ARG,Argentina,URU,Uruguay,2,1
2008-10-11,COL,Colombia,PAR,Paraguay,0,1
2008-10-11,KOR,South Korea,UZB,Uzbekistan,3,0
2008-10-11,SCO,Scotland,NOR,Norway,0,0
2008-10-11,SWE,Sweden,POR,Portugal,0,0
2008-10-11,TUR,Turkey,BIH,Bosnia and Herzegovina,2,1
2008-10-14,FRA,France,TUN,Tunisia,3,1
2008-10-15,AUS,Australia,QAT,Qatar,4,0
2008-10-15,BEL,Belgium,ESP,Spain,1,2
2008-10-15,BRA,Brazil,COL,Colombia,0,0
2008-10-15,CAN,Canada,MEX,Mexico,2,2
2008-10-15,JPN,Japan,UZB,Uzbekistan,1,1
2008-10-15,NOR,Norway,NED,Netherlands,0,1
2008-10-15,RSA,South Africa,GHA,Ghana,2,1
2008-11-09,QAT,Qatar,IRN,Iran,0,1
2008-11-12,MEX,Mexico,ECU,Ecuador,2,1
2008-11-19,AUT,Austria,TUR,Turkey,2,4
2008-11-19,BRA,Brazil,POR,Portugal,6,2
2008-11-19,FRA,France,URU,Uruguay,0,0
2008-11-19,GER,Germany,ENG,England,1,2
2008-11-19,GHA,Ghana,TUN,Tunisia,0,0
2008-11-19,NED,Netherlands,SWE,Sweden,3,1
2008-11-19,QAT,Qatar,JPN,Japan,0,3
2008-11-19,KSA,Saudi Arabia,KOR,South Korea,0,2
2008-11-19,SCO,Scotland,ARG,Argentina,0,1
2008-12-17,IRN,Iran,ECU,Ecuador,0,1
2009-01-05,KSA,Saudi Arabia,QAT,Qatar,0,0
2009-01-24,USA,United States,SWE,Sweden,3,2
2009-01-28,MEX,Mexico,SWE,Sweden,0,1
2009-02-11,AUT,Austria,SWE,Sweden,0,2
2009-02-11,COL,Colombia,HAI,Haiti,2,0
2009-02-11,EGY,Egypt,GHA,Ghana,2,2
2009-02-11,FRA,France,ARG,Argentina,0,2
2009-02-11,GER,Germany,NOR,Norway,0,1
2009-02-11,IRN,Iran,KOR,South Korea,1,1
2009-02-11,JPN,Japan,AUS,Australia,0,0
2009-02-11,MAR,Morocco,CZE,Czech Republic,0,0
2009-02-11,ESP,Spain,ENG,England,2,0
2009-02-11,TUN,Tunisia,NED,Netherlands,1,1
2009-02-11,TUR,Turkey,CIV,Ivory Coast,1,1
2009-02-11,USA,United States,MEX,Mexico,2,0
2009-03-22,KSA,Saudi Arabia,IRQ,Iraq,0,0
2009-03-28,BEL,Belgium,BIH,Bosnia and Herzegovina,2,4
2009-03-28,IRN,Iran,KSA,Saudi Arabia,1,2
2009-03-28,KOR,South Korea,IRQ,Iraq,2,1
2009-03-28,NED,Netherlands,SCO,Scotland,3,0
2009-03-28,POR,Portugal,SWE,Sweden,0,0
2009-03-28,RSA,South Africa,NOR,Norway,2,1
2009-03-28,ESP,Spain,TUR,Turkey,1,0
2009-03-28,URU,Uruguay,PAR,Paraguay,2,0
2009-03-28,UZB,Uzbekistan,QAT,Qatar,4,0
2009-03-29,ECU,Ecuador,BRA,Brazil,1,1
2009-03-31,PAN,Panama,HAI,Haiti,4,0
2009-03-31,POR,Portugal,RSA,South Africa,2,0
2009-04-01,AUS,Australia,UZB,Uzbekistan,2,0
2009-04-01,BIH,Bosnia and Herzegovina,BEL,Belgium,2,1
2009-04-01,IRN,Iran,SEN,Senegal,1,1
2009-04-01,TUR,Turkey,ESP,Spain,1,2
2009-04-01,ECU,Ecuador,PAR,Paraguay,1,1
2009-05-20,ARG,Argentina,PAN,Panama,3,1
2009-05-26,QAT,Qatar,KSA,Saudi Arabia,2,1
2009-05-31,JPN,Japan,BEL,Belgium,4,0
2009-05-31,QAT,Qatar,IRQ,Iraq,1,0
2009-06-01,UZB,Uzbekistan,BIH,Bosnia and Herzegovina,0,0
2009-06-05,FRA,France,TUR,Turkey,1,0
2009-06-06,ARG,Argentina,COL,Colombia,1,0
2009-06-06,QAT,Qatar,AUS,Australia,0,0
2009-06-06,URU,Uruguay,BRA,Brazil,0,4
2009-06-06,UZB,Uzbekistan,JPN,Japan,0,1
2009-06-07,ALG,Algeria,EGY,Egypt,3,1
2009-06-10,BRA,Brazil,PAR,Paraguay,2,1
2009-06-10,ECU,Ecuador,ARG,Argentina,2,0
2009-06-10,JPN,Japan,QAT,Qatar,1,1
2009-06-10,KOR,South Korea,KSA,Saudi Arabia,0,0
2009-06-10,NED,Netherlands,NOR,Norway,2,0
2009-06-14,NZL,New Zealand,ESP,Spain,0,5
2009-06-14,RSA,South Africa,IRQ,Iraq,0,0
2009-06-15,BRA,Brazil,EGY,Egypt,4,3
2009-06-17,AUS,Australia,JPN,Japan,2,1
2009-06-17,KOR,South Korea,IRN,Iran,1,1
2009-06-17,RSA,South Africa,NZL,New Zealand,2,0
2009-06-17,ESP,Spain,IRQ,Iraq,1,0
2009-06-18,USA,United States,BRA,Brazil,0,3
2009-06-19,HAI,Haiti,PAN,Panama,1,1
2009-06-20,IRQ,Iraq,NZL,New Zealand,0,0
2009-06-20,RSA,South Africa,ESP,Spain,0,2
2009-06-21,EGY,Egypt,USA,United States,0,3
2009-06-24,ESP,Spain,USA,United States,0,2
2009-06-25,RSA,South Africa,BRA,Brazil,0,1
2009-06-28,RSA,South Africa,ESP,Spain,2,3
2009-06-28,USA,United States,BRA,Brazil,2,3
2009-07-09,MEX,Mexico,PAN,Panama,1,1
2009-07-11,USA,United States,HAI,Haiti,2,2
2009-07-18,USA,United States,PAN,Panama,2,1
2009-07-19,MEX,Mexico,HAI,Haiti,4,0
2009-07-26,USA,United States,MEX,Mexico,0,5
2009-08-12,ALG,Algeria,URU,Uruguay,1,0
2009-08-12,BIH,Bosnia and Herzegovina,IRN,Iran,2,3
2009-08-12,COD,DR Congo,SEN,Senegal,1,2
2009-08-12,CZE,Czech Republic,BEL,Belgium,3,1
2009-08-12,KOR,South Korea,PAR,Paraguay,1,0
2009-08-12,MEX,Mexico,USA,United States,2,1
2009-08-12,NED,Netherlands,ENG,England,2,2
2009-08-12,NOR,Norway,SCO,Scotland,4,0
2009-08-12,TUN,Tunisia,CIV,Ivory Coast,0,0
2009-09-05,ARG,Argentina,BRA,Brazil,1,3
2009-09-05,COL,Colombia,ECU,Ecuador,2,0
2009-09-05,GER,Germany,RSA,South Africa,2,0
2009-09-05,KOR,South Korea,AUS,Australia,3,1
2009-09-05,NED,Netherlands,JPN,Japan,3,0
2009-09-05,ESP,Spain,BEL,Belgium,5,0
2009-09-05,UZB,Uzbekistan,IRN,Iran,0,0
2009-09-09,BIH,Bosnia and Herzegovina,TUR,Turkey,1,1
2009-09-09,ENG,England,CRO,Croatia,5,1
2009-09-09,JPN,Japan,GHA,Ghana,4,3
2009-09-09,JOR,Jordan,NZL,New Zealand,1,3
2009-09-09,SCO,Scotland,NED,Netherlands,0,1
2009-09-09,URU,Uruguay,COL,Colombia,3,1
2009-09-09,PAR,Paraguay,ARG,Argentina,1,0
2009-09-30,ARG,Argentina,GHA,Ghana,2,0
2009-09-30,MEX,Mexico,COL,Colombia,1,2
2009-10-08,CRO,Croatia,QAT,Qatar,3,2
2009-10-10,AUS,Australia,NED,Netherlands,0,0
2009-10-10,BEL,Belgium,TUR,Turkey,2,0
2009-10-10,ECU,Ecuador,URU,Uruguay,1,2
2009-10-10,JPN,Japan,SCO,Scotland,2,0
2009-10-10,NOR,Norway,RSA,South Africa,1,0
2009-10-14,BIH,Bosnia and Herzegovina,ESP,Spain,2,5
2009-10-14,FRA,France,AUT,Austria,3,1
2009-10-14,KOR,South Korea,SEN,Senegal,2,0
2009-10-14,PAR,Paraguay,COL,Colombia,0,2
2009-10-14,QAT,Qatar,COD,DR Congo,2,2
2009-10-14,TUN,Tunisia,KSA,Saudi Arabia,0,1
2009-10-14,URU,Uruguay,ARG,Argentina,0,1
2009-11-13,PAR,Paraguay,QAT,Qatar,0,2
2009-11-14,BRA,Brazil,ENG,England,1,0
2009-11-14,EGY,Egypt,ALG,Algeria,2,0
2009-11-14,IRN,Iran,JOR,Jordan,1,0
2009-11-14,POR,Portugal,BIH,Bosnia and Herzegovina,1,0
2009-11-14,RSA,South Africa,JPN,Japan,0,0
2009-11-14,ESP,Spain,ARG,Argentina,2,1
2009-11-14,SUI,Switzerland,NOR,Norway,0,1
2009-11-17,BEL,Belgium,QAT,Qatar,2,0
2009-11-18,ALG,Algeria,EGY,Egypt,1,0
2009-11-18,AUT,Austria,ESP,Spain,1,5
2009-11-18,BIH,Bosnia and Herzegovina,POR,Portugal,0,1
2009-11-18,GER,Germany,CIV,Ivory Coast,2,2
2009-11-18,NED,Netherlands,PAR,Paraguay,0,0
2009-11-22,JOR,Jordan,IRN,Iran,1,0
2009-12-28,QAT,Qatar,IRN,Iran,3,2
2010-01-15,CIV,Ivory Coast,GHA,Ghana,3,1
2010-01-24,CIV,Ivory Coast,ALG,Algeria,2,3
2010-01-28,ALG,Algeria,EGY,Egypt,0,4
2010-01-31,GHA,Ghana,EGY,Egypt,0,1
2010-02-14,JPN,Japan,KOR,South Korea,1,3
2010-03-03,BEL,Belgium,CRO,Croatia,0,1
2010-03-03,BIH,Bosnia and Herzegovina,GHA,Ghana,2,1
2010-03-03,ENG,England,EGY,Egypt,3,1
2010-03-03,FRA,France,ESP,Spain,0,2
2010-03-03,GER,Germany,ARG,Argentina,0,1
2010-03-03,CIV,Ivory Coast,KOR,South Korea,0,2
2010-03-03,MEX,Mexico,NZL,New Zealand,2,0
2010-03-03,NED,Netherlands,USA,United States,2,1
2010-03-03,SCO,Scotland,CZE,Czech Republic,1,0
2010-03-03,SUI,Switzerland,URU,Uruguay,1,3
2010-03-31,PAR,Paraguay,RSA,South Africa,1,1
2010-05-05,ARG,Argentina,HAI,Haiti,4,0
2010-05-07,MEX,Mexico,ECU,Ecuador,0,0
2010-05-10,MEX,Mexico,SEN,Senegal,1,0
2010-05-16,KOR,South Korea,ECU,Ecuador,2,0
2010-05-19,AUT,Austria,CRO,Croatia,0,1
2010-05-21,COD,DR Congo,KSA,Saudi Arabia,0,2
2010-05-22,TUR,Turkey,CZE,Czech Republic,2,1
2010-05-24,ARG,Argentina,CAN,Canada,5,0
2010-05-24,AUS,Australia,NZL,New Zealand,2,1
2010-05-24,ENG,England,MEX,Mexico,3,1
2010-05-24,JPN,Japan,KOR,South Korea,0,2
2010-05-24,POR,Portugal,CPV,Cape Verde,0,0
2010-05-25,USA,United States,CZE,Czech Republic,2,4
2010-05-26,NED,Netherlands,MEX,Mexico,2,1
2010-05-27,RSA,South Africa,COL,Colombia,2,1
2010-05-29,ESP,Spain,KSA,Saudi Arabia,3,2
2010-05-29,SWE,Sweden,BIH,Bosnia and Herzegovina,4,2
2010-05-29,USA,United States,TUR,Turkey,2,1
2010-05-30,JPN,Japan,ENG,England,1,2
2010-05-30,PAR,Paraguay,CIV,Ivory Coast,2,2
2010-05-30,TUN,Tunisia,FRA,France,1,1
2010-06-01,NED,Netherlands,GHA,Ghana,4,1
2010-06-03,GER,Germany,BIH,Bosnia and Herzegovina,3,1
2010-06-03,ESP,Spain,KOR,South Korea,1,0
2010-06-04,JPN,Japan,CIV,Ivory Coast,0,2
2010-06-05,AUS,Australia,USA,United States,1,3
2010-06-11,RSA,South Africa,MEX,Mexico,1,1
2010-06-11,URU,Uruguay,FRA,France,0,0
2010-06-12,ENG,England,USA,United States,1,1
2010-06-13,GER,Germany,AUS,Australia,4,0
2010-06-15,CIV,Ivory Coast,POR,Portugal,0,0
2010-06-16,RSA,South Africa,URU,Uruguay,0,3
2010-06-16,ESP,Spain,SUI,Switzerland,0,1
2010-06-17,ARG,Argentina,KOR,South Korea,4,1
2010-06-17,FRA,France,MEX,Mexico,0,2
2010-06-18,ENG,England,ALG,Algeria,0,0
2010-06-19,GHA,Ghana,AUS,Australia,1,1
2010-06-19,NED,Netherlands,JPN,Japan,1,0
2010-06-20,BRA,Brazil,CIV,Ivory Coast,3,1
2010-06-22,MEX,Mexico,URU,Uruguay,0,1
2010-06-22,RSA,South Africa,FRA,France,2,1
2010-06-23,GHA,Ghana,GER,Germany,0,1
2010-06-23,USA,United States,ALG,Algeria,1,0
2010-06-24,PAR,Paraguay,NZL,New Zealand,0,0
2010-06-25,POR,Portugal,BRA,Brazil,0,0
2010-06-26,URU,Uruguay,KOR,South Korea,2,1
2010-06-26,USA,United States,GHA,Ghana,1,2
2010-06-27,ARG,Argentina,MEX,Mexico,3,1
2010-06-27,GER,Germany,ENG,England,4,1
2010-06-29,PAR,Paraguay,JPN,Japan,0,0
2010-06-29,ESP,Spain,POR,Portugal,1,0
2010-07-02,NED,Netherlands,BRA,Brazil,2,1
2010-07-02,URU,Uruguay,GHA,Ghana,1,1
2010-07-03,ARG,Argentina,GER,Germany,0,4
2010-07-03,PAR,Paraguay,ESP,Spain,0,1
2010-07-06,URU,Uruguay,NED,Netherlands,2,3
2010-07-07,GER,Germany,ESP,Spain,0,1
2010-07-10,URU,Uruguay,GER,Germany,2,3
2010-07-11,NED,Netherlands,ESP,Spain,0,1
2010-08-10,BIH,Bosnia and Herzegovina,QAT,Qatar,1,1
2010-08-10,USA,United States,BRA,Brazil,0,2
2010-08-11,AUT,Austria,SUI,Switzerland,0,1
2010-08-11,EGY,Egypt,COD,DR Congo,6,3
2010-08-11,MEX,Mexico,ESP,Spain,1,1
2010-08-11,NOR,Norway,FRA,France,2,1
2010-08-11,SEN,Senegal,CPV,Cape Verde,1,0
2010-08-11,RSA,South Africa,GHA,Ghana,1,0
2010-08-11,SWE,Sweden,SCO,Scotland,3,0
2010-09-03,BEL,Belgium,GER,Germany,0,1
2010-09-03,SUI,Switzerland,AUS,Australia,0,0
2010-09-04,JPN,Japan,PAR,Paraguay,1,0
2010-09-04,MEX,Mexico,ECU,Ecuador,1,2
2010-09-05,COD,DR Congo,SEN,Senegal,2,4
2010-09-07,ARG,Argentina,ESP,Spain,4,1
2010-09-07,BIH,Bosnia and Herzegovina,FRA,France,0,2
2010-09-07,KOR,South Korea,IRN,Iran,0,1
2010-09-07,MEX,Mexico,COL,Colombia,1,0
2010-09-07,NOR,Norway,POR,Portugal,1,0
2010-09-07,SUI,Switzerland,ENG,England,1,3
2010-09-07,TUR,Turkey,BEL,Belgium,3,2
2010-09-16,JOR,Jordan,IRQ,Iraq,4,1
2010-10-01,IRN,Iran,IRQ,Iraq,2,1
2010-10-07,IRN,Iran,BRA,Brazil,0,3
2010-10-08,COL,Colombia,ECU,Ecuador,1,0
2010-10-08,CZE,Czech Republic,SCO,Scotland,1,0
2010-10-08,GER,Germany,TUR,Turkey,3,0
2010-10-08,JPN,Japan,ARG,Argentina,1,0
2010-10-09,AUS,Australia,PAR,Paraguay,1,0
2010-10-09,KSA,Saudi Arabia,UZB,Uzbekistan,4,0
2010-10-12,BEL,Belgium,AUT,Austria,4,4
2010-10-12,CRO,Croatia,NOR,Norway,2,1
2010-10-12,KOR,South Korea,JPN,Japan,0,0
2010-10-12,NED,Netherlands,SWE,Sweden,4,1
2010-10-12,NZL,New Zealand,PAR,Paraguay,0,2
2010-10-12,QAT,Qatar,IRQ,Iraq,1,2
2010-10-12,SCO,Scotland,ESP,Spain,2,3
2010-10-12,USA,United States,COL,Colombia,0,0
2010-11-17,ARG,Argentina,BRA,Brazil,1,0
2010-11-17,EGY,Egypt,AUS,Australia,3,0
2010-11-17,ENG,England,FRA,France,1,2
2010-11-17,NED,Netherlands,TUR,Turkey,1,0
2010-11-17,POR,Portugal,ESP,Spain,4,0
2010-11-17,KSA,Saudi Arabia,GHA,Ghana,0,0
2010-11-17,RSA,South Africa,USA,United States,0,1
2010-11-17,SWE,Sweden,GER,Germany,0,0
2010-11-18,QAT,Qatar,HAI,Haiti,0,1
2010-11-28,QAT,Qatar,KSA,Saudi Arabia,1,1
2010-12-16,QAT,Qatar,EGY,Egypt,2,1
2010-12-28,KSA,Saudi Arabia,IRQ,Iraq,0,1
2011-01-02,JOR,Jordan,UZB,Uzbekistan,2,2
2011-01-07,QAT,Qatar,UZB,Uzbekistan,0,2
2011-01-09,JPN,Japan,JOR,Jordan,1,1
2011-01-11,IRQ,Iraq,IRN,Iran,1,2
2011-01-13,JOR,Jordan,KSA,Saudi Arabia,1,0
2011-01-14,AUS,Australia,KOR,South Korea,1,1
2011-01-17,KSA,Saudi Arabia,JPN,Japan,0,5
2011-01-21,QAT,Qatar,JPN,Japan,2,3
2011-01-21,UZB,Uzbekistan,JOR,Jordan,2,1
2011-01-22,AUS,Australia,IRQ,Iraq,1,0
2011-01-22,IRN,Iran,KOR,South Korea,0,1
2011-01-25,JPN,Japan,KOR,South Korea,2,2
2011-01-25,UZB,Uzbekistan,AUS,Australia,0,6
2011-01-28,UZB,Uzbekistan,KOR,South Korea,2,3
2011-01-29,AUS,Australia,JPN,Japan,0,1
2011-02-09,ARG,Argentina,POR,Portugal,2,1
2011-02-09,CRO,Croatia,CZE,Czech Republic,4,2
2011-02-09,FRA,France,BRA,Brazil,1,0
2011-02-09,MEX,Mexico,BIH,Bosnia and Herzegovina,2,0
2011-02-09,NED,Netherlands,AUT,Austria,3,1
2011-02-09,ESP,Spain,COL,Colombia,1,0
2011-02-09,TUR,Turkey,KOR,South Korea,0,0
2011-03-25,AUT,Austria,BEL,Belgium,0,2
2011-03-25,ESP,Spain,CZE,Czech Republic,2,1
2011-03-26,COL,Colombia,ECU,Ecuador,2,0
2011-03-26,MEX,Mexico,PAR,Paraguay,3,1
2011-03-26,RSA,South Africa,EGY,Egypt,1,0
2011-03-26,USA,United States,ARG,Argentina,1,1
2011-03-27,ALG,Algeria,MAR,Morocco,1,0
2011-03-27,BRA,Brazil,SCO,Scotland,2,0
2011-03-29,ENG,England,GHA,Ghana,1,1
2011-03-29,FRA,France,CRO,Croatia,0,0
2011-03-29,GER,Germany,AUS,Australia,1,2
2011-03-29,TUR,Turkey,AUT,Austria,2,0
2011-03-29,USA,United States,PAR,Paraguay,0,1
2011-04-20,ARG,Argentina,ECU,Ecuador,2,2
2011-05-25,ARG,Argentina,PAR,Paraguay,4,2
2011-05-28,MEX,Mexico,ECU,Ecuador,1,1
2011-05-29,GER,Germany,URU,Uruguay,2,1
2011-06-01,CAN,Canada,ECU,Ecuador,2,2
2011-06-01,MEX,Mexico,NZL,New Zealand,3,0
2011-06-03,AUT,Austria,GER,Germany,1,2
2011-06-03,BEL,Belgium,TUR,Turkey,1,1
2011-06-04,BRA,Brazil,NED,Netherlands,0,0
2011-06-04,ENG,England,SUI,Switzerland,2,2
2011-06-04,MAR,Morocco,ALG,Algeria,4,0
2011-06-04,POR,Portugal,NOR,Norway,1,0
2011-06-04,USA,United States,ESP,Spain,0,4
2011-06-05,AUS,Australia,NZL,New Zealand,3,0
2011-06-05,EGY,Egypt,RSA,South Africa,0,0
2011-06-07,JPN,Japan,CZE,Czech Republic,0,0
2011-06-07,KOR,South Korea,GHA,Ghana,2,1
2011-06-07,USA,United States,CAN,Canada,2,0
2011-06-08,URU,Uruguay,NED,Netherlands,1,1
2011-06-11,USA,United States,PAN,Panama,1,2
2011-06-14,CAN,Canada,PAN,Panama,1,1
2011-06-22,USA,United States,PAN,Panama,1,0
2011-06-25,COL,Colombia,SEN,Senegal,2,0
2011-06-25,USA,United States,MEX,Mexico,2,4
2011-07-03,PAR,Paraguay,ECU,Ecuador,0,0
2011-07-06,ARG,Argentina,COL,Colombia,0,0
2011-07-09,BRA,Brazil,PAR,Paraguay,2,2
2011-07-12,URU,Uruguay,MEX,Mexico,1,0
2011-07-13,BRA,Brazil,ECU,Ecuador,4,2
2011-07-13,JOR,Jordan,KSA,Saudi Arabia,1,1
2011-07-16,ARG,Argentina,URU,Uruguay,1,1
2011-07-16,JOR,Jordan,IRQ,Iraq,1,1
2011-07-17,BRA,Brazil,PAR,Paraguay,0,0
2011-07-24,URU,Uruguay,PAR,Paraguay,3,0
2011-08-10,GER,Germany,BRA,Brazil,3,2
2011-08-10,JPN,Japan,KOR,South Korea,3,0
2011-08-10,NOR,Norway,CZE,Czech Republic,3,0
2011-08-10,SEN,Senegal,MAR,Morocco,0,2
2011-08-10,USA,United States,MEX,Mexico,1,1
2011-08-19,QAT,Qatar,IRQ,Iraq,0,1
2011-08-22,JOR,Jordan,TUN,Tunisia,3,3
2011-09-02,GER,Germany,AUT,Austria,6,2
2011-09-02,IRQ,Iraq,JOR,Jordan,0,2
2011-09-02,PAN,Panama,PAR,Paraguay,0,2
2011-09-03,SCO,Scotland,CZE,Czech Republic,2,2
2011-09-03,SEN,Senegal,COD,DR Congo,2,0
2011-09-05,BRA,Brazil,GHA,Ghana,1,0
2011-09-06,AUT,Austria,TUR,Turkey,0,0
2011-09-06,BEL,Belgium,USA,United States,1,0
2011-09-06,CUW,Curaçao,HAI,Haiti,2,4
2011-09-06,QAT,Qatar,IRN,Iran,1,1
2011-09-06,KSA,Saudi Arabia,AUS,Australia,1,3
2011-09-06,UZB,Uzbekistan,JPN,Japan,1,1
2011-09-14,ARG,Argentina,BRA,Brazil,0,0
2011-09-28,BRA,Brazil,ARG,Argentina,2,0
2011-10-07,CZE,Czech Republic,ESP,Spain,0,2
2011-10-07,TUR,Turkey,GER,Germany,1,3
2011-10-11,FRA,France,BIH,Bosnia and Herzegovina,1,1
2011-10-11,GER,Germany,BEL,Belgium,3,1
2011-10-11,HAI,Haiti,CUW,Curaçao,2,2
2011-10-11,MEX,Mexico,BRA,Brazil,1,2
2011-10-11,PAR,Paraguay,URU,Uruguay,1,1
2011-10-11,ESP,Spain,SCO,Scotland,3,1
2011-10-11,SWE,Sweden,NED,Netherlands,3,2
2011-10-11,USA,United States,ECU,Ecuador,0,1
2011-11-11,BIH,Bosnia and Herzegovina,POR,Portugal,0,0
2011-11-11,FRA,France,USA,United States,1,0
2011-11-11,NED,Netherlands,SUI,Switzerland,0,0
2011-11-11,PAR,Paraguay,ECU,Ecuador,2,1
2011-11-11,TUR,Turkey,CRO,Croatia,0,3
2011-11-12,ALG,Algeria,TUN,Tunisia,1,0
2011-11-12,ENG,England,ESP,Spain,1,0
2011-11-12,RSA,South Africa,CIV,Ivory Coast,1,1
2011-11-14,BRA,Brazil,EGY,Egypt,2,0
2011-11-15,COL,Colombia,ARG,Argentina,1,2
2011-11-15,CRO,Croatia,TUR,Turkey,0,0
2011-11-15,ENG,England,SWE,Sweden,1,0
2011-11-15,FRA,France,BEL,Belgium,0,0
2011-11-15,GER,Germany,NED,Netherlands,3,0
2011-11-15,JOR,Jordan,IRQ,Iraq,1,3
2011-11-15,POR,Portugal,BIH,Bosnia and Herzegovina,6,2
2012-01-13,TUN,Tunisia,CIV,Ivory Coast,0,2
2012-01-23,MAR,Morocco,TUN,Tunisia,1,2
2012-01-25,PAN,Panama,USA,United States,0,1
2012-02-05,GHA,Ghana,TUN,Tunisia,2,1
2012-02-23,IRN,Iran,JOR,Jordan,2,2
2012-02-25,KOR,South Korea,UZB,Uzbekistan,4,2
2012-02-28,BIH,Bosnia and Herzegovina,BRA,Brazil,1,2
2012-02-29,AUS,Australia,KSA,Saudi Arabia,4,2
2012-02-29,CRO,Croatia,SWE,Sweden,1,3
2012-02-29,ENG,England,NED,Netherlands,2,3
2012-02-29,GER,Germany,FRA,France,1,2
2012-02-29,IRN,Iran,QAT,Qatar,2,2
2012-02-29,JPN,Japan,UZB,Uzbekistan,0,1
2012-02-29,MEX,Mexico,COL,Colombia,0,2
2012-02-29,PAR,Paraguay,PAN,Panama,1,0
2012-02-29,RSA,South Africa,SEN,Senegal,0,0
2012-02-29,SUI,Switzerland,ARG,Argentina,1,3
2012-03-02,EGY,Egypt,COD,DR Congo,0,0
2012-04-17,EGY,Egypt,IRQ,Iraq,0,0
2012-05-25,MAR,Morocco,SEN,Senegal,0,1
2012-05-26,NOR,Norway,ENG,England,0,1
2012-05-26,SUI,Switzerland,GER,Germany,5,3
2012-05-26,USA,United States,SCO,Scotland,5,1
2012-05-30,ESP,Spain,KOR,South Korea,4,1
2012-05-30,USA,United States,BRA,Brazil,1,4
2012-05-31,MEX,Mexico,BIH,Bosnia and Herzegovina,2,1
2012-06-02,ARG,Argentina,ECU,Ecuador,4,0
2012-06-02,ENG,England,BEL,Belgium,1,0
2012-06-02,NOR,Norway,CRO,Croatia,1,1
2012-06-02,POR,Portugal,TUR,Turkey,1,3
2012-06-03,CAN,Canada,USA,United States,0,0
2012-06-03,JOR,Jordan,IRQ,Iraq,1,1
2012-06-03,MEX,Mexico,BRA,Brazil,2,0
2012-06-03,UZB,Uzbekistan,IRN,Iran,0,1
2012-06-08,JPN,Japan,JOR,Jordan,6,0
2012-06-08,QAT,Qatar,KOR,South Korea,1,4
2012-06-09,BRA,Brazil,ARG,Argentina,3,4
2012-06-09,CPV,Cape Verde,TUN,Tunisia,1,2
2012-06-09,GER,Germany,POR,Portugal,1,0
2012-06-09,MAR,Morocco,CIV,Ivory Coast,2,2
2012-06-10,ECU,Ecuador,COL,Colombia,1,0
2012-06-11,FRA,France,ENG,England,1,1
2012-06-12,AUS,Australia,JPN,Japan,1,1
2012-06-12,IRN,Iran,QAT,Qatar,0,0
2012-06-13,NED,Netherlands,GER,Germany,1,2
2012-06-15,SWE,Sweden,ENG,England,2,3
2012-06-17,POR,Portugal,NED,Netherlands,2,1
2012-06-18,CRO,Croatia,ESP,Spain,0,1
2012-06-18,KSA,Saudi Arabia,MAR,Morocco,4,0
2012-06-19,SWE,Sweden,FRA,France,2,0
2012-06-21,CZE,Czech Republic,POR,Portugal,0,1
2012-06-23,ESP,Spain,FRA,France,2,0
2012-06-27,POR,Portugal,ESP,Spain,0,0
2012-07-05,KSA,Saudi Arabia,IRQ,Iraq,0,1
2012-08-13,JOR,Jordan,UZB,Uzbekistan,0,1
2012-08-15,AUT,Austria,TUR,Turkey,2,0
2012-08-15,BEL,Belgium,NED,Netherlands,4,2
2012-08-15,CRO,Croatia,SUI,Switzerland,2,4
2012-08-15,FRA,France,URU,Uruguay,0,0
2012-08-15,GER,Germany,ARG,Argentina,1,3
2012-08-15,IRN,Iran,TUN,Tunisia,2,2
2012-08-15,JOR,Jordan,UZB,Uzbekistan,2,0
2012-08-15,MEX,Mexico,USA,United States,0,1
2012-08-15,POR,Portugal,PAN,Panama,2,0
2012-08-15,SCO,Scotland,AUS,Australia,3,1
2012-08-15,SWE,Sweden,BRA,Brazil,0,3
2012-09-05,JOR,Jordan,IRN,Iran,0,0
2012-09-07,ARG,Argentina,PAR,Paraguay,3,1
2012-09-07,BRA,Brazil,RSA,South Africa,1,0
2012-09-07,CAN,Canada,PAN,Panama,1,0
2012-09-07,COL,Colombia,URU,Uruguay,4,0
2012-09-07,NED,Netherlands,TUR,Turkey,2,0
2012-09-07,ESP,Spain,KSA,Saudi Arabia,5,0
2012-09-08,CIV,Ivory Coast,SEN,Senegal,4,2
2012-09-11,AUT,Austria,GER,Germany,1,2
2012-09-11,BEL,Belgium,CRO,Croatia,1,1
2012-09-11,JPN,Japan,IRQ,Iraq,1,0
2012-09-11,JOR,Jordan,AUS,Australia,2,1
2012-09-11,PAN,Panama,CAN,Canada,2,0
2012-09-11,URU,Uruguay,ECU,Ecuador,1,1
2012-09-11,UZB,Uzbekistan,KOR,South Korea,2,2
2012-09-19,BRA,Brazil,ARG,Argentina,2,1
2012-10-11,BRA,Brazil,IRQ,Iraq,6,0
2012-10-12,ARG,Argentina,URU,Uruguay,3,0
2012-10-12,COL,Colombia,PAR,Paraguay,2,0
2012-10-12,FRA,France,JPN,Japan,0,1
2012-10-12,SUI,Switzerland,NOR,Norway,1,1
2012-10-13,SEN,Senegal,CIV,Ivory Coast,0,2
2012-10-16,BEL,Belgium,SCO,Scotland,2,0
2012-10-16,EGY,Egypt,TUN,Tunisia,0,1
2012-10-16,GER,Germany,SWE,Sweden,4,4
2012-10-16,IRN,Iran,KOR,South Korea,1,0
2012-10-16,IRQ,Iraq,AUS,Australia,1,2
2012-10-16,JPN,Japan,BRA,Brazil,0,4
2012-10-16,QAT,Qatar,UZB,Uzbekistan,0,1
2012-10-16,ESP,Spain,FRA,France,1,1
2012-11-14,ALG,Algeria,BIH,Bosnia and Herzegovina,0,1
2012-11-14,AUT,Austria,CIV,Ivory Coast,0,3
2012-11-14,BRA,Brazil,COL,Colombia,1,1
2012-11-14,CPV,Cape Verde,GHA,Ghana,0,1
2012-11-14,IRN,Iran,UZB,Uzbekistan,0,1
2012-11-14,IRQ,Iraq,JOR,Jordan,1,0
2012-11-14,KOR,South Korea,AUS,Australia,1,2
2012-11-14,NED,Netherlands,GER,Germany,0,0
2012-11-14,PAN,Panama,ESP,Spain,1,5
2012-11-14,KSA,Saudi Arabia,ARG,Argentina,0,0
2012-11-14,SWE,Sweden,ENG,England,4,2
2012-11-14,TUN,Tunisia,SUI,Switzerland,1,2
2012-11-21,ARG,Argentina,BRA,Brazil,2,1
2012-12-09,IRN,Iran,KSA,Saudi Arabia,0,0
2012-12-10,IRQ,Iraq,JOR,Jordan,1,0
2012-12-28,QAT,Qatar,EGY,Egypt,0,2
2012-12-30,IRQ,Iraq,TUN,Tunisia,1,2
2013-01-06,KSA,Saudi Arabia,IRQ,Iraq,0,2
2013-01-08,RSA,South Africa,NOR,Norway,0,1
2013-01-10,GHA,Ghana,EGY,Egypt,3,0
2013-01-12,RSA,South Africa,ALG,Algeria,0,0
2013-01-13,GHA,Ghana,TUN,Tunisia,4,2
2013-01-14,CIV,Ivory Coast,EGY,Egypt,4,2
2013-01-19,RSA,South Africa,CPV,Cape Verde,0,0
2013-01-20,GHA,Ghana,COD,DR Congo,2,2
2013-01-22,TUN,Tunisia,ALG,Algeria,1,0
2013-01-23,MAR,Morocco,CPV,Cape Verde,1,1
2013-01-26,CIV,Ivory Coast,TUN,Tunisia,3,0
2013-01-27,RSA,South Africa,MAR,Morocco,2,2
2013-01-29,USA,United States,CAN,Canada,0,0
2013-01-30,ALG,Algeria,CIV,Ivory Coast,2,2
2013-02-02,GHA,Ghana,CPV,Cape Verde,2,0
2013-02-06,CRO,Croatia,KOR,South Korea,4,0
2013-02-06,ENG,England,BRA,Brazil,2,1
2013-02-06,FRA,France,GER,Germany,1,2
2013-02-06,POR,Portugal,ECU,Ecuador,2,3
2013-02-06,ESP,Spain,URU,Uruguay,3,1
2013-02-06,SWE,Sweden,ARG,Argentina,2,3
2013-02-06,TUR,Turkey,CZE,Czech Republic,0,2
2013-03-07,QAT,Qatar,EGY,Egypt,3,1
2013-03-22,JPN,Japan,CAN,Canada,2,1
2013-03-22,URU,Uruguay,PAR,Paraguay,1,1
2013-03-26,ECU,Ecuador,PAR,Paraguay,4,1
2013-03-26,FRA,France,ESP,Spain,0,1
2013-03-26,JOR,Jordan,JPN,Japan,2,1
2013-03-26,KOR,South Korea,QAT,Qatar,2,1
2013-03-26,MEX,Mexico,USA,United States,0,0
2013-05-29,ECU,Ecuador,GER,Germany,2,4
2013-05-29,USA,United States,BEL,Belgium,2,4
2013-06-02,BRA,Brazil,ENG,England,2,2
2013-06-02,USA,United States,GER,Germany,4,3
2013-06-04,JPN,Japan,AUS,Australia,1,1
2013-06-04,QAT,Qatar,IRN,Iran,0,1
2013-06-05,URU,Uruguay,FRA,France,1,0
2013-06-07,ARG,Argentina,COL,Colombia,0,0
2013-06-07,AUT,Austria,SWE,Sweden,2,1
2013-06-07,CRO,Croatia,SCO,Scotland,0,1
2013-06-07,PAN,Panama,MEX,Mexico,0,0
2013-06-08,HAI,Haiti,ESP,Spain,1,2
2013-06-09,BRA,Brazil,FRA,France,3,0
2013-06-10,CRO,Croatia,POR,Portugal,0,1
2013-06-11,AUS,Australia,JOR,Jordan,4,0
2013-06-11,ECU,Ecuador,ARG,Argentina,1,1
2013-06-11,IRQ,Iraq,JPN,Japan,0,1
2013-06-11,KOR,South Korea,UZB,Uzbekistan,1,0
2013-06-11,USA,United States,PAN,Panama,2,0
2013-06-12,GHA,Ghana,CIV,Ivory Coast,2,1
2013-06-14,GHA,Ghana,CIV,Ivory Coast,1,1
2013-06-15,BRA,Brazil,JPN,Japan,3,0
2013-06-16,ESP,Spain,URU,Uruguay,2,1
2013-06-18,AUS,Australia,IRQ,Iraq,1,0
2013-06-18,KOR,South Korea,IRN,Iran,0,1
2013-06-18,UZB,Uzbekistan,QAT,Qatar,5,1
2013-06-19,BRA,Brazil,MEX,Mexico,2,0
2013-06-22,JPN,Japan,MEX,Mexico,1,2
2013-06-26,BRA,Brazil,URU,Uruguay,2,1
2013-06-30,BRA,Brazil,ESP,Spain,3,0
2013-07-07,MEX,Mexico,PAN,Panama,1,2
2013-07-11,MEX,Mexico,CAN,Canada,2,0
2013-07-14,PAN,Panama,CAN,Canada,0,0
2013-07-20,KOR,South Korea,AUS,Australia,0,0
2013-07-24,PAN,Panama,MEX,Mexico,2,1
2013-07-25,JPN,Japan,AUS,Australia,3,2
2013-07-28,KOR,South Korea,JPN,Japan,1,2
2013-07-28,USA,United States,PAN,Panama,1,0
2013-08-14,BEL,Belgium,FRA,France,0,0
2013-08-14,BIH,Bosnia and Herzegovina,USA,United States,3,4
2013-08-14,ECU,Ecuador,ESP,Spain,0,2
2013-08-14,ENG,England,SCO,Scotland,3,2
2013-08-14,GER,Germany,PAR,Paraguay,3,3
2013-08-14,JPN,Japan,URU,Uruguay,2,4
2013-08-14,MEX,Mexico,CIV,Ivory Coast,4,1
2013-08-14,POR,Portugal,NED,Netherlands,1,1
2013-08-14,SWE,Sweden,NOR,Norway,4,2
2013-08-14,SUI,Switzerland,BRA,Brazil,1,0
2013-08-14,TUR,Turkey,GHA,Ghana,2,2
2013-09-05,KSA,Saudi Arabia,NZL,New Zealand,0,1
2013-09-06,COL,Colombia,ECU,Ecuador,1,0
2013-09-06,GER,Germany,AUT,Austria,3,0
2013-09-06,JOR,Jordan,UZB,Uzbekistan,1,1
2013-09-06,KOR,South Korea,HAI,Haiti,4,1
2013-09-06,SCO,Scotland,BEL,Belgium,0,2
2013-09-07,BRA,Brazil,AUS,Australia,6,0
2013-09-07,CIV,Ivory Coast,MAR,Morocco,1,1
2013-09-07,TUN,Tunisia,CPV,Cape Verde,3,0
2013-09-10,BRA,Brazil,POR,Portugal,3,1
2013-09-10,JPN,Japan,GHA,Ghana,3,1
2013-09-10,KOR,South Korea,CRO,Croatia,1,2
2013-09-10,NOR,Norway,SUI,Switzerland,0,2
2013-09-10,PAR,Paraguay,ARG,Argentina,2,5
2013-09-10,URU,Uruguay,COL,Colombia,2,0
2013-09-10,USA,United States,MEX,Mexico,2,0
2013-09-10,UZB,Uzbekistan,JOR,Jordan,1,1
2013-10-11,CRO,Croatia,BEL,Belgium,1,2
2013-10-11,ECU,Ecuador,URU,Uruguay,1,0
2013-10-11,FRA,France,AUS,Australia,6,0
2013-10-11,MEX,Mexico,PAN,Panama,2,1
2013-10-11,MAR,Morocco,RSA,South Africa,1,1
2013-10-11,SWE,Sweden,AUT,Austria,2,1
2013-10-12,CIV,Ivory Coast,SEN,Senegal,3,1
2013-10-12,KOR,South Korea,BRA,Brazil,0,2
2013-10-15,AUS,Australia,CAN,Canada,3,0
2013-10-15,GHA,Ghana,EGY,Egypt,6,1
2013-10-15,IRQ,Iraq,KSA,Saudi Arabia,0,2
2013-10-15,PAN,Panama,USA,United States,2,3
2013-10-15,PAR,Paraguay,COL,Colombia,1,2
2013-10-15,SCO,Scotland,CRO,Croatia,2,0
2013-10-15,SWE,Sweden,GER,Germany,3,5
2013-10-15,TUR,Turkey,NED,Netherlands,0,2
2013-10-15,URU,Uruguay,ARG,Argentina,3,2
2013-11-13,JOR,Jordan,URU,Uruguay,0,5
2013-11-13,MEX,Mexico,NZL,New Zealand,5,1
2013-11-14,BEL,Belgium,COL,Colombia,0,2
2013-11-15,ARG,Argentina,ECU,Ecuador,0,0
2013-11-15,CZE,Czech Republic,CAN,Canada,2,0
2013-11-15,KOR,South Korea,SUI,Switzerland,2,1
2013-11-15,POR,Portugal,SWE,Sweden,1,0
2013-11-15,KSA,Saudi Arabia,IRQ,Iraq,2,1
2013-11-15,SCO,Scotland,USA,United States,0,0
2013-11-16,NED,Netherlands,JPN,Japan,2,2
2013-11-16,SEN,Senegal,CIV,Ivory Coast,1,1
2013-11-18,ARG,Argentina,BIH,Bosnia and Herzegovina,2,0
2013-11-19,AUT,Austria,USA,United States,1,0
2013-11-19,BEL,Belgium,JPN,Japan,2,3
2013-11-19,EGY,Egypt,GHA,Ghana,2,1
2013-11-19,ENG,England,GER,Germany,0,1
2013-11-19,NED,Netherlands,COL,Colombia,0,0
2013-11-19,NOR,Norway,SCO,Scotland,0,1
2013-11-19,RSA,South Africa,ESP,Spain,1,0
2013-11-19,SWE,Sweden,POR,Portugal,2,3
2013-11-20,NZL,New Zealand,MEX,Mexico,2,4
2013-11-20,URU,Uruguay,JOR,Jordan,0,0
2013-12-31,QAT,Qatar,KSA,Saudi Arabia,4,1
2014-01-07,QAT,Qatar,JOR,Jordan,2,0
2014-01-29,MEX,Mexico,KOR,South Korea,4,0
2014-02-01,USA,United States,KOR,South Korea,2,0
2014-03-05,AUS,Australia,ECU,Ecuador,3,4
2014-03-05,AUT,Austria,URU,Uruguay,1,1
2014-03-05,BEL,Belgium,CIV,Ivory Coast,2,2
2014-03-05,BIH,Bosnia and Herzegovina,EGY,Egypt,0,2
2014-03-05,COL,Colombia,TUN,Tunisia,1,1
2014-03-05,CZE,Czech Republic,NOR,Norway,2,2
2014-03-05,FRA,France,NED,Netherlands,2,0
2014-03-05,JPN,Japan,NZL,New Zealand,4,2
2014-03-05,RSA,South Africa,BRA,Brazil,0,5
2014-03-05,SUI,Switzerland,CRO,Croatia,2,2
2014-03-05,TUR,Turkey,SWE,Sweden,2,1
2014-05-17,NED,Netherlands,ECU,Ecuador,1,1
2014-05-26,AUS,Australia,RSA,South Africa,1,1
2014-05-27,FRA,France,NOR,Norway,4,0
2014-05-28,KOR,South Korea,TUN,Tunisia,0,1
2014-05-30,BIH,Bosnia and Herzegovina,CIV,Ivory Coast,2,1
2014-05-30,NZL,New Zealand,RSA,South Africa,0,0
2014-05-31,COL,Colombia,SEN,Senegal,2,2
2014-05-31,MEX,Mexico,ECU,Ecuador,3,1
2014-05-31,NED,Netherlands,GHA,Ghana,1,0
2014-06-01,FRA,France,PAR,Paraguay,1,1
2014-06-01,SWE,Sweden,BEL,Belgium,0,2
2014-06-01,USA,United States,TUR,Turkey,2,1
2014-06-03,BRA,Brazil,PAN,Panama,4,0
2014-06-03,CZE,Czech Republic,AUT,Austria,1,2
2014-06-03,MEX,Mexico,BIH,Bosnia and Herzegovina,0,1
2014-06-04,ECU,Ecuador,ENG,England,2,2
2014-06-06,COL,Colombia,JOR,Jordan,3,0
2014-06-06,CRO,Croatia,AUS,Australia,1,0
2014-06-06,MEX,Mexico,POR,Portugal,0,1
2014-06-07,BEL,Belgium,TUN,Tunisia,1,0
2014-06-09,GHA,Ghana,KOR,South Korea,4,0
2014-06-12,BRA,Brazil,CRO,Croatia,3,1
2014-06-13,ESP,Spain,NED,Netherlands,1,5
2014-06-14,CIV,Ivory Coast,JPN,Japan,2,1
2014-06-15,ARG,Argentina,BIH,Bosnia and Herzegovina,2,1
2014-06-15,SUI,Switzerland,ECU,Ecuador,2,1
2014-06-16,GER,Germany,POR,Portugal,4,0
2014-06-16,GHA,Ghana,USA,United States,1,2
2014-06-17,BEL,Belgium,ALG,Algeria,2,1
2014-06-17,BRA,Brazil,MEX,Mexico,0,0
2014-06-18,AUS,Australia,NED,Netherlands,2,3
2014-06-19,COL,Colombia,CIV,Ivory Coast,2,1
2014-06-19,URU,Uruguay,ENG,England,2,1
2014-06-20,SUI,Switzerland,FRA,France,2,5
2014-06-21,ARG,Argentina,IRN,Iran,1,0
2014-06-21,GER,Germany,GHA,Ghana,2,2
2014-06-22,KOR,South Korea,ALG,Algeria,2,4
2014-06-22,USA,United States,POR,Portugal,2,2
2014-06-23,AUS,Australia,ESP,Spain,0,3
2014-06-23,CRO,Croatia,MEX,Mexico,1,3
2014-06-24,JPN,Japan,COL,Colombia,1,4
2014-06-25,BIH,Bosnia and Herzegovina,IRN,Iran,3,1
2014-06-25,ECU,Ecuador,FRA,France,0,0
2014-06-26,KOR,South Korea,BEL,Belgium,0,1
2014-06-26,POR,Portugal,GHA,Ghana,2,1
2014-06-26,USA,United States,GER,Germany,0,1
2014-06-28,COL,Colombia,URU,Uruguay,2,0
2014-06-29,NED,Netherlands,MEX,Mexico,2,1
2014-06-30,GER,Germany,ALG,Algeria,2,1
2014-07-01,ARG,Argentina,SUI,Switzerland,1,0
2014-07-01,BEL,Belgium,USA,United States,2,1
2014-07-04,BRA,Brazil,COL,Colombia,2,1
2014-07-04,FRA,France,GER,Germany,0,1
2014-07-05,ARG,Argentina,BEL,Belgium,1,0
2014-07-08,BRA,Brazil,GER,Germany,1,7
2014-07-09,NED,Netherlands,ARG,Argentina,0,0
2014-07-12,BRA,Brazil,NED,Netherlands,0,3
2014-07-13,GER,Germany,ARG,Argentina,1,0
2014-09-03,CZE,Czech Republic,USA,United States,0,1
2014-09-03,ENG,England,NOR,Norway,1,0
2014-09-03,GER,Germany,ARG,Argentina,2,4
2014-09-03,MAR,Morocco,QAT,Qatar,0,0
2014-09-04,BEL,Belgium,AUS,Australia,2,0
2014-09-04,FRA,France,ESP,Spain,1,0
2014-09-04,UZB,Uzbekistan,JOR,Jordan,2,0
2014-09-05,JPN,Japan,URU,Uruguay,0,2
2014-09-05,BRA,Brazil,COL,Colombia,1,0
2014-09-05,SEN,Senegal,EGY,Egypt,2,0
2014-09-07,GER,Germany,SCO,Scotland,2,1
2014-09-08,AUS,Australia,KSA,Saudi Arabia,3,2
2014-09-08,AUT,Austria,SWE,Sweden,1,1
2014-09-08,KOR,South Korea,URU,Uruguay,0,1
2014-09-08,SUI,Switzerland,ENG,England,0,2
2014-09-08,UZB,Uzbekistan,NZL,New Zealand,3,1
2014-09-09,CZE,Czech Republic,NED,Netherlands,2,1
2014-09-10,EGY,Egypt,TUN,Tunisia,0,1
2014-10-06,QAT,Qatar,UZB,Uzbekistan,3,0
2014-10-10,KOR,South Korea,PAR,Paraguay,2,0
2014-10-10,KSA,Saudi Arabia,URU,Uruguay,1,1
2014-10-10,SEN,Senegal,TUN,Tunisia,0,0
2014-10-10,TUR,Turkey,CZE,Czech Republic,1,2
2014-10-11,ARG,Argentina,BRA,Brazil,0,2
2014-10-11,COD,DR Congo,CIV,Ivory Coast,1,2
2014-10-11,FRA,France,POR,Portugal,2,1
2014-10-12,MEX,Mexico,PAN,Panama,1,0
2014-10-13,BIH,Bosnia and Herzegovina,BEL,Belgium,1,1
2014-10-14,JPN,Japan,BRA,Brazil,0,4
2014-10-14,QAT,Qatar,AUS,Australia,1,0
2014-10-15,CIV,Ivory Coast,COD,DR Congo,3,4
2014-10-15,TUN,Tunisia,SEN,Senegal,1,0
2014-11-12,ARG,Argentina,CRO,Croatia,2,1
2014-11-12,NED,Netherlands,MEX,Mexico,2,3
2014-11-12,TUR,Turkey,BRA,Brazil,0,4
2014-11-13,KSA,Saudi Arabia,QAT,Qatar,1,1
2014-11-14,JOR,Jordan,KOR,South Korea,0,1
2014-11-14,USA,United States,COL,Colombia,1,2
2014-11-15,EGY,Egypt,SEN,Senegal,0,1
2014-11-18,AUT,Austria,BRA,Brazil,1,2
2014-11-18,FRA,France,SWE,Sweden,1,0
2014-11-18,IRN,Iran,KOR,South Korea,1,0
2014-11-18,JPN,Japan,AUS,Australia,2,1
2014-11-18,PAN,Panama,CAN,Canada,0,0
2014-11-18,POR,Portugal,ARG,Argentina,1,0
2014-11-18,SCO,Scotland,ENG,England,1,3
2014-11-18,ESP,Spain,GER,Germany,0,1
2014-11-19,TUN,Tunisia,EGY,Egypt,2,1
2014-11-26,KSA,Saudi Arabia,QAT,Qatar,1,2
2014-11-30,RSA,South Africa,CIV,Ivory Coast,2,0
2014-12-21,UZB,Uzbekistan,JOR,Jordan,2,1
2014-12-25,UZB,Uzbekistan,IRQ,Iraq,1,0
2014-12-28,UZB,Uzbekistan,IRQ,Iraq,0,0
2015-01-04,IRN,Iran,IRQ,Iraq,1,0
2015-01-04,KOR,South Korea,KSA,Saudi Arabia,2,0
2015-01-11,TUN,Tunisia,ALG,Algeria,1,1
2015-01-12,JOR,Jordan,IRQ,Iraq,0,1
2015-01-15,QAT,Qatar,IRN,Iran,0,1
2015-01-15,SWE,Sweden,CIV,Ivory Coast,2,0
2015-01-16,IRQ,Iraq,JPN,Japan,0,1
2015-01-17,AUS,Australia,KOR,South Korea,0,1
2015-01-18,TUN,Tunisia,CPV,Cape Verde,1,1
2015-01-18,UZB,Uzbekistan,KSA,Saudi Arabia,3,1
2015-01-19,ALG,Algeria,RSA,South Africa,3,1
2015-01-19,GHA,Ghana,SEN,Senegal,1,2
2015-01-20,JPN,Japan,JOR,Jordan,2,0
2015-01-22,CPV,Cape Verde,COD,DR Congo,0,0
2015-01-22,KOR,South Korea,UZB,Uzbekistan,2,0
2015-01-23,GHA,Ghana,ALG,Algeria,1,0
2015-01-23,IRN,Iran,IRQ,Iraq,3,3
2015-01-23,RSA,South Africa,SEN,Senegal,1,1
2015-01-26,COD,DR Congo,TUN,Tunisia,1,1
2015-01-26,KOR,South Korea,IRQ,Iraq,2,0
2015-01-27,SEN,Senegal,ALG,Algeria,0,2
2015-01-27,RSA,South Africa,GHA,Ghana,1,2
2015-01-31,AUS,Australia,KOR,South Korea,2,1
2015-02-01,CIV,Ivory Coast,ALG,Algeria,3,1
2015-02-04,COD,DR Congo,CIV,Ivory Coast,1,3
2015-02-08,CIV,Ivory Coast,GHA,Ghana,0,0
2015-02-08,USA,United States,PAN,Panama,2,0
2015-03-25,GER,Germany,AUS,Australia,2,2
2015-03-26,FRA,France,BRA,Brazil,1,3
2015-03-26,QAT,Qatar,ALG,Algeria,1,0
2015-03-27,JPN,Japan,TUN,Tunisia,2,0
2015-03-27,KOR,South Korea,UZB,Uzbekistan,1,1
2015-03-28,CRO,Croatia,NOR,Norway,5,1
2015-03-28,GHA,Ghana,SEN,Senegal,1,2
2015-03-28,IRQ,Iraq,COD,DR Congo,2,1
2015-03-28,MAR,Morocco,URU,Uruguay,0,1
2015-03-28,NED,Netherlands,TUR,Turkey,1,1
2015-03-30,KSA,Saudi Arabia,JOR,Jordan,2,1
2015-03-31,ARG,Argentina,ECU,Ecuador,2,1
2015-03-31,AUT,Austria,BIH,Bosnia and Herzegovina,1,1
2015-03-31,IRQ,Iraq,COD,DR Congo,1,0
2015-03-31,JPN,Japan,UZB,Uzbekistan,5,1
2015-03-31,KOR,South Korea,NZL,New Zealand,1,0
2015-03-31,NED,Netherlands,ESP,Spain,2,0
2015-03-31,POR,Portugal,CPV,Cape Verde,0,2
2015-03-31,SWE,Sweden,IRN,Iran,3,1
2015-03-31,SUI,Switzerland,USA,United States,1,1
2015-04-15,USA,United States,MEX,Mexico,2,0
2015-06-03,PAN,Panama,ECU,Ecuador,1,1
2015-06-05,NED,Netherlands,USA,United States,3,4
2015-06-05,SCO,Scotland,QAT,Qatar,1,0
2015-06-06,ECU,Ecuador,PAN,Panama,4,0
2015-06-07,BRA,Brazil,MEX,Mexico,2,0
2015-06-07,FRA,France,BEL,Belgium,3,4
2015-06-08,NOR,Norway,SWE,Sweden,0,0
2015-06-10,GER,Germany,USA,United States,1,2
2015-06-11,JPN,Japan,IRQ,Iraq,4,0
2015-06-11,UZB,Uzbekistan,IRN,Iran,0,1
2015-06-13,ARG,Argentina,PAR,Paraguay,2,2
2015-06-16,ARG,Argentina,URU,Uruguay,1,0
2015-06-17,BRA,Brazil,COL,Colombia,0,1
2015-06-19,MEX,Mexico,ECU,Ecuador,1,2
2015-06-20,URU,Uruguay,PAR,Paraguay,1,1
2015-06-26,ARG,Argentina,COL,Colombia,0,0
2015-06-27,BRA,Brazil,PAR,Paraguay,1,1
2015-06-30,ARG,Argentina,PAR,Paraguay,6,1
2015-07-07,PAN,Panama,HAI,Haiti,1,1
2015-07-10,USA,United States,HAI,Haiti,1,0
2015-07-13,USA,United States,PAN,Panama,1,1
2015-07-22,PAN,Panama,MEX,Mexico,1,2
2015-07-25,USA,United States,PAN,Panama,1,1
2015-08-05,JPN,Japan,KOR,South Korea,1,1
2015-09-03,BEL,Belgium,BIH,Bosnia and Herzegovina,3,1
2015-09-04,POR,Portugal,FRA,France,0,1
2015-09-06,NOR,Norway,CRO,Croatia,2,0
2015-09-06,TUR,Turkey,NED,Netherlands,3,0
2015-09-07,SCO,Scotland,GER,Germany,2,3
2015-09-08,USA,United States,BRA,Brazil,1,4
2015-09-08,ENG,England,SUI,Switzerland,2,0
2015-09-08,MEX,Mexico,ARG,Argentina,2,2
2015-09-08,RSA,South Africa,SEN,Senegal,1,0
2015-09-08,SWE,Sweden,AUT,Austria,1,4
2015-10-03,JOR,Jordan,IRQ,Iraq,3,0
2015-10-08,ARG,Argentina,ECU,Ecuador,0,2
2015-10-08,JOR,Jordan,AUS,Australia,2,0
2015-10-09,MAR,Morocco,CIV,Ivory Coast,0,1
2015-10-10,CZE,Czech Republic,TUR,Turkey,0,2
2015-10-10,USA,United States,MEX,Mexico,2,3
2015-10-13,ALG,Algeria,SEN,Senegal,1,0
2015-10-13,IRN,Iran,JPN,Japan,1,1
2015-10-13,NED,Netherlands,CZE,Czech Republic,2,3
2015-10-13,PAR,Paraguay,ARG,Argentina,0,0
2015-10-13,URU,Uruguay,COL,Colombia,3,0
2015-11-12,ECU,Ecuador,URU,Uruguay,2,1
2015-11-13,ARG,Argentina,BRA,Brazil,1,1
2015-11-13,FRA,France,GER,Germany,2,0
2015-11-13,QAT,Qatar,TUR,Turkey,1,2
2015-11-13,ESP,Spain,ENG,England,2,0
2015-11-17,AUT,Austria,SUI,Switzerland,1,2
2015-11-17,COL,Colombia,ARG,Argentina,0,1
2015-11-17,ENG,England,FRA,France,2,0
2016-01-27,EGY,Egypt,JOR,Jordan,0,1
2016-03-24,CZE,Czech Republic,SCO,Scotland,0,1
2016-03-24,ECU,Ecuador,PAR,Paraguay,2,2
2016-03-24,TUR,Turkey,SWE,Sweden,2,1
2016-03-25,BRA,Brazil,URU,Uruguay,2,2
2016-03-25,CAN,Canada,MEX,Mexico,0,3
2016-03-25,HAI,Haiti,PAN,Panama,0,0
2016-03-25,NED,Netherlands,FRA,France,2,3
2016-03-26,CPV,Cape Verde,MAR,Morocco,0,1
2016-03-26,GER,Germany,ENG,England,2,3
2016-03-29,AUS,Australia,JOR,Jordan,5,1
2016-03-29,AUT,Austria,TUR,Turkey,1,2
2016-03-29,COL,Colombia,ECU,Ecuador,3,1
2016-03-29,ENG,England,NED,Netherlands,1,2
2016-03-29,MEX,Mexico,CAN,Canada,2,0
2016-03-29,MAR,Morocco,CPV,Cape Verde,2,0
2016-03-29,PAN,Panama,HAI,Haiti,1,0
2016-03-29,PAR,Paraguay,BRA,Brazil,2,2
2016-03-29,POR,Portugal,BEL,Belgium,2,1
2016-03-29,SWE,Sweden,CZE,Czech Republic,1,1
2016-03-29,SUI,Switzerland,BIH,Bosnia and Herzegovina,0,2
2016-05-22,ENG,England,TUR,Turkey,2,1
2016-05-27,ENG,England,AUS,Australia,2,1
2016-05-28,MEX,Mexico,PAR,Paraguay,1,0
2016-05-28,SUI,Switzerland,BEL,Belgium,1,2
2016-05-29,BIH,Bosnia and Herzegovina,ESP,Spain,1,3
2016-05-29,POR,Portugal,NOR,Norway,3,0
2016-06-01,ESP,Spain,KOR,South Korea,6,1
2016-06-02,ENG,England,POR,Portugal,1,0
2016-06-03,USA,United States,COL,Colombia,0,2
2016-06-04,AUT,Austria,NED,Netherlands,0,2
2016-06-04,BRA,Brazil,ECU,Ecuador,0,0
2016-06-04,FRA,France,SCO,Scotland,3,0
2016-06-05,BEL,Belgium,NOR,Norway,3,2
2016-06-05,CZE,Czech Republic,KOR,South Korea,1,2
2016-06-05,MEX,Mexico,URU,Uruguay,3,1
2016-06-07,CAN,Canada,UZB,Uzbekistan,2,1
2016-06-07,COL,Colombia,PAR,Paraguay,2,1
2016-06-07,JPN,Japan,BIH,Bosnia and Herzegovina,1,2
2016-06-08,BRA,Brazil,HAI,Haiti,7,1
2016-06-10,ARG,Argentina,PAN,Panama,5,0
2016-06-11,USA,United States,PAR,Paraguay,1,0
2016-06-12,ECU,Ecuador,HAI,Haiti,4,0
2016-06-12,TUR,Turkey,CRO,Croatia,0,1
2016-06-13,ESP,Spain,CZE,Czech Republic,1,0
2016-06-16,USA,United States,ECU,Ecuador,2,1
2016-06-17,CZE,Czech Republic,CRO,Croatia,2,2
2016-06-17,ESP,Spain,TUR,Turkey,3,0
2016-06-18,POR,Portugal,AUT,Austria,0,0
2016-06-19,FRA,France,SUI,Switzerland,0,0
2016-06-21,CRO,Croatia,ESP,Spain,2,1
2016-06-21,CZE,Czech Republic,TUR,Turkey,0,2
2016-06-21,USA,United States,ARG,Argentina,0,4
2016-06-22,SWE,Sweden,BEL,Belgium,0,1
2016-06-25,CRO,Croatia,POR,Portugal,0,1
2016-06-25,USA,United States,COL,Colombia,0,1
2016-07-07,FRA,France,GER,Germany,2,0
2016-07-10,FRA,France,POR,Portugal,0,1
2016-07-24,UZB,Uzbekistan,IRQ,Iraq,2,1
2016-08-08,QAT,Qatar,IRQ,Iraq,2,1
2016-08-18,JOR,Jordan,QAT,Qatar,2,3
2016-09-01,ARG,Argentina,URU,Uruguay,1,0
2016-09-01,AUS,Australia,IRQ,Iraq,2,0
2016-09-01,BEL,Belgium,ESP,Spain,0,2
2016-09-01,ECU,Ecuador,BRA,Brazil,0,3
2016-09-01,IRN,Iran,QAT,Qatar,2,0
2016-09-04,NOR,Norway,GER,Germany,0,3
2016-09-05,CRO,Croatia,TUR,Turkey,1,1
2016-09-06,BRA,Brazil,COL,Colombia,2,1
2016-09-06,IRQ,Iraq,KSA,Saudi Arabia,1,2
2016-09-06,QAT,Qatar,UZB,Uzbekistan,0,1
2016-09-06,RSA,South Africa,EGY,Egypt,1,0
2016-09-06,SWE,Sweden,NED,Netherlands,1,1
2016-09-06,SUI,Switzerland,POR,Portugal,2,0
2016-09-06,URU,Uruguay,PAR,Paraguay,4,0
2016-10-06,JPN,Japan,IRQ,Iraq,2,1
2016-10-06,KOR,South Korea,QAT,Qatar,3,2
2016-10-06,PAR,Paraguay,COL,Colombia,0,1
2016-10-06,KSA,Saudi Arabia,AUS,Australia,2,2
2016-10-06,UZB,Uzbekistan,IRN,Iran,0,1
2016-10-07,BEL,Belgium,BIH,Bosnia and Herzegovina,4,0
2016-10-08,GER,Germany,CZE,Czech Republic,3,0
2016-10-08,MEX,Mexico,NZL,New Zealand,2,1
2016-10-08,SEN,Senegal,CPV,Cape Verde,2,0
2016-10-10,NED,Netherlands,FRA,France,0,1
2016-10-11,ARG,Argentina,PAR,Paraguay,0,1
2016-10-11,AUS,Australia,JPN,Japan,1,1
2016-10-11,COL,Colombia,URU,Uruguay,2,2
2016-10-11,IRN,Iran,KOR,South Korea,1,0
2016-10-11,MEX,Mexico,PAN,Panama,1,0
2016-10-11,MAR,Morocco,CAN,Canada,4,0
2016-10-11,RSA,South Africa,GHA,Ghana,1,1
2016-11-06,JOR,Jordan,IRQ,Iraq,0,0
2016-11-09,NED,Netherlands,BEL,Belgium,1,1
2016-11-10,BRA,Brazil,ARG,Argentina,3,0
2016-11-10,URU,Uruguay,ECU,Ecuador,2,1
2016-11-10,UZB,Uzbekistan,JOR,Jordan,1,0
2016-11-11,CZE,Czech Republic,NOR,Norway,2,1
2016-11-11,ENG,England,SCO,Scotland,3,0
2016-11-11,FRA,France,SWE,Sweden,2,1
2016-11-11,KOR,South Korea,CAN,Canada,2,0
2016-11-11,USA,United States,MEX,Mexico,1,2
2016-11-12,MAR,Morocco,CIV,Ivory Coast,0,0
2016-11-13,EGY,Egypt,GHA,Ghana,2,0
2016-11-15,ARG,Argentina,COL,Colombia,3,0
2016-11-15,ENG,England,ESP,Spain,2,2
2016-11-15,FRA,France,CIV,Ivory Coast,0,0
2016-11-15,JPN,Japan,KSA,Saudi Arabia,2,1
2016-11-15,KOR,South Korea,UZB,Uzbekistan,2,1
2016-11-15,PAN,Panama,MEX,Mexico,0,0
2017-01-08,EGY,Egypt,TUN,Tunisia,1,0
2017-01-08,CIV,Ivory Coast,SWE,Sweden,2,1
2017-01-15,TUN,Tunisia,SEN,Senegal,0,2
2017-01-16,COD,DR Congo,MAR,Morocco,1,0
2017-01-19,ALG,Algeria,TUN,Tunisia,1,2
2017-01-20,CIV,Ivory Coast,COD,DR Congo,2,2
2017-01-23,SEN,Senegal,ALG,Algeria,2,2
2017-01-24,MAR,Morocco,CIV,Ivory Coast,1,0
2017-01-25,EGY,Egypt,GHA,Ghana,1,0
2017-01-26,BRA,Brazil,COL,Colombia,1,0
2017-01-29,COD,DR Congo,GHA,Ghana,1,2
2017-01-29,EGY,Egypt,MAR,Morocco,1,0
2017-03-18,IRN,Iran,IRQ,Iraq,0,1
2017-03-22,GER,Germany,ENG,England,1,0
2017-03-22,SCO,Scotland,CAN,Canada,1,1
2017-03-23,IRQ,Iraq,AUS,Australia,1,1
2017-03-23,PAR,Paraguay,ECU,Ecuador,2,1
2017-03-23,QAT,Qatar,IRN,Iran,0,1
2017-03-23,URU,Uruguay,BRA,Brazil,1,4
2017-03-27,CIV,Ivory Coast,SEN,Senegal,1,1
2017-03-28,BRA,Brazil,PAR,Paraguay,3,0
2017-03-28,ECU,Ecuador,COL,Colombia,0,2
2017-03-28,FRA,France,ESP,Spain,0,2
2017-03-28,MAR,Morocco,TUN,Tunisia,1,0
2017-03-28,PAN,Panama,USA,United States,1,1
2017-03-28,POR,Portugal,SWE,Sweden,2,3
2017-03-28,KSA,Saudi Arabia,IRQ,Iraq,1,0
2017-03-28,UZB,Uzbekistan,QAT,Qatar,1,0
2017-05-28,MEX,Mexico,CRO,Croatia,1,2
2017-05-31,MAR,Morocco,NED,Netherlands,1,2
2017-06-01,IRQ,Iraq,JOR,Jordan,1,0
2017-06-02,FRA,France,PAR,Paraguay,5,0
2017-06-04,NED,Netherlands,CIV,Ivory Coast,5,0
2017-06-05,BEL,Belgium,CZE,Czech Republic,2,1
2017-06-07,IRQ,Iraq,KOR,South Korea,0,0
2017-06-07,ESP,Spain,COL,Colombia,2,2
2017-06-08,AUS,Australia,KSA,Saudi Arabia,3,2
2017-06-09,ARG,Argentina,BRA,Brazil,1,0
2017-06-09,SWE,Sweden,FRA,France,2,1
2017-06-10,NOR,Norway,CZE,Czech Republic,1,1
2017-06-10,SCO,Scotland,ENG,England,2,2
2017-06-11,MEX,Mexico,USA,United States,1,1
2017-06-11,TUN,Tunisia,EGY,Egypt,1,0
2017-06-12,IRN,Iran,UZB,Uzbekistan,2,0
2017-06-13,AUS,Australia,BRA,Brazil,0,4
2017-06-13,CAN,Canada,CUW,Curaçao,2,1
2017-06-13,FRA,France,ENG,England,3,2
2017-06-13,IRQ,Iraq,JPN,Japan,1,1
2017-06-13,NOR,Norway,SWE,Sweden,1,1
2017-06-13,QAT,Qatar,KOR,South Korea,3,2
2017-06-18,POR,Portugal,MEX,Mexico,2,2
2017-06-19,AUS,Australia,GER,Germany,2,3
2017-06-21,MEX,Mexico,NZL,New Zealand,2,1
2017-06-24,NZL,New Zealand,POR,Portugal,0,4
2017-06-29,GER,Germany,MEX,Mexico,4,1
2017-07-01,MEX,Mexico,PAR,Paraguay,2,1
2017-07-01,USA,United States,GHA,Ghana,2,1
2017-07-02,POR,Portugal,MEX,Mexico,2,1
2017-07-08,USA,United States,PAN,Panama,1,1
2017-07-16,CUW,Curaçao,MEX,Mexico,0,2
2017-08-31,BRA,Brazil,ECU,Ecuador,2,0
2017-08-31,FRA,France,NED,Netherlands,4,0
2017-08-31,JPN,Japan,AUS,Australia,2,0
2017-08-31,KOR,South Korea,IRN,Iran,0,0
2017-08-31,URU,Uruguay,ARG,Argentina,0,0
2017-09-01,CPV,Cape Verde,RSA,South Africa,2,1
2017-09-01,CZE,Czech Republic,GER,Germany,1,2
2017-09-01,MEX,Mexico,PAN,Panama,1,0
2017-09-01,TUN,Tunisia,COD,DR Congo,2,1
2017-09-04,GER,Germany,NOR,Norway,6,0
2017-09-05,COL,Colombia,BRA,Brazil,1,1
2017-09-05,COD,DR Congo,TUN,Tunisia,2,2
2017-09-05,PAR,Paraguay,URU,Uruguay,1,2
2017-09-05,KSA,Saudi Arabia,JPN,Japan,1,0
2017-09-05,RSA,South Africa,CPV,Cape Verde,1,2
2017-09-05,TUR,Turkey,CRO,Croatia,1,0
2017-09-05,UZB,Uzbekistan,KOR,South Korea,0,0
2017-10-05,COL,Colombia,PAR,Paraguay,1,2
2017-10-06,JPN,Japan,NZL,New Zealand,2,1
2017-10-06,USA,United States,PAN,Panama,4,0
2017-10-07,BIH,Bosnia and Herzegovina,BEL,Belgium,3,4
2017-10-07,CPV,Cape Verde,SEN,Senegal,0,2
2017-10-10,ECU,Ecuador,ARG,Argentina,1,3
2017-10-10,JPN,Japan,HAI,Haiti,3,3
2017-10-10,KOR,South Korea,MAR,Morocco,1,3
2017-10-10,NED,Netherlands,SWE,Sweden,2,0
2017-10-10,POR,Portugal,SUI,Switzerland,2,0
2017-10-10,QAT,Qatar,CUW,Curaçao,1,2
2017-10-10,KSA,Saudi Arabia,GHA,Ghana,0,3
2017-11-09,IRN,Iran,PAN,Panama,2,1
2017-11-09,SCO,Scotland,NED,Netherlands,0,1
2017-11-10,BEL,Belgium,MEX,Mexico,3,3
2017-11-10,ENG,England,GER,Germany,0,0
2017-11-10,JPN,Japan,BRA,Brazil,1,3
2017-11-10,KOR,South Korea,COL,Colombia,2,1
2017-11-10,POR,Portugal,KSA,Saudi Arabia,3,0
2017-11-10,RSA,South Africa,SEN,Senegal,0,2
2017-11-11,CIV,Ivory Coast,MAR,Morocco,0,2
2017-11-11,QAT,Qatar,CZE,Czech Republic,0,1
2017-11-12,GHA,Ghana,EGY,Egypt,1,1
2017-11-14,AUT,Austria,URU,Uruguay,2,1
2017-11-14,BEL,Belgium,JPN,Japan,1,0
2017-11-14,ENG,England,BRA,Brazil,0,0
2017-11-14,GER,Germany,FRA,France,2,2
2017-11-14,POR,Portugal,USA,United States,1,1
2017-11-14,SEN,Senegal,RSA,South Africa,2,1
2017-12-16,JPN,Japan,KOR,South Korea,1,4
2017-12-26,IRQ,Iraq,QAT,Qatar,2,1
2018-01-28,USA,United States,BIH,Bosnia and Herzegovina,0,0
2018-01-31,MEX,Mexico,BIH,Bosnia and Herzegovina,1,0
2018-02-28,IRQ,Iraq,KSA,Saudi Arabia,4,1
2018-03-21,IRQ,Iraq,QAT,Qatar,2,3
2018-03-23,FRA,France,COL,Colombia,2,3
2018-03-23,GER,Germany,ESP,Spain,1,1
2018-03-23,NED,Netherlands,ENG,England,0,1
2018-03-23,NOR,Norway,AUS,Australia,4,1
2018-03-23,POR,Portugal,EGY,Egypt,2,1
2018-03-23,SEN,Senegal,UZB,Uzbekistan,1,1
2018-03-23,TUN,Tunisia,IRN,Iran,1,0
2018-03-23,URU,Uruguay,CZE,Czech Republic,2,0
2018-03-24,CAN,Canada,NZL,New Zealand,1,0
2018-03-26,POR,Portugal,NED,Netherlands,0,3
2018-03-27,ALG,Algeria,IRN,Iran,1,2
2018-03-27,AUS,Australia,COL,Colombia,0,0
2018-03-27,BEL,Belgium,KSA,Saudi Arabia,4,0
2018-03-27,BIH,Bosnia and Herzegovina,SEN,Senegal,0,0
2018-03-27,GER,Germany,BRA,Brazil,0,1
2018-03-27,MEX,Mexico,CRO,Croatia,0,1
2018-03-27,MAR,Morocco,UZB,Uzbekistan,2,0
2018-03-27,ESP,Spain,ARG,Argentina,6,1
2018-03-27,SUI,Switzerland,PAN,Panama,6,0
2018-03-27,USA,United States,PAR,Paraguay,1,0
2018-05-09,ALG,Algeria,KSA,Saudi Arabia,0,2
2018-05-19,IRN,Iran,UZB,Uzbekistan,1,0
2018-05-28,POR,Portugal,TUN,Tunisia,2,2
2018-05-28,TUR,Turkey,IRN,Iran,2,1
2018-05-29,ARG,Argentina,HAI,Haiti,4,0
2018-05-30,JPN,Japan,GHA,Ghana,0,2
2018-06-01,TUR,Turkey,TUN,Tunisia,2,2
2018-06-01,KOR,South Korea,BIH,Bosnia and Herzegovina,1,3
2018-06-01,CZE,Czech Republic,AUS,Australia,0,4
2018-06-01,ALG,Algeria,CPV,Cape Verde,2,3
2018-06-01,COL,Colombia,EGY,Egypt,0,0
2018-06-02,MEX,Mexico,SCO,Scotland,1,0
2018-06-02,BEL,Belgium,POR,Portugal,0,0
2018-06-02,AUT,Austria,GER,Germany,2,1
2018-06-03,ESP,Spain,SUI,Switzerland,1,1
2018-06-03,CRO,Croatia,BRA,Brazil,0,2
2018-06-06,NOR,Norway,PAN,Panama,1,0
2018-06-06,BEL,Belgium,EGY,Egypt,3,0
2018-06-07,URU,Uruguay,UZB,Uzbekistan,3,0
2018-06-07,POR,Portugal,ALG,Algeria,3,0
2018-06-08,GER,Germany,KSA,Saudi Arabia,2,1
2018-06-08,CRO,Croatia,SEN,Senegal,2,1
2018-06-08,SUI,Switzerland,JPN,Japan,2,0
2018-06-09,TUN,Tunisia,ESP,Spain,0,1
2018-06-09,FRA,France,USA,United States,1,1
2018-06-10,AUT,Austria,BRA,Brazil,0,3
2018-06-11,KOR,South Korea,SEN,Senegal,0,2
2018-06-12,JPN,Japan,PAR,Paraguay,4,2
2018-06-15,EGY,Egypt,URU,Uruguay,0,1
2018-06-15,MAR,Morocco,IRN,Iran,0,1
2018-06-15,POR,Portugal,ESP,Spain,3,3
2018-06-16,FRA,France,AUS,Australia,2,1
2018-06-17,GER,Germany,MEX,Mexico,0,1
2018-06-17,BRA,Brazil,SUI,Switzerland,1,1
2018-06-18,SWE,Sweden,KOR,South Korea,1,0
2018-06-18,BEL,Belgium,PAN,Panama,3,0
2018-06-18,TUN,Tunisia,ENG,England,1,2
2018-06-19,COL,Colombia,JPN,Japan,1,2
2018-06-20,POR,Portugal,MAR,Morocco,1,0
2018-06-20,URU,Uruguay,KSA,Saudi Arabia,1,0
2018-06-20,IRN,Iran,ESP,Spain,0,1
2018-06-21,ARG,Argentina,CRO,Croatia,0,3
2018-06-23,BEL,Belgium,TUN,Tunisia,5,2
2018-06-23,KOR,South Korea,MEX,Mexico,1,2
2018-06-23,GER,Germany,SWE,Sweden,2,1
2018-06-24,ENG,England,PAN,Panama,6,1
2018-06-24,JPN,Japan,SEN,Senegal,2,2
2018-06-25,KSA,Saudi Arabia,EGY,Egypt,2,1
2018-06-25,ESP,Spain,MAR,Morocco,2,2
2018-06-25,IRN,Iran,POR,Portugal,1,1
2018-06-27,KOR,South Korea,GER,Germany,2,0
2018-06-27,MEX,Mexico,SWE,Sweden,0,3
2018-06-28,SEN,Senegal,COL,Colombia,0,1
2018-06-28,PAN,Panama,TUN,Tunisia,1,2
2018-06-28,ENG,England,BEL,Belgium,0,1
2018-06-30,FRA,France,ARG,Argentina,4,3
2018-06-30,URU,Uruguay,POR,Portugal,2,1
2018-07-02,BRA,Brazil,MEX,Mexico,2,0
2018-07-02,BEL,Belgium,JPN,Japan,3,2
2018-07-03,SWE,Sweden,SUI,Switzerland,1,0
2018-07-03,COL,Colombia,ENG,England,1,1
2018-07-06,URU,Uruguay,FRA,France,0,2
2018-07-06,BRA,Brazil,BEL,Belgium,1,2
2018-07-07,SWE,Sweden,ENG,England,0,2
2018-07-10,FRA,France,BEL,Belgium,1,0
2018-07-11,CRO,Croatia,ENG,England,2,1
2018-07-14,BEL,Belgium,ENG,England,2,0
2018-07-15,FRA,France,CRO,Croatia,4,2
2018-09-06,GER,Germany,FRA,France,0,0
2018-09-06,AUT,Austria,SWE,Sweden,2,0
2018-09-06,POR,Portugal,CRO,Croatia,1,1
2018-09-07,MEX,Mexico,URU,Uruguay,1,4
2018-09-07,SCO,Scotland,BEL,Belgium,0,4
2018-09-07,USA,United States,BRA,Brazil,0,2
2018-09-08,ENG,England,ESP,Spain,1,2
2018-09-09,FRA,France,NED,Netherlands,2,1
2018-09-10,SWE,Sweden,TUR,Turkey,2,3
2018-09-11,ESP,Spain,CRO,Croatia,6,0
2018-09-11,BIH,Bosnia and Herzegovina,AUT,Austria,1,0
2018-09-11,COL,Colombia,ARG,Argentina,0,0
2018-09-11,ENG,England,SUI,Switzerland,1,0
2018-09-11,USA,United States,MEX,Mexico,1,0
2018-09-11,UZB,Uzbekistan,IRN,Iran,0,1
2018-10-11,ARG,Argentina,IRQ,Iraq,4,0
2018-10-11,TUR,Turkey,BIH,Bosnia and Herzegovina,0,0
2018-10-11,USA,United States,COL,Colombia,2,4
2018-10-12,BEL,Belgium,SUI,Switzerland,2,1
2018-10-12,CRO,Croatia,ENG,England,0,0
2018-10-12,JPN,Japan,PAN,Panama,3,0
2018-10-12,KOR,South Korea,URU,Uruguay,2,1
2018-10-12,QAT,Qatar,ECU,Ecuador,4,3
2018-10-12,KSA,Saudi Arabia,BRA,Brazil,0,2
2018-10-13,NED,Netherlands,GER,Germany,3,0
2018-10-14,SCO,Scotland,POR,Portugal,1,3
2018-10-15,ESP,Spain,ENG,England,2,3
2018-10-15,CRO,Croatia,JOR,Jordan,2,1
2018-10-15,KSA,Saudi Arabia,IRQ,Iraq,1,1
2018-10-16,FRA,France,GER,Germany,2,1
2018-10-16,BEL,Belgium,NED,Netherlands,1,1
2018-10-16,JPN,Japan,URU,Uruguay,4,3
2018-10-16,KOR,South Korea,PAN,Panama,2,2
2018-10-16,UZB,Uzbekistan,QAT,Qatar,2,0
2018-10-16,ARG,Argentina,BRA,Brazil,0,1
2018-11-14,SUI,Switzerland,QAT,Qatar,0,1
2018-11-15,CRO,Croatia,ESP,Spain,3,2
2018-11-15,AUT,Austria,BIH,Bosnia and Herzegovina,0,0
2018-11-15,ENG,England,USA,United States,3,0
2018-11-16,NED,Netherlands,FRA,France,2,0
2018-11-16,ARG,Argentina,MEX,Mexico,2,0
2018-11-16,BRA,Brazil,URU,Uruguay,1,0
2018-11-16,EGY,Egypt,TUN,Tunisia,3,2
2018-11-17,TUR,Turkey,SWE,Sweden,0,1
2018-11-17,AUS,Australia,KOR,South Korea,1,1
2018-11-18,SUI,Switzerland,BEL,Belgium,5,2
2018-11-18,ENG,England,CRO,Croatia,2,1
2018-11-18,ESP,Spain,BIH,Bosnia and Herzegovina,1,0
2018-11-19,GER,Germany,NED,Netherlands,2,2
2018-11-20,ARG,Argentina,MEX,Mexico,2,0
2018-11-20,FRA,France,URU,Uruguay,1,0
2018-11-20,JOR,Jordan,KSA,Saudi Arabia,1,1
2018-11-20,KOR,South Korea,UZB,Uzbekistan,4,0
2018-11-20,PAN,Panama,ECU,Ecuador,1,2
2018-11-20,RSA,South Africa,PAR,Paraguay,1,1
2018-11-20,TUN,Tunisia,MAR,Morocco,0,1
2018-12-23,QAT,Qatar,JOR,Jordan,2,0
2018-12-27,QAT,Qatar,ALG,Algeria,0,1
2018-12-31,KOR,South Korea,KSA,Saudi Arabia,0,0
2018-12-31,QAT,Qatar,IRN,Iran,1,2
2019-01-06,AUS,Australia,JOR,Jordan,0,1
2019-01-16,IRN,Iran,IRQ,Iraq,0,0
2019-01-17,KSA,Saudi Arabia,QAT,Qatar,0,2
2019-01-17,JPN,Japan,UZB,Uzbekistan,2,1
2019-01-21,AUS,Australia,UZB,Uzbekistan,0,0
2019-01-21,JPN,Japan,KSA,Saudi Arabia,1,0
2019-01-22,QAT,Qatar,IRQ,Iraq,1,0
2019-01-25,KOR,South Korea,QAT,Qatar,0,1
2019-01-27,USA,United States,PAN,Panama,3,0
2019-01-28,IRN,Iran,JPN,Japan,0,3
2019-02-01,JPN,Japan,QAT,Qatar,1,3
2019-03-21,USA,United States,ECU,Ecuador,1,0
2019-03-22,JPN,Japan,COL,Colombia,0,1
2019-03-22,ENG,England,CZE,Czech Republic,5,0
2019-03-23,BRA,Brazil,PAN,Panama,1,1
2019-03-23,ESP,Spain,NOR,Norway,2,1
2019-03-24,NED,Netherlands,GER,Germany,2,3
2019-03-26,ALG,Algeria,TUN,Tunisia,1,0
2019-03-26,CZE,Czech Republic,BRA,Brazil,1,3
2019-03-26,KOR,South Korea,COL,Colombia,2,1
2019-03-26,MAR,Morocco,ARG,Argentina,0,1
2019-03-26,PAR,Paraguay,MEX,Mexico,2,4
2019-03-26,NOR,Norway,SWE,Sweden,3,3
2019-06-02,TUR,Turkey,UZB,Uzbekistan,2,0
2019-06-03,COL,Colombia,PAN,Panama,3,0
2019-06-05,BRA,Brazil,QAT,Qatar,2,0
2019-06-05,POR,Portugal,SUI,Switzerland,3,1
2019-06-06,ENG,England,NED,Netherlands,1,3
2019-06-07,KOR,South Korea,AUS,Australia,1,0
2019-06-07,TUN,Tunisia,IRQ,Iraq,2,0
2019-06-07,URU,Uruguay,PAN,Panama,3,0
2019-06-08,TUR,Turkey,FRA,France,2,0
2019-06-09,MEX,Mexico,ECU,Ecuador,3,2
2019-06-09,SUI,Switzerland,ENG,England,0,0
2019-06-09,POR,Portugal,NED,Netherlands,1,0
2019-06-10,ESP,Spain,SWE,Sweden,3,0
2019-06-11,BEL,Belgium,SCO,Scotland,3,0
2019-06-11,CRO,Croatia,TUN,Tunisia,1,2
2019-06-11,KOR,South Korea,IRN,Iran,1,1
2019-06-15,ARG,Argentina,COL,Colombia,0,2
2019-06-15,GHA,Ghana,RSA,South Africa,0,0
2019-06-16,PAR,Paraguay,QAT,Qatar,2,2
2019-06-16,URU,Uruguay,ECU,Ecuador,4,0
2019-06-19,COL,Colombia,QAT,Qatar,1,0
2019-06-19,ARG,Argentina,PAR,Paraguay,1,1
2019-06-19,MEX,Mexico,CAN,Canada,3,1
2019-06-20,URU,Uruguay,JPN,Japan,2,2
2019-06-23,COL,Colombia,PAR,Paraguay,1,0
2019-06-23,QAT,Qatar,ARG,Argentina,0,2
2019-06-24,CIV,Ivory Coast,RSA,South Africa,1,0
2019-06-24,ECU,Ecuador,JPN,Japan,1,1
2019-06-26,EGY,Egypt,COD,DR Congo,2,0
2019-06-26,USA,United States,PAN,Panama,1,0
2019-06-27,SEN,Senegal,ALG,Algeria,0,1
2019-06-27,BRA,Brazil,PAR,Paraguay,0,0
2019-06-28,MAR,Morocco,CIV,Ivory Coast,1,0
2019-06-29,HAI,Haiti,CAN,Canada,3,2
2019-06-30,USA,United States,CUW,Curaçao,1,0
2019-07-01,RSA,South Africa,MAR,Morocco,0,1
2019-07-02,BRA,Brazil,ARG,Argentina,2,0
2019-07-02,HAI,Haiti,MEX,Mexico,0,1
2019-07-06,EGY,Egypt,RSA,South Africa,0,1
2019-07-07,USA,United States,MEX,Mexico,0,1
2019-07-08,GHA,Ghana,TUN,Tunisia,1,1
2019-07-11,CIV,Ivory Coast,ALG,Algeria,1,1
2019-07-14,SEN,Senegal,TUN,Tunisia,1,0
2019-07-19,SEN,Senegal,ALG,Algeria,0,1
2019-08-10,JOR,Jordan,KSA,Saudi Arabia,3,0
2019-09-05,JPN,Japan,PAR,Paraguay,2,0
2019-09-06,BRA,Brazil,COL,Colombia,2,2
2019-09-06,USA,United States,MEX,Mexico,0,3
2019-09-06,GER,Germany,NED,Netherlands,2,4
2019-09-07,CUW,Curaçao,HAI,Haiti,1,0
2019-09-08,SWE,Sweden,NOR,Norway,1,1
2019-09-09,IRQ,Iraq,UZB,Uzbekistan,0,0
2019-09-09,SCO,Scotland,BEL,Belgium,0,4
2019-09-10,ARG,Argentina,MEX,Mexico,4,0
2019-09-10,CIV,Ivory Coast,TUN,Tunisia,2,1
2019-09-10,JOR,Jordan,PAR,Paraguay,2,4
2019-09-10,USA,United States,URU,Uruguay,1,1
2019-09-10,HAI,Haiti,CUW,Curaçao,1,1
2019-10-09,GER,Germany,ARG,Argentina,2,2
2019-10-10,ALG,Algeria,COD,DR Congo,1,1
2019-10-10,BRA,Brazil,SEN,Senegal,1,1
2019-10-11,CZE,Czech Republic,ENG,England,2,1
2019-10-12,NOR,Norway,ESP,Spain,1,1
2019-10-12,CIV,Ivory Coast,COD,DR Congo,3,1
2019-10-13,ECU,Ecuador,ARG,Argentina,1,6
2019-10-14,FRA,France,TUR,Turkey,1,1
2019-10-15,SWE,Sweden,ESP,Spain,1,1
2019-10-15,ALG,Algeria,COL,Colombia,3,0
2019-10-15,CAN,Canada,USA,United States,2,0
2019-10-15,MEX,Mexico,PAN,Panama,3,1
2019-11-14,GHA,Ghana,RSA,South Africa,2,0
2019-11-14,JOR,Jordan,AUS,Australia,0,1
2019-11-14,IRQ,Iraq,IRN,Iran,2,1
2019-11-14,UZB,Uzbekistan,KSA,Saudi Arabia,2,3
2019-11-15,BRA,Brazil,ARG,Argentina,0,1
2019-11-15,USA,United States,CAN,Canada,4,1
2019-11-15,PAN,Panama,MEX,Mexico,0,3
2019-11-18,ARG,Argentina,URU,Uruguay,2,2
2019-11-19,BRA,Brazil,KOR,South Korea,3,0
2019-11-19,ECU,Ecuador,COL,Colombia,0,1
2019-11-19,KSA,Saudi Arabia,PAR,Paraguay,0,0
2019-11-26,QAT,Qatar,IRQ,Iraq,1,2
2019-12-05,QAT,Qatar,KSA,Saudi Arabia,0,1
2019-12-18,KOR,South Korea,JPN,Japan,1,0
2020-09-03,GER,Germany,ESP,Spain,1,1
2020-09-04,NOR,Norway,AUT,Austria,1,2
2020-09-05,POR,Portugal,CRO,Croatia,4,1
2020-09-05,SWE,Sweden,FRA,France,0,1
2020-09-06,SUI,Switzerland,GER,Germany,1,1
2020-09-07,CZE,Czech Republic,SCO,Scotland,1,2
2020-09-08,FRA,France,CRO,Croatia,4,2
2020-09-08,SWE,Sweden,POR,Portugal,0,2
2020-10-07,GER,Germany,TUR,Turkey,3,3
2020-10-07,NED,Netherlands,MEX,Mexico,0,1
2020-10-07,POR,Portugal,ESP,Spain,0,0
2020-10-07,SUI,Switzerland,CRO,Croatia,1,2
2020-10-08,BEL,Belgium,CIV,Ivory Coast,1,1
2020-10-08,UZB,Uzbekistan,IRN,Iran,1,2
2020-10-08,ARG,Argentina,ECU,Ecuador,1,0
2020-10-09,MAR,Morocco,SEN,Senegal,3,1
2020-10-10,ESP,Spain,SUI,Switzerland,1,0
2020-10-11,BIH,Bosnia and Herzegovina,NED,Netherlands,0,0
2020-10-11,ENG,England,BEL,Belgium,2,1
2020-10-11,CRO,Croatia,SWE,Sweden,2,1
2020-10-11,FRA,France,POR,Portugal,0,0
2020-10-12,GHA,Ghana,QAT,Qatar,5,1
2020-10-13,GER,Germany,SUI,Switzerland,3,3
2020-10-13,JPN,Japan,CIV,Ivory Coast,1,0
2020-10-13,MEX,Mexico,ALG,Algeria,2,2
2020-10-13,MAR,Morocco,COD,DR Congo,1,1
2020-10-13,ECU,Ecuador,URU,Uruguay,4,2
2020-10-14,POR,Portugal,SWE,Sweden,3,0
2020-10-14,CRO,Croatia,FRA,France,1,2
2020-10-14,SCO,Scotland,CZE,Czech Republic,1,0
2020-11-11,BEL,Belgium,SUI,Switzerland,2,1
2020-11-11,GER,Germany,CZE,Czech Republic,1,0
2020-11-11,NED,Netherlands,ESP,Spain,1,1
2020-11-11,TUR,Turkey,CRO,Croatia,3,3
2020-11-12,BIH,Bosnia and Herzegovina,IRN,Iran,0,2
2020-11-12,JOR,Jordan,IRQ,Iraq,0,0
2020-11-12,ARG,Argentina,PAR,Paraguay,1,1
2020-11-13,JPN,Japan,PAN,Panama,1,0
2020-11-13,COL,Colombia,URU,Uruguay,0,3
2020-11-14,POR,Portugal,FRA,France,0,1
2020-11-14,SWE,Sweden,CRO,Croatia,2,1
2020-11-14,SUI,Switzerland,ESP,Spain,1,1
2020-11-14,MEX,Mexico,KOR,South Korea,3,2
2020-11-15,NED,Netherlands,BIH,Bosnia and Herzegovina,3,1
2020-11-15,BEL,Belgium,ENG,England,2,0
2020-11-16,USA,United States,PAN,Panama,6,2
2020-11-17,CRO,Croatia,POR,Portugal,2,3
2020-11-17,FRA,France,SWE,Sweden,4,2
2020-11-17,ESP,Spain,GER,Germany,6,0
2020-11-17,JPN,Japan,MEX,Mexico,0,2
2020-11-17,KOR,South Korea,QAT,Qatar,2,1
2020-11-17,UZB,Uzbekistan,IRQ,Iraq,1,2
2020-11-17,ECU,Ecuador,COL,Colombia,6,1
2020-11-17,URU,Uruguay,BRA,Brazil,0,2
2020-11-18,AUT,Austria,NOR,Norway,1,1
2021-02-15,JOR,Jordan,UZB,Uzbekistan,0,2
2021-03-24,TUR,Turkey,NED,Netherlands,4,2
2021-03-25,JPN,Japan,KOR,South Korea,3,0
2021-03-25,SCO,Scotland,AUT,Austria,2,2
2021-03-25,RSA,South Africa,GHA,Ghana,1,1
2021-03-27,CZE,Czech Republic,BEL,Belgium,1,1
2021-03-27,NOR,Norway,TUR,Turkey,0,3
2021-03-29,UZB,Uzbekistan,IRQ,Iraq,0,1
2021-03-31,BIH,Bosnia and Herzegovina,FRA,France,0,1
2021-05-30,SUI,Switzerland,USA,United States,2,1
2021-06-02,ENG,England,AUT,Austria,1,0
2021-06-02,NED,Netherlands,SCO,Scotland,2,2
2021-06-03,URU,Uruguay,PAR,Paraguay,0,0
2021-06-04,ESP,Spain,POR,Portugal,0,0
2021-06-04,BRA,Brazil,ECU,Ecuador,2,0
2021-06-05,TUN,Tunisia,COD,DR Congo,1,0
2021-06-06,BEL,Belgium,CRO,Croatia,1,0
2021-06-06,USA,United States,MEX,Mexico,3,2
2021-06-08,MAR,Morocco,GHA,Ghana,1,0
2021-06-08,SEN,Senegal,CPV,Cape Verde,2,0
2021-06-08,COL,Colombia,ARG,Argentina,2,2
2021-06-08,PAR,Paraguay,BRA,Brazil,0,2
2021-06-11,TUN,Tunisia,ALG,Algeria,0,2
2021-06-12,HAI,Haiti,CAN,Canada,0,1
2021-06-12,PAN,Panama,CUW,Curaçao,2,1
2021-06-12,GHA,Ghana,CIV,Ivory Coast,0,0
2021-06-13,ENG,England,CRO,Croatia,1,0
2021-06-13,COL,Colombia,ECU,Ecuador,1,0
2021-06-14,SCO,Scotland,CZE,Czech Republic,0,2
2021-06-14,ESP,Spain,SWE,Sweden,0,0
2021-06-15,AUS,Australia,JOR,Jordan,1,0
2021-06-15,IRN,Iran,IRQ,Iraq,1,0
2021-06-15,KSA,Saudi Arabia,UZB,Uzbekistan,3,0
2021-06-15,CAN,Canada,HAI,Haiti,3,0
2021-06-15,CUW,Curaçao,PAN,Panama,0,0
2021-06-15,GER,Germany,FRA,France,0,1
2021-06-17,NED,Netherlands,AUT,Austria,2,0
2021-06-18,CRO,Croatia,CZE,Czech Republic,1,1
2021-06-18,ENG,England,SCO,Scotland,0,0
2021-06-18,ARG,Argentina,URU,Uruguay,1,0
2021-06-19,GER,Germany,POR,Portugal,4,2
2021-06-20,SUI,Switzerland,TUR,Turkey,3,1
2021-06-21,ARG,Argentina,PAR,Paraguay,1,0
2021-06-22,SCO,Scotland,CRO,Croatia,1,3
2021-06-22,ENG,England,CZE,Czech Republic,1,0
2021-06-23,POR,Portugal,FRA,France,2,2
2021-06-23,BRA,Brazil,COL,Colombia,2,1
2021-06-27,NED,Netherlands,CZE,Czech Republic,0,2
2021-06-27,BEL,Belgium,POR,Portugal,1,0
2021-06-27,BRA,Brazil,ECU,Ecuador,1,1
2021-06-28,CRO,Croatia,ESP,Spain,3,5
2021-06-28,FRA,France,SUI,Switzerland,3,3
2021-06-28,URU,Uruguay,PAR,Paraguay,1,0
2021-06-29,ENG,England,GER,Germany,2,0
2021-06-30,MEX,Mexico,PAN,Panama,3,0
2021-07-02,SUI,Switzerland,ESP,Spain,1,1
2021-07-03,URU,Uruguay,COL,Colombia,0,0
2021-07-03,ARG,Argentina,ECU,Ecuador,3,0
2021-07-06,ARG,Argentina,COL,Colombia,1,1
2021-07-10,BRA,Brazil,ARG,Argentina,0,1
2021-07-11,USA,United States,HAI,Haiti,1,0
2021-07-13,QAT,Qatar,PAN,Panama,3,3
2021-07-15,HAI,Haiti,CAN,Canada,1,4
2021-07-18,RSA,South Africa,SEN,Senegal,0,0
2021-07-18,USA,United States,CAN,Canada,1,0
2021-07-29,MEX,Mexico,CAN,Canada,2,1
2021-07-29,USA,United States,QAT,Qatar,1,0
2021-08-01,USA,United States,MEX,Mexico,1,0
2021-09-01,FRA,France,BIH,Bosnia and Herzegovina,1,1
2021-09-01,NOR,Norway,NED,Netherlands,1,1
2021-09-02,KOR,South Korea,IRQ,Iraq,0,0
2021-09-02,SWE,Sweden,ESP,Spain,2,1
2021-09-02,ECU,Ecuador,PAR,Paraguay,2,0
2021-09-04,HAI,Haiti,JOR,Jordan,2,0
2021-09-04,QAT,Qatar,POR,Portugal,1,3
2021-09-05,SWE,Sweden,UZB,Uzbekistan,2,1
2021-09-05,BEL,Belgium,CZE,Czech Republic,3,0
2021-09-05,PAR,Paraguay,COL,Colombia,1,1
2021-09-05,USA,United States,CAN,Canada,1,1
2021-09-06,RSA,South Africa,GHA,Ghana,1,0
2021-09-07,IRQ,Iraq,IRN,Iran,0,3
2021-09-07,AUT,Austria,SCO,Scotland,0,1
2021-09-07,NED,Netherlands,TUR,Turkey,6,1
2021-09-08,PAN,Panama,MEX,Mexico,1,1
2021-09-09,URU,Uruguay,ECU,Ecuador,1,0
2021-10-07,KSA,Saudi Arabia,JPN,Japan,1,0
2021-10-07,MEX,Mexico,CAN,Canada,1,1
2021-10-07,PAR,Paraguay,ARG,Argentina,0,0
2021-10-07,URU,Uruguay,COL,Colombia,0,0
2021-10-07,BEL,Belgium,FRA,France,2,3
2021-10-08,TUR,Turkey,NOR,Norway,1,1
2021-10-09,CUW,Curaçao,NZL,New Zealand,1,2
2021-10-09,POR,Portugal,QAT,Qatar,3,0
2021-10-10,PAN,Panama,USA,United States,1,0
2021-10-10,COL,Colombia,BRA,Brazil,0,0
2021-10-10,ARG,Argentina,URU,Uruguay,3,0
2021-10-10,ESP,Spain,FRA,France,1,2
2021-10-12,IRN,Iran,KOR,South Korea,1,1
2021-10-12,JPN,Japan,AUS,Australia,2,1
2021-10-12,JOR,Jordan,UZB,Uzbekistan,3,0
2021-10-13,CAN,Canada,PAN,Panama,4,1
2021-10-14,COL,Colombia,ECU,Ecuador,0,0
2021-10-14,BRA,Brazil,URU,Uruguay,4,1
2021-10-27,MEX,Mexico,ECU,Ecuador,2,3
2021-11-11,AUS,Australia,KSA,Saudi Arabia,0,0
2021-11-11,BRA,Brazil,COL,Colombia,1,0
2021-11-12,USA,United States,MEX,Mexico,2,0
2021-11-12,URU,Uruguay,ARG,Argentina,0,1
2021-11-14,GHA,Ghana,RSA,South Africa,1,0
2021-11-14,ESP,Spain,SWE,Sweden,1,0
2021-11-16,IRQ,Iraq,KOR,South Korea,0,3
2021-11-16,CAN,Canada,MEX,Mexico,2,1
2021-11-16,NED,Netherlands,NOR,Norway,2,0
2021-11-16,COL,Colombia,PAR,Paraguay,0,0
2021-11-16,ARG,Argentina,BRA,Brazil,0,0
2021-12-01,KSA,Saudi Arabia,JOR,Jordan,0,1
2021-12-04,JOR,Jordan,MAR,Morocco,0,4
2021-12-06,QAT,Qatar,IRQ,Iraq,3,0
2021-12-07,MAR,Morocco,KSA,Saudi Arabia,1,0
2021-12-07,ALG,Algeria,EGY,Egypt,1,1
2021-12-11,EGY,Egypt,JOR,Jordan,3,1
2021-12-11,MAR,Morocco,ALG,Algeria,2,2
2021-12-15,TUN,Tunisia,EGY,Egypt,1,0
2021-12-15,QAT,Qatar,ALG,Algeria,1,2
2021-12-18,QAT,Qatar,EGY,Egypt,0,0
2021-12-18,TUN,Tunisia,ALG,Algeria,0,2
2021-12-18,USA,United States,BIH,Bosnia and Herzegovina,1,0
2022-01-05,ALG,Algeria,GHA,Ghana,3,0
2022-01-10,MAR,Morocco,GHA,Ghana,1,0
2022-01-20,CIV,Ivory Coast,ALG,Algeria,3,1
2022-01-25,SEN,Senegal,CPV,Cape Verde,2,0
2022-01-26,CIV,Ivory Coast,EGY,Egypt,0,0
2022-01-27,IRN,Iran,IRQ,Iraq,1,0
2022-01-27,ECU,Ecuador,BRA,Brazil,1,1
2022-01-27,PAR,Paraguay,URU,Uruguay,0,1
2022-01-28,JOR,Jordan,NZL,New Zealand,3,1
2022-01-30,EGY,Egypt,MAR,Morocco,2,1
2022-01-30,CAN,Canada,USA,United States,2,0
2022-02-01,JPN,Japan,KSA,Saudi Arabia,2,0
2022-02-01,ARG,Argentina,COL,Colombia,1,0
2022-02-01,BRA,Brazil,PAR,Paraguay,4,0
2022-02-02,MEX,Mexico,PAN,Panama,1,0
2022-02-06,SEN,Senegal,EGY,Egypt,0,0
2022-03-24,MEX,Mexico,USA,United States,0,0
2022-03-24,KOR,South Korea,IRN,Iran,2,0
2022-03-24,AUS,Australia,JPN,Japan,0,2
2022-03-24,PAR,Paraguay,ECU,Ecuador,3,1
2022-03-24,POR,Portugal,TUR,Turkey,3,1
2022-03-24,SWE,Sweden,CZE,Czech Republic,1,0
2022-03-25,COD,DR Congo,MAR,Morocco,1,1
2022-03-25,EGY,Egypt,SEN,Senegal,1,0
2022-03-25,FRA,France,CIV,Ivory Coast,2,1
2022-03-26,ENG,England,SUI,Switzerland,2,1
2022-03-27,USA,United States,PAN,Panama,5,1
2022-03-29,MAR,Morocco,COD,DR Congo,4,1
2022-03-29,SEN,Senegal,EGY,Egypt,1,0
2022-03-29,KSA,Saudi Arabia,AUS,Australia,1,0
2022-03-29,ECU,Ecuador,ARG,Argentina,1,1
2022-03-29,AUT,Austria,SCO,Scotland,2,2
2022-03-29,ENG,England,CIV,Ivory Coast,3,0
2022-03-29,FRA,France,RSA,South Africa,5,0
2022-03-29,NED,Netherlands,GER,Germany,1,1
2022-03-30,PAN,Panama,CAN,Canada,1,0
2022-06-01,AUS,Australia,JOR,Jordan,2,1
2022-06-01,USA,United States,MAR,Morocco,3,0
2022-06-02,CZE,Czech Republic,SUI,Switzerland,2,1
2022-06-02,ESP,Spain,POR,Portugal,1,1
2022-06-02,JPN,Japan,PAR,Paraguay,4,1
2022-06-02,KOR,South Korea,BRA,Brazil,1,5
2022-06-02,MEX,Mexico,URU,Uruguay,0,3
2022-06-03,CRO,Croatia,AUT,Austria,0,3
2022-06-03,BEL,Belgium,NED,Netherlands,1,4
2022-06-05,POR,Portugal,SUI,Switzerland,4,0
2022-06-05,CZE,Czech Republic,ESP,Spain,2,2
2022-06-05,SWE,Sweden,NOR,Norway,1,2
2022-06-05,MEX,Mexico,ECU,Ecuador,0,0
2022-06-05,KSA,Saudi Arabia,COL,Colombia,0,1
2022-06-05,USA,United States,URU,Uruguay,0,0
2022-06-06,CRO,Croatia,FRA,France,1,1
2022-06-06,JPN,Japan,BRA,Brazil,0,1
2022-06-07,GER,Germany,ENG,England,1,1
2022-06-09,MAR,Morocco,RSA,South Africa,2,1
2022-06-09,CAN,Canada,CUW,Curaçao,4,0
2022-06-09,POR,Portugal,CZE,Czech Republic,2,0
2022-06-09,SUI,Switzerland,ESP,Spain,0,1
2022-06-10,AUT,Austria,FRA,France,1,1
2022-06-10,KOR,South Korea,PAR,Paraguay,2,2
2022-06-10,JPN,Japan,GHA,Ghana,4,1
2022-06-11,ECU,Ecuador,CPV,Cape Verde,1,0
2022-06-11,URU,Uruguay,PAN,Panama,5,0
2022-06-12,ESP,Spain,CZE,Czech Republic,2,0
2022-06-12,SUI,Switzerland,POR,Portugal,1,0
2022-06-12,NOR,Norway,SWE,Sweden,3,2
2022-06-12,IRN,Iran,ALG,Algeria,1,2
2022-06-13,FRA,France,CRO,Croatia,0,1
2022-06-14,JPN,Japan,TUN,Tunisia,0,3
2022-06-14,KOR,South Korea,EGY,Egypt,4,1
2022-07-27,JPN,Japan,KOR,South Korea,3,0
2022-08-31,MEX,Mexico,PAR,Paraguay,0,1
2022-09-22,AUS,Australia,NZL,New Zealand,1,0
2022-09-22,FRA,France,AUT,Austria,2,0
2022-09-23,JPN,Japan,USA,United States,2,0
2022-09-23,BRA,Brazil,GHA,Ghana,3,0
2022-09-23,CAN,Canada,QAT,Qatar,2,0
2022-09-23,IRN,Iran,URU,Uruguay,1,0
2022-09-23,KSA,Saudi Arabia,ECU,Ecuador,0,0
2022-09-24,CZE,Czech Republic,POR,Portugal,0,4
2022-09-24,ESP,Spain,SUI,Switzerland,1,2
2022-09-25,NZL,New Zealand,AUS,Australia,0,2
2022-09-25,AUT,Austria,CRO,Croatia,1,3
2022-09-25,NED,Netherlands,BEL,Belgium,1,0
2022-09-26,ENG,England,GER,Germany,3,3
2022-09-27,BRA,Brazil,TUN,Tunisia,5,1
2022-09-27,CAN,Canada,URU,Uruguay,0,2
2022-09-27,ECU,Ecuador,JPN,Japan,0,0
2022-09-27,IRN,Iran,SEN,Senegal,1,1
2022-09-27,MEX,Mexico,COL,Colombia,2,3
2022-09-27,PAR,Paraguay,MAR,Morocco,0,0
2022-09-27,KSA,Saudi Arabia,USA,United States,0,0
2022-09-27,POR,Portugal,ESP,Spain,0,1
2022-09-27,SUI,Switzerland,CZE,Czech Republic,2,1
2022-11-07,QAT,Qatar,PAN,Panama,2,1
2022-11-09,MEX,Mexico,IRQ,Iraq,4,0
2022-11-10,KSA,Saudi Arabia,PAN,Panama,1,1
2022-11-12,IRQ,Iraq,ECU,Ecuador,0,0
2022-11-16,IRN,Iran,TUN,Tunisia,0,2
2022-11-16,MEX,Mexico,SWE,Sweden,1,2
2022-11-16,KSA,Saudi Arabia,CRO,Croatia,0,1
2022-11-16,TUR,Turkey,SCO,Scotland,2,1
2022-11-17,JPN,Japan,CAN,Canada,1,2
2022-11-17,JOR,Jordan,ESP,Spain,1,3
2022-11-17,SUI,Switzerland,GHA,Ghana,0,2
2022-11-18,EGY,Egypt,BEL,Belgium,2,1
2022-11-19,COL,Colombia,PAR,Paraguay,2,0
2022-11-19,SWE,Sweden,ALG,Algeria,2,0
2022-11-19,TUR,Turkey,CZE,Czech Republic,2,1
2022-11-20,QAT,Qatar,ECU,Ecuador,0,2
2022-11-21,SEN,Senegal,NED,Netherlands,0,2
2022-11-21,ENG,England,IRN,Iran,6,2
2022-11-22,ARG,Argentina,KSA,Saudi Arabia,1,2
2022-11-22,FRA,France,AUS,Australia,4,1
2022-11-23,GER,Germany,JPN,Japan,1,2
2022-11-23,MAR,Morocco,CRO,Croatia,0,0
2022-11-23,BEL,Belgium,CAN,Canada,1,0
2022-11-24,URU,Uruguay,KOR,South Korea,0,0
2022-11-24,POR,Portugal,GHA,Ghana,3,2
2022-11-25,QAT,Qatar,SEN,Senegal,1,3
2022-11-25,NED,Netherlands,ECU,Ecuador,1,1
2022-11-25,ENG,England,USA,United States,0,0
2022-11-26,ARG,Argentina,MEX,Mexico,2,0
2022-11-26,TUN,Tunisia,AUS,Australia,0,1
2022-11-27,ESP,Spain,GER,Germany,1,1
2022-11-27,BEL,Belgium,MAR,Morocco,0,2
2022-11-27,CRO,Croatia,CAN,Canada,4,1
2022-11-28,BRA,Brazil,SUI,Switzerland,1,0
2022-11-28,KOR,South Korea,GHA,Ghana,2,3
2022-11-28,POR,Portugal,URU,Uruguay,2,0
2022-11-29,ECU,Ecuador,SEN,Senegal,1,2
2022-11-29,QAT,Qatar,NED,Netherlands,0,2
2022-11-29,IRN,Iran,USA,United States,0,1
2022-11-30,KSA,Saudi Arabia,MEX,Mexico,1,2
2022-11-30,TUN,Tunisia,FRA,France,1,0
2022-12-01,JPN,Japan,ESP,Spain,2,1
2022-12-01,CRO,Croatia,BEL,Belgium,0,0
2022-12-01,CAN,Canada,MAR,Morocco,1,2
2022-12-02,GHA,Ghana,URU,Uruguay,0,2
2022-12-02,KOR,South Korea,POR,Portugal,2,1
2022-12-03,NED,Netherlands,USA,United States,3,1
2022-12-03,ARG,Argentina,AUS,Australia,2,1
2022-12-04,ENG,England,SEN,Senegal,3,0
2022-12-05,JPN,Japan,CRO,Croatia,1,1
2022-12-05,BRA,Brazil,KOR,South Korea,4,1
2022-12-06,MAR,Morocco,ESP,Spain,0,0
2022-12-06,POR,Portugal,SUI,Switzerland,6,1
2022-12-09,CRO,Croatia,BRA,Brazil,1,1
2022-12-09,NED,Netherlands,ARG,Argentina,2,2
2022-12-10,MAR,Morocco,POR,Portugal,1,0
2022-12-10,ENG,England,FRA,France,1,2
2022-12-13,ARG,Argentina,CRO,Croatia,3,0
2022-12-14,FRA,France,MAR,Morocco,2,0
2022-12-17,CRO,Croatia,MAR,Morocco,2,1
2022-12-18,ARG,Argentina,FRA,France,3,3
2023-01-09,IRQ,Iraq,KSA,Saudi Arabia,2,0
2023-01-16,IRQ,Iraq,QAT,Qatar,2,1
2023-01-28,USA,United States,COL,Colombia,0,0
2023-03-23,ARG,Argentina,PAN,Panama,2,0
2023-03-24,AUS,Australia,ECU,Ecuador,3,1
2023-03-24,JPN,Japan,URU,Uruguay,1,1
2023-03-24,KOR,South Korea,COL,Colombia,2,2
2023-03-24,FRA,France,NED,Netherlands,4,0
2023-03-24,SWE,Sweden,BEL,Belgium,0,3
2023-03-25,MAR,Morocco,BRA,Brazil,2,1
2023-03-25,ESP,Spain,NOR,Norway,3,0
2023-03-25,CUW,Curaçao,CAN,Canada,0,2
2023-03-28,ARG,Argentina,CUW,Curaçao,7,0
2023-03-28,AUS,Australia,ECU,Ecuador,1,2
2023-03-28,GER,Germany,BEL,Belgium,2,3
2023-03-28,JPN,Japan,COL,Colombia,1,2
2023-03-28,KOR,South Korea,URU,Uruguay,1,2
2023-03-28,SCO,Scotland,ESP,Spain,2,0
2023-03-28,TUR,Turkey,CRO,Croatia,0,2
2023-04-19,USA,United States,MEX,Mexico,1,1
2023-06-12,MAR,Morocco,CPV,Cape Verde,0,0
2023-06-14,NED,Netherlands,CRO,Croatia,2,4
2023-06-15,PAN,Panama,CAN,Canada,0,2
2023-06-15,USA,United States,MEX,Mexico,3,0
2023-06-15,ARG,Argentina,AUS,Australia,2,0
2023-06-16,COL,Colombia,IRQ,Iraq,1,0
2023-06-16,SWE,Sweden,NZL,New Zealand,4,1
2023-06-17,NOR,Norway,SCO,Scotland,1,2
2023-06-17,BEL,Belgium,AUT,Austria,1,1
2023-06-17,POR,Portugal,BIH,Bosnia and Herzegovina,3,0
2023-06-17,RSA,South Africa,MAR,Morocco,2,1
2023-06-18,PAN,Panama,MEX,Mexico,0,1
2023-06-18,USA,United States,CAN,Canada,2,0
2023-06-18,CRO,Croatia,ESP,Spain,0,0
2023-06-20,ALG,Algeria,TUN,Tunisia,1,1
2023-06-20,BRA,Brazil,SEN,Senegal,2,4
2023-06-20,GER,Germany,COL,Colombia,0,2
2023-06-20,AUT,Austria,SWE,Sweden,2,0
2023-06-20,UZB,Uzbekistan,IRN,Iran,0,1
2023-06-25,HAI,Haiti,QAT,Qatar,2,1
2023-06-29,HAI,Haiti,MEX,Mexico,1,3
2023-07-02,MEX,Mexico,QAT,Qatar,0,1
2023-07-08,PAN,Panama,QAT,Qatar,4,0
2023-07-09,USA,United States,CAN,Canada,2,2
2023-07-12,USA,United States,PAN,Panama,1,1
2023-07-16,MEX,Mexico,PAN,Panama,1,0
2023-09-07,ARG,Argentina,ECU,Ecuador,1,0
2023-09-07,NOR,Norway,JOR,Jordan,6,0
2023-09-09,GER,Germany,JPN,Japan,1,4
2023-09-09,MEX,Mexico,AUS,Australia,2,2
2023-09-09,USA,United States,UZB,Uzbekistan,3,0
2023-09-12,ECU,Ecuador,URU,Uruguay,2,1
2023-09-12,EGY,Egypt,TUN,Tunisia,1,3
2023-09-12,GER,Germany,FRA,France,2,1
2023-09-12,JPN,Japan,TUR,Turkey,4,2
2023-09-12,KOR,South Korea,KSA,Saudi Arabia,1,0
2023-09-12,MEX,Mexico,UZB,Uzbekistan,3,3
2023-09-12,SCO,Scotland,ENG,England,1,3
2023-09-12,SEN,Senegal,ALG,Algeria,0,1
2023-09-12,RSA,South Africa,COD,DR Congo,1,0
2023-09-12,SWE,Sweden,AUT,Austria,1,3
2023-10-12,COL,Colombia,URU,Uruguay,2,2
2023-10-12,ARG,Argentina,PAR,Paraguay,1,0
2023-10-12,ALG,Algeria,CPV,Cape Verde,5,1
2023-10-12,ESP,Spain,SCO,Scotland,2,0
2023-10-12,CRO,Croatia,TUR,Turkey,0,1
2023-10-13,CUW,Curaçao,PAN,Panama,1,2
2023-10-13,COD,DR Congo,NZL,New Zealand,1,1
2023-10-13,ENG,England,AUS,Australia,1,0
2023-10-13,IRQ,Iraq,QAT,Qatar,0,0
2023-10-13,JPN,Japan,CAN,Canada,4,1
2023-10-13,KOR,South Korea,TUN,Tunisia,4,0
2023-10-13,NED,Netherlands,FRA,France,1,2
2023-10-13,AUT,Austria,BEL,Belgium,2,3
2023-10-14,CIV,Ivory Coast,MAR,Morocco,1,1
2023-10-14,MEX,Mexico,GHA,Ghana,2,0
2023-10-14,USA,United States,GER,Germany,1,3
2023-10-15,NOR,Norway,ESP,Spain,0,1
2023-10-16,ALG,Algeria,EGY,Egypt,1,1
2023-10-16,BEL,Belgium,SWE,Sweden,1,1
2023-10-16,BIH,Bosnia and Herzegovina,POR,Portugal,0,5
2023-10-17,ECU,Ecuador,COL,Colombia,0,0
2023-10-17,URU,Uruguay,BRA,Brazil,2,0
2023-10-17,AUS,Australia,NZL,New Zealand,2,0
2023-10-17,FRA,France,SCO,Scotland,4,1
2023-10-17,CIV,Ivory Coast,RSA,South Africa,1,1
2023-10-17,MEX,Mexico,GER,Germany,2,2
2023-10-17,USA,United States,GHA,Ghana,4,0
2023-11-16,COL,Colombia,BRA,Brazil,2,1
2023-11-16,ARG,Argentina,URU,Uruguay,0,2
2023-11-18,GER,Germany,TUR,Turkey,2,3
2023-11-19,SCO,Scotland,NOR,Norway,3,3
2023-11-21,PAR,Paraguay,COL,Colombia,0,1
2023-11-21,BRA,Brazil,ARG,Argentina,0,1
2023-11-21,UZB,Uzbekistan,IRN,Iran,2,2
2023-11-21,JOR,Jordan,KSA,Saudi Arabia,0,2
2023-11-21,AUT,Austria,GER,Germany,2,0
2023-12-16,MEX,Mexico,COL,Colombia,2,3
2024-01-05,QAT,Qatar,JOR,Jordan,1,2
2024-01-06,IRQ,Iraq,KOR,South Korea,0,1
2024-01-09,JPN,Japan,JOR,Jordan,6,1
2024-01-10,TUN,Tunisia,CPV,Cape Verde,2,0
2024-01-14,GHA,Ghana,CPV,Cape Verde,1,2
2024-01-18,EGY,Egypt,GHA,Ghana,2,2
2024-01-19,IRQ,Iraq,JPN,Japan,2,1
2024-01-20,JOR,Jordan,KOR,South Korea,2,2
2024-01-21,MAR,Morocco,COD,DR Congo,1,1
2024-01-22,CPV,Cape Verde,EGY,Egypt,2,2
2024-01-23,AUS,Australia,UZB,Uzbekistan,1,1
2024-01-24,RSA,South Africa,TUN,Tunisia,0,0
2024-01-28,EGY,Egypt,COD,DR Congo,1,1
2024-01-29,IRQ,Iraq,JOR,Jordan,2,3
2024-01-29,CIV,Ivory Coast,SEN,Senegal,1,1
2024-01-30,KSA,Saudi Arabia,KOR,South Korea,1,1
2024-01-30,MAR,Morocco,RSA,South Africa,0,2
2024-02-02,AUS,Australia,KOR,South Korea,1,2
2024-02-03,IRN,Iran,JPN,Japan,2,1
2024-02-03,QAT,Qatar,UZB,Uzbekistan,1,1
2024-02-03,CPV,Cape Verde,RSA,South Africa,0,0
2024-02-06,JOR,Jordan,KOR,South Korea,2,0
2024-02-07,QAT,Qatar,IRN,Iran,3,2
2024-02-07,CIV,Ivory Coast,COD,DR Congo,1,0
2024-02-10,QAT,Qatar,JOR,Jordan,3,1
2024-02-10,RSA,South Africa,COD,DR Congo,0,0
2024-03-21,PAN,Panama,MEX,Mexico,0,3
2024-03-21,POR,Portugal,SWE,Sweden,5,2
2024-03-22,EGY,Egypt,NZL,New Zealand,1,0
2024-03-22,NED,Netherlands,SCO,Scotland,4,0
2024-03-22,NOR,Norway,CZE,Czech Republic,1,2
2024-03-22,ESP,Spain,COL,Colombia,0,1
2024-03-23,TUN,Tunisia,CRO,Croatia,0,0
2024-03-23,ENG,England,BRA,Brazil,0,1
2024-03-23,FRA,France,GER,Germany,0,2
2024-03-24,USA,United States,MEX,Mexico,2,0
2024-03-26,ALG,Algeria,RSA,South Africa,3,3
2024-03-26,EGY,Egypt,CRO,Croatia,2,4
2024-03-26,NZL,New Zealand,TUN,Tunisia,0,0
2024-03-26,AUT,Austria,TUR,Turkey,6,1
2024-03-26,ENG,England,BEL,Belgium,2,2
2024-03-26,GER,Germany,NED,Netherlands,2,1
2024-03-26,CIV,Ivory Coast,URU,Uruguay,2,1
2024-03-26,ESP,Spain,BRA,Brazil,3,3
2024-06-03,ENG,England,BIH,Bosnia and Herzegovina,3,0
2024-06-05,MEX,Mexico,URU,Uruguay,0,4
2024-06-06,NED,Netherlands,CAN,Canada,4,0
2024-06-06,SEN,Senegal,COD,DR Congo,1,1
2024-06-08,MEX,Mexico,BRA,Brazil,2,3
2024-06-08,POR,Portugal,CRO,Croatia,1,2
2024-06-08,SUI,Switzerland,AUT,Austria,1,1
2024-06-08,USA,United States,COL,Colombia,1,5
2024-06-09,ARG,Argentina,ECU,Ecuador,1,0
2024-06-09,FRA,France,CAN,Canada,0,0
2024-06-11,IRN,Iran,UZB,Uzbekistan,0,0
2024-06-11,KSA,Saudi Arabia,JOR,Jordan,1,2
2024-06-12,USA,United States,BRA,Brazil,1,1
2024-06-14,GER,Germany,SCO,Scotland,5,1
2024-06-15,ESP,Spain,CRO,Croatia,3,0
2024-06-16,PAN,Panama,PAR,Paraguay,0,1
2024-06-17,AUT,Austria,FRA,France,0,1
2024-06-18,POR,Portugal,CZE,Czech Republic,2,1
2024-06-19,SCO,Scotland,SUI,Switzerland,1,1
2024-06-20,ARG,Argentina,CAN,Canada,2,0
2024-06-21,NED,Netherlands,FRA,France,0,0
2024-06-22,TUR,Turkey,POR,Portugal,0,3
2024-06-23,GER,Germany,SUI,Switzerland,1,1
2024-06-23,URU,Uruguay,PAN,Panama,3,1
2024-06-24,COL,Colombia,PAR,Paraguay,2,1
2024-06-25,NED,Netherlands,AUT,Austria,2,3
2024-06-26,CZE,Czech Republic,TUR,Turkey,1,2
2024-06-27,USA,United States,PAN,Panama,1,2
2024-06-28,PAR,Paraguay,BRA,Brazil,1,4
2024-06-30,MEX,Mexico,ECU,Ecuador,0,0
2024-07-01,FRA,France,BEL,Belgium,1,0
2024-07-01,USA,United States,URU,Uruguay,0,1
2024-07-02,AUT,Austria,TUR,Turkey,1,2
2024-07-02,BRA,Brazil,COL,Colombia,1,1
2024-07-04,ARG,Argentina,ECU,Ecuador,1,1
2024-07-05,GER,Germany,ESP,Spain,1,2
2024-07-05,POR,Portugal,FRA,France,0,0
2024-07-06,ENG,England,SUI,Switzerland,1,1
2024-07-06,NED,Netherlands,TUR,Turkey,2,1
2024-07-06,URU,Uruguay,BRA,Brazil,0,0
2024-07-06,COL,Colombia,PAN,Panama,5,0
2024-07-09,ESP,Spain,FRA,France,2,1
2024-07-09,ARG,Argentina,CAN,Canada,2,0
2024-07-10,NED,Netherlands,ENG,England,1,2
2024-07-10,URU,Uruguay,COL,Colombia,0,1
2024-07-13,CAN,Canada,URU,Uruguay,2,2
2024-07-14,ESP,Spain,ENG,England,2,1
2024-07-14,ARG,Argentina,COL,Colombia,1,0
2024-09-05,POR,Portugal,CRO,Croatia,2,1
2024-09-06,EGY,Egypt,CPV,Cape Verde,3,0
2024-09-06,URU,Uruguay,PAR,Paraguay,0,0
2024-09-06,BRA,Brazil,ECU,Ecuador,1,0
2024-09-07,MEX,Mexico,NZL,New Zealand,3,0
2024-09-07,USA,United States,CAN,Canada,1,2
2024-09-07,NED,Netherlands,BIH,Bosnia and Herzegovina,5,2
2024-09-08,POR,Portugal,SCO,Scotland,2,1
2024-09-08,SUI,Switzerland,ESP,Spain,1,4
2024-09-09,FRA,France,BEL,Belgium,2,0
2024-09-09,NOR,Norway,AUT,Austria,2,1
2024-09-10,MEX,Mexico,CAN,Canada,0,0
2024-09-10,USA,United States,NZL,New Zealand,1,1
2024-09-10,NED,Netherlands,GER,Germany,2,2
2024-09-10,COL,Colombia,ARG,Argentina,2,1
2024-09-10,PAR,Paraguay,BRA,Brazil,1,0
2024-10-10,ECU,Ecuador,PAR,Paraguay,0,0
2024-10-10,UZB,Uzbekistan,IRN,Iran,0,0
2024-10-10,JOR,Jordan,KOR,South Korea,0,2
2024-10-10,KSA,Saudi Arabia,JPN,Japan,0,2
2024-10-11,BIH,Bosnia and Herzegovina,GER,Germany,1,2
2024-10-12,USA,United States,PAN,Panama,2,0
2024-10-12,CRO,Croatia,SCO,Scotland,2,1
2024-10-13,AUT,Austria,NOR,Norway,5,1
2024-10-14,BEL,Belgium,FRA,France,1,2
2024-10-14,GER,Germany,NED,Netherlands,1,0
2024-10-15,CAN,Canada,PAN,Panama,2,1
2024-10-15,MEX,Mexico,USA,United States,2,0
2024-10-15,SCO,Scotland,POR,Portugal,0,0
2024-10-15,URU,Uruguay,ECU,Ecuador,0,0
2024-10-15,IRN,Iran,QAT,Qatar,4,1
2024-10-15,KOR,South Korea,IRQ,Iraq,3,2
2024-10-15,JPN,Japan,AUS,Australia,1,1
2024-11-14,PAR,Paraguay,ARG,Argentina,2,1
2024-11-14,QAT,Qatar,UZB,Uzbekistan,3,2
2024-11-14,IRQ,Iraq,JOR,Jordan,0,0
2024-11-14,AUS,Australia,KSA,Saudi Arabia,0,0
2024-11-15,SCO,Scotland,CRO,Croatia,1,0
2024-11-15,URU,Uruguay,COL,Colombia,3,2
2024-11-15,CPV,Cape Verde,EGY,Egypt,1,1
2024-11-16,GER,Germany,BIH,Bosnia and Herzegovina,7,0
2024-11-18,CRO,Croatia,POR,Portugal,1,1
2024-11-18,ESP,Spain,SUI,Switzerland,3,2
2024-11-19,BIH,Bosnia and Herzegovina,NED,Netherlands,1,1
2024-11-19,COL,Colombia,ECU,Ecuador,0,1
2024-11-19,BRA,Brazil,URU,Uruguay,1,1
2024-12-28,IRQ,Iraq,KSA,Saudi Arabia,1,3
2025-01-22,UZB,Uzbekistan,JOR,Jordan,0,0
2025-03-20,CAN,Canada,MEX,Mexico,0,2
2025-03-20,USA,United States,PAN,Panama,0,1
2025-03-20,CRO,Croatia,FRA,France,2,0
2025-03-20,NED,Netherlands,ESP,Spain,2,2
2025-03-20,BRA,Brazil,COL,Colombia,2,1
2025-03-21,URU,Uruguay,ARG,Argentina,0,1
2025-03-23,USA,United States,CAN,Canada,1,2
2025-03-23,PAN,Panama,MEX,Mexico,1,2
2025-03-23,FRA,France,CRO,Croatia,2,0
2025-03-23,ESP,Spain,NED,Netherlands,3,3
2025-03-25,COL,Colombia,PAR,Paraguay,2,2
2025-03-25,ARG,Argentina,BRA,Brazil,4,1
2025-03-25,IRN,Iran,UZB,Uzbekistan,2,2
2025-03-25,KOR,South Korea,JOR,Jordan,1,1
2025-03-25,JPN,Japan,KSA,Saudi Arabia,0,0
2025-05-30,KSA,Saudi Arabia,JOR,Jordan,2,0
2025-06-04,GER,Germany,POR,Portugal,1,2
2025-06-05,ESP,Spain,FRA,France,5,4
2025-06-05,ECU,Ecuador,BRA,Brazil,0,0
2025-06-05,PAR,Paraguay,URU,Uruguay,2,0
2025-06-05,QAT,Qatar,IRN,Iran,1,0
2025-06-05,IRQ,Iraq,KOR,South Korea,0,2
2025-06-05,AUS,Australia,JPN,Japan,1,0
2025-06-06,MAR,Morocco,TUN,Tunisia,2,0
2025-06-07,MEX,Mexico,SUI,Switzerland,2,4
2025-06-07,USA,United States,TUR,Turkey,1,2
2025-06-07,CIV,Ivory Coast,NZL,New Zealand,0,1
2025-06-08,GER,Germany,FRA,France,0,2
2025-06-08,POR,Portugal,ESP,Spain,2,2
2025-06-09,CRO,Croatia,CZE,Czech Republic,5,1
2025-06-10,ENG,England,SEN,Senegal,1,3
2025-06-10,MEX,Mexico,TUR,Turkey,1,0
2025-06-10,SWE,Sweden,ALG,Algeria,4,3
2025-06-10,USA,United States,SUI,Switzerland,0,4
2025-06-10,ARG,Argentina,COL,Colombia,1,1
2025-06-10,BRA,Brazil,PAR,Paraguay,1,0
2025-06-10,UZB,Uzbekistan,QAT,Qatar,3,0
2025-06-10,JOR,Jordan,IRQ,Iraq,0,1
2025-06-10,KSA,Saudi Arabia,AUS,Australia,1,2
2025-06-10,CAN,Canada,CIV,Ivory Coast,0,0
2025-06-10,HAI,Haiti,CUW,Curaçao,1,5
2025-06-15,HAI,Haiti,KSA,Saudi Arabia,0,1
2025-06-19,USA,United States,KSA,Saudi Arabia,1,0
2025-06-21,CUW,Curaçao,CAN,Canada,1,1
2025-06-22,USA,United States,HAI,Haiti,2,1
2025-06-28,MEX,Mexico,KSA,Saudi Arabia,2,0
2025-07-06,USA,United States,MEX,Mexico,1,2
2025-09-04,PAR,Paraguay,ECU,Ecuador,0,0
2025-09-05,AUS,Australia,NZL,New Zealand,1,0
2025-09-06,MEX,Mexico,JPN,Japan,0,0
2025-09-06,USA,United States,KOR,South Korea,0,2
2025-09-07,TUR,Turkey,ESP,Spain,0,6
2025-09-08,CZE,Czech Republic,KSA,Saudi Arabia,1,1
2025-09-09,MEX,Mexico,KOR,South Korea,2,2
2025-09-09,NZL,New Zealand,AUS,Australia,1,3
2025-09-09,USA,United States,JPN,Japan,2,0
2025-09-09,ECU,Ecuador,ARG,Argentina,1,0
2025-09-09,COD,DR Congo,SEN,Senegal,2,3
2025-09-09,BIH,Bosnia and Herzegovina,AUT,Austria,1,2
2025-10-09,CZE,Czech Republic,CRO,Croatia,0,0
2025-10-10,CAN,Canada,AUS,Australia,0,1
2025-10-10,JPN,Japan,PAR,Paraguay,2,2
2025-10-10,KOR,South Korea,BRA,Brazil,0,5
2025-10-10,USA,United States,ECU,Ecuador,1,1
2025-10-10,SWE,Sweden,SUI,Switzerland,0,2
2025-10-11,MEX,Mexico,COL,Colombia,0,4
2025-10-13,UZB,Uzbekistan,URU,Uruguay,1,2
2025-10-14,JPN,Japan,BRA,Brazil,3,2
2025-10-14,CAN,Canada,COL,Colombia,0,0
2025-10-14,KOR,South Korea,PAR,Paraguay,2,0
2025-10-14,MEX,Mexico,ECU,Ecuador,1,1
2025-10-14,NOR,Norway,NZL,New Zealand,1,1
2025-10-14,USA,United States,AUS,Australia,2,1
2025-10-14,KSA,Saudi Arabia,IRQ,Iraq,0,0
2025-11-13,CAN,Canada,ECU,Ecuador,0,0
2025-11-13,IRN,Iran,CPV,Cape Verde,0,0
2025-11-14,JPN,Japan,GHA,Ghana,2,0
2025-11-14,KSA,Saudi Arabia,CIV,Ivory Coast,1,0
2025-11-14,TUN,Tunisia,JOR,Jordan,3,2
2025-11-14,UZB,Uzbekistan,EGY,Egypt,2,0
2025-11-15,BRA,Brazil,SEN,Senegal,2,0
2025-11-15,COL,Colombia,NZL,New Zealand,2,1
2025-11-15,MEX,Mexico,URU,Uruguay,0,0
2025-11-15,USA,United States,PAR,Paraguay,2,1
2025-11-15,SUI,Switzerland,SWE,Sweden,4,1
2025-11-17,CPV,Cape Verde,EGY,Egypt,1,1
2025-11-18,KSA,Saudi Arabia,ALG,Algeria,0,2
2025-11-18,BRA,Brazil,TUN,Tunisia,1,1
2025-11-18,COL,Colombia,AUS,Australia,3,0
2025-11-18,ECU,Ecuador,NZL,New Zealand,2,0
2025-11-18,KOR,South Korea,GHA,Ghana,1,0
2025-11-18,MEX,Mexico,PAR,Paraguay,1,2
2025-11-18,USA,United States,URU,Uruguay,5,1
2025-11-18,ESP,Spain,TUR,Turkey,2,2
2025-11-18,AUT,Austria,BIH,Bosnia and Herzegovina,1,1
2025-11-18,IRN,Iran,UZB,Uzbekistan,0,0
2025-12-07,QAT,Qatar,TUN,Tunisia,0,3
2025-12-08,MAR,Morocco,KSA,Saudi Arabia,1,0
2025-12-09,EGY,Egypt,JOR,Jordan,0,3
2025-12-09,ALG,Algeria,IRQ,Iraq,2,0
2025-12-12,JOR,Jordan,IRQ,Iraq,1,0
2025-12-15,KSA,Saudi Arabia,JOR,Jordan,0,1
2025-12-18,JOR,Jordan,MAR,Morocco,2,3
2025-12-26,EGY,Egypt,RSA,South Africa,1,0
2025-12-27,SEN,Senegal,COD,DR Congo,1,1
2026-01-06,ALG,Algeria,COD,DR Congo,1,0
2026-01-10,EGY,Egypt,CIV,Ivory Coast,3,2
2026-01-14,SEN,Senegal,EGY,Egypt,1,0
2026-01-18,MAR,Morocco,SEN,Senegal,3,0
2026-01-22,PAN,Panama,MEX,Mexico,0,1
2026-03-26,BRA,Brazil,FRA,France,1,2
2026-03-26,COL,Colombia,CRO,Croatia,1,2
2026-03-27,AUT,Austria,GHA,Ghana,5,1
2026-03-27,ENG,England,URU,Uruguay,1,1
2026-03-27,MAR,Morocco,ECU,Ecuador,1,1
2026-03-27,NED,Netherlands,NOR,Norway,2,1
2026-03-27,KSA,Saudi Arabia,EGY,Egypt,0,4
2026-03-27,RSA,South Africa,PAN,Panama,1,1
2026-03-27,SUI,Switzerland,GER,Germany,3,4
2026-03-28,HAI,Haiti,TUN,Tunisia,0,1
2026-03-28,CIV,Ivory Coast,KOR,South Korea,4,0
2026-03-28,MEX,Mexico,POR,Portugal,0,0
2026-03-28,SCO,Scotland,JPN,Japan,0,1
2026-03-28,USA,United States,BEL,Belgium,2,5
2026-03-29,COL,Colombia,FRA,France,1,3
2026-03-30,GER,Germany,GHA,Ghana,2,1
2026-03-31,ALG,Algeria,URU,Uruguay,0,0
2026-03-31,AUT,Austria,KOR,South Korea,1,0
2026-03-31,BRA,Brazil,CRO,Croatia,3,1
2026-03-31,CAN,Canada,TUN,Tunisia,0,0
2026-03-31,ENG,England,JPN,Japan,0,1
2026-03-31,CIV,Ivory Coast,SCO,Scotland,1,0
2026-03-31,MEX,Mexico,BEL,Belgium,1,1
2026-03-31,MAR,Morocco,PAR,Paraguay,2,1
2026-03-31,NED,Netherlands,ECU,Ecuador,1,1
2026-03-31,NOR,Norway,SUI,Switzerland,0,0
2026-03-31,RSA,South Africa,PAN,Panama,1,2
2026-03-31,ESP,Spain,EGY,Egypt,0,0
2026-03-31,USA,United States,POR,Portugal,0,2
2026-03-31,AUS,Australia,CUW,Curaçao,5,1
2026-05-22,MEX,Mexico,GHA,Ghana,2,0
2026-05-30,ECU,Ecuador,KSA,Saudi Arabia,2,1
2026-05-30,MEX,Mexico,AUS,Australia,1,0
2026-05-30,SCO,Scotland,CUW,Curaçao,4,1
2026-05-31,BRA,Brazil,PAN,Panama,6,2
2026-05-31,SUI,Switzerland,JOR,Jordan,4,1
2026-05-31,USA,United States,SEN,Senegal,3,2
2026-06-01,AUT,Austria,TUN,Tunisia,1,0
2026-06-01,CAN,Canada,UZB,Uzbekistan,2,0
2026-06-01,NOR,Norway,SWE,Sweden,3,1
2026-06-02,CRO,Croatia,BEL,Belgium,0,2
2026-06-02,HAI,Haiti,NZL,New Zealand,4,0
2026-06-03,NED,Netherlands,ALG,Algeria,0,1
